InputID,ComputedRoomID,RoomName
0,40000,N/A
1,40001,N/A
2,40002,N/A
3,40003,N/A
4,40004,N/A
5,40005,N/A
6,40006,N/A
7,40007,N/A
8,40008,N/A
9,40009,N/A
10,40010,N/A
11,40011,N/A
12,40012,PLACE_CONTACT
13,40013,room_krisroom
14,40014,room_krishallway
15,40015,room_torroom
16,40016,room_torhouse
17,40017,room_torbathroom
18,40018,room_town_krisyard
19,40019,room_town_northwest
20,40020,room_town_north
21,40021,room_beach
22,40022,room_town_mid
23,40023,room_town_apartments
24,40024,room_town_south
25,40025,room_town_school
26,40026,room_town_church
27,40027,room_graveyard
28,40028,room_town_shelter
29,40029,room_hospital_lobby
30,40030,room_hospital_hallway
31,40031,room_hospital_rudy
32,40032,room_hospital_room2
33,40033,room_diner
34,40034,room_townhall
35,40035,room_flowershop_1f
36,40036,room_flowershop_2f
37,40037,room_library
38,40038,room_alphysalley
39,40039,room_lw_computer_lab
40,40040,room_lw_library_upstairs
41,40041,room_lw_police
42,40042,room_lw_conbini
43,40043,room_lw_icee_pizza
44,40044,room_torielclass
45,40045,room_schoollobby
46,40046,room_alphysclass
47,40047,room_schooldoor
48,40048,room_insidecloset
49,40049,room_school_unusedroom
50,40050,room_castle_tutorial
51,40051,room_dw_castle_east_door
52,40052,room_dw_castle_west_cliff
53,40053,room_dw_castle_area_1
54,40054,room_dw_castle_town
55,40055,room_dw_ralsei_castle_front
56,40056,room_dw_castle_restaurant
57,40057,room_dw_castle_cafe
58,40058,room_dw_castle_dojo
59,40059,room_dw_ralsei_castle_1f
60,40060,room_dw_ralsei_castle_2f
61,40061,room_dw_ralsei_castle_3f
62,40062,room_dw_castle_dungeon
63,40063,room_dw_castle_rooms_kris
64,40064,room_dw_castle_rooms_susie
65,40065,room_dw_castle_rooms_ralsei
66,40066,PLACE_DOG
67,40067,room_legend
68,40068,room_legend_neo
69,40069,room_shop1
70,40070,room_shop_music
71,40071,room_gameover
72,40072,PLACE_LOGO
73,40073,PLACE_FAILURE
74,40074,PLACE_NAMING_JIKKEN
75,40075,PLACE_MENU
76,40076,room_ed
77,40077,room_empty
78,40078,room_DARKempty
79,40079,room_DARKbase_GMS2
80,40080,room_cc_lancer
81,40081,room_cc_clover
82,40082,room_cc_fountain
83,40083,PLACE_DOGCHECK2
84,40084,room_debug_smallface_dark
85,40085,room_debug_smallface
86,40086,room_debug_choicer_dark
87,40087,room_debug_choicer_light
88,40088,room_debug_battleBalloon
89,40089,room_overworldBulletEnemyTest
90,40090,room_lerptest
91,40091,room_bullettest
92,40092,room_bullettest_new
93,40093,room_animexampletest
94,40094,rm_blank
95,40095,room_climbtest
96,40096,room_chapter_continue
97,40097,N/A
98,40098,room_towery_tester
99,40099,room_animtest
100,40100,PLACE_DOGCHECK_CH5
101,40101,room_darkbulbTest
102,40102,room_dw_fcastle_shadowplatformTest
103,40103,room_plat_lab
104,40104,room_lw_church_choir
105,40105,room_lw_church_entrance
106,40106,room_lw_church_main
107,40107,room_lw_church_office
108,40108,room_lw_noellehouse_dess
109,40109,room_town_noellehouse
110,40110,room_dw_rhythm
111,40111,room_dw_rhythm_countdown
112,40112,room_dw_rhythm_empty
113,40113,room_rhythmgame_editor
114,40114,room_dw_castle_tv
115,40115,room_dw_castle_tv_rhythm
116,40116,room_dw_castle_church_entrance
117,40117,room_dw_castle_church_climb
118,40118,room_dw_ralsei_castle_basketball
119,40119,room_shop_ch5
120,40120,room_dw_garden_meetflowery
121,40121,room_dw_garden_video
122,40122,room_dw_garden_intro
123,40123,room_dw_garden_ralseicupboard
124,40124,room_dw_garden_floradinnencounter
125,40125,room_dw_garden_hospital
126,40126,room_dw_garden_fishingspot
127,40127,room_dw_garden_shearydodge
128,40128,room_dw_garden_hopschef
129,40129,room_dw_garden_platshortcut
130,40130,room_dw_garden_riverchest
131,40131,room_dw_garden_enemyrush
132,40132,room_dw_garden_pedestal
133,40133,room_dw_garden_mushrooms
134,40134,room_dw_garden_flowerygardening
135,40135,room_dw_garden_diner
136,40136,room_dw_garden_starwalkerdash
137,40137,room_dw_garden_hardpressureplates
138,40138,room_dw_garden_aqua
139,40139,room_dw_garden_finalplatforming
140,40140,room_dw_garden_finalplatforming_right
141,40141,room_dw_garden_wateringcan_aqua
142,40142,room_dw_garden_aquadarkness
143,40143,room_dw_garden_aquahole
144,40144,room_dw_garden_aquashrine
145,40145,room_dw_garden_aquaplatforming
146,40146,room_dw_garden_cliffexit
147,40147,room_dw_garden_susiechase
148,40148,room_dw_garden_newdash
149,40149,room_dw_garden_shearyguide
150,40150,room_dw_pink_encounter
151,40151,room_dw_garden_aquatransition
152,40152,room_dw_garden_aquadash
153,40153,room_dw_garden_aquahole_left
154,40154,room_dw_garden_firstdash
155,40155,room_dw_garden_aquadash_plat
156,40156,room_dw_cliff_gardentransition_new
157,40157,room_dw_cliff_climbrefresher
158,40158,room_dw_cliff_cutdown_tutorial
159,40159,room_dw_cliff_bunnyfarm
160,40160,room_dw_cliff_silver_hammer
161,40161,room_dw_cliff_dash_runner
162,40162,room_dw_cliff_seth_miniboss
163,40163,room_dw_cliff_shop
164,40164,room_dw_cliff_netskieclimb
165,40165,room_dw_cliff_finaldash
166,40166,room_dw_cliff_yellowcave
167,40167,room_dw_cliff_shicave
168,40168,room_dw_cliff_verticalwind
169,40169,room_dw_cliff_sethaqua_battle
170,40170,room_dw_cliff_verticalwind_post
171,40171,room_dw_cliff_netskieclimb_behind
172,40172,room_dw_cliff_eastcliff
173,40173,room_dw_cliff_bonuscombat
174,40174,room_dw_cliff_twirlflowerplatforming
175,40175,room_dw_cliff_kawkawdash
176,40176,room_dw_cliff_precipice
177,40177,room_dw_cliff_twirlflowerwind
178,40178,N/A
179,40179,room_dogplatforming
180,40180,room_dw_fcastle_entrance
181,40181,room_dw_fcastle_cafe
182,40182,room_dw_fcastle_foyer
183,40183,room_dw_fcastle_post_party_jail
184,40184,room_dw_fcastle_shinobeetle_encounter
185,40185,room_dw_fcastle_left_wing_floweryscene
186,40186,room_dw_fcastle_bounce_1
187,40187,room_dw_fcastle_left_twodoors
188,40188,room_dw_fcastle_yellow_miniboss
189,40189,room_dw_fcastle_sandtrap
190,40190,room_dw_fcastle_dangerous_platforming
191,40191,room_dw_fcastle_blueroom
192,40192,room_dw_fcastle_yellowjail
193,40193,room_dw_fcastle_onsen
194,40194,room_dw_fcastle_left_penultimate
195,40195,room_dw_flowery_tree
196,40196,room_dw_fcastle_bounce_3
197,40197,room_dw_fcastle_shinobeetle_3d
198,40198,room_dw_fcastle_heldmushrooms
199,40199,room_dw_fcastle_flowerydash
200,40200,room_dw_fcastle_partyjail
201,40201,room_dw_fcastle_terracotta_encounter
202,40202,room_dw_fcastle_terracotta_bonus
203,40203,room_dw_fcastle_fusumadodge
204,40204,room_dw_fcastle_right_wing_floweryscene
205,40205,room_dw_fcastle_orange_puppet_introduction
206,40206,room_dw_fcastle_gloves_tower
207,40207,room_dw_fcastle_second_diner
208,40208,room_dw_fcastle_obscured_bullets
209,40209,room_dw_fcastle_foxhunt
210,40210,room_dw_fcastle_right_penultimate
211,40211,room_dw_fcastle_green_orange_battle
212,40212,room_dw_fcastle_right_endingscene
213,40213,room_dw_fcastle_right_puzzle
214,40214,room_dw_castle_music
215,40215,room_man
216,40216,room_dw_dogballoon
217,40217,room_dw_fcastle_orange_gauntlet
218,40218,room_dw_fcastle_sidepuzzle
219,40219,room_dw_castle_tv_mike
220,40220,room_dw_fcastle_zenlooker
221,40221,room_dw_fcastle_trainroom
222,40222,room_dw_post_flowery_battle
223,40223,room_dw_fcastle_flowerclimb
224,40224,room_dw_fcastle_top_intro
225,40225,room_dw_fcastle_top_staircase_1
226,40226,room_dw_fcastle_ultradash
227,40227,room_dw_fcastle_yellowblue
228,40228,room_dw_fcastle_top_entrance
229,40229,room_dw_fcastle_top_staircase_2
230,40230,room_dw_fcastle_green_checkpoint
231,40231,room_dw_fcastle_final_save
232,40232,room_dw_fcastle_flowery
233,40233,room_dw_fcastle_seth_encounter
234,40234,room_dw_fcastle_top_descent
235,40235,room_dw_fcastle_top_pinkdoor
236,40236,room_dw_fcastle_pinkroom
237,40237,room_dw_fcastle_top_fountain
238,40238,room_dw_post_fountain_close
239,40239,room_dw_fcastle_pinkshop
240,40240,room_dw_fcastle_foxhunt_terakota
241,40241,room_dw_fcastle_foxhunt_socks
242,40242,room_dw_fcastle_foxhunt_chaos
243,40243,room_dw_fcastle_foxhunt_secret
244,40244,room_dw_castle_tv_kikky
245,40245,N/A
246,40246,room_dw_fcastle_terracotta_puzzle
247,40247,room_dw_fcastle_bromides
248,40248,room_dw_fcastle_top_ascent
249,40249,room_dw_fcastle_top_challenge
250,40250,N/A
251,40251,N/A
252,40252,N/A
253,40253,N/A
254,40254,N/A
255,40255,N/A
256,40256,N/A
257,40257,N/A
258,40258,N/A
259,40259,N/A
260,40260,N/A
261,40261,N/A
262,40262,N/A
263,40263,N/A
264,40264,N/A
265,40265,N/A
266,40266,N/A
267,40267,N/A
268,40268,N/A
269,40269,N/A
270,40270,N/A
271,40271,N/A
272,40272,N/A
273,40273,N/A
274,40274,N/A
275,40275,N/A
276,40276,N/A
277,40277,N/A
278,40278,N/A
279,40279,N/A
280,40280,N/A
281,40281,N/A
282,40282,N/A
283,40283,N/A
284,40284,N/A
285,40285,N/A
286,40286,N/A
287,40287,N/A
288,40288,N/A
289,40289,N/A
290,40290,N/A
291,40291,N/A
292,40292,N/A
293,40293,N/A
294,40294,N/A
295,40295,N/A
296,40296,N/A
297,40297,N/A
298,40298,N/A
299,40299,N/A
300,40300,N/A
301,40301,N/A
302,40302,N/A
303,40303,N/A
304,40304,N/A
305,40305,N/A
306,40306,N/A
307,40307,N/A
308,40308,N/A
309,40309,N/A
310,40310,N/A
311,40311,N/A
312,40312,N/A
313,40313,N/A
314,40314,N/A
315,40315,N/A
316,40316,N/A
317,40317,N/A
318,40318,N/A
319,40319,N/A
320,40320,N/A
321,40321,N/A
322,40322,N/A
323,40323,N/A
324,40324,N/A
325,40325,N/A
326,40326,N/A
327,40327,N/A
328,40328,N/A
329,40329,N/A
330,40330,N/A
331,40331,N/A
332,40332,N/A
333,40333,N/A
334,40334,N/A
335,40335,N/A
336,40336,N/A
337,40337,N/A
338,40338,N/A
339,40339,N/A
340,40340,N/A
341,40341,N/A
342,40342,N/A
343,40343,N/A
344,40344,N/A
345,40345,N/A
346,40346,N/A
347,40347,N/A
348,40348,N/A
349,40349,N/A
350,40350,N/A
351,40351,N/A
352,40352,N/A
353,40353,N/A
354,40354,N/A
355,40355,N/A
356,40356,N/A
357,40357,N/A
358,40358,N/A
359,40359,N/A
360,40360,N/A
361,40361,N/A
362,40362,N/A
363,40363,N/A
364,40364,N/A
365,40365,N/A
366,40366,N/A
367,40367,N/A
368,40368,N/A
369,40369,N/A
370,40370,N/A
371,40371,N/A
372,40372,N/A
373,40373,N/A
374,40374,N/A
375,40375,N/A
376,40376,N/A
377,40377,N/A
378,40378,N/A
379,40379,N/A
380,40380,N/A
381,40381,N/A
382,40382,N/A
383,40383,N/A
384,40384,N/A
385,40385,N/A
386,40386,N/A
387,40387,N/A
388,40388,N/A
389,40389,N/A
390,40390,N/A
391,40391,N/A
392,40392,N/A
393,40393,N/A
394,40394,N/A
395,40395,N/A
396,40396,N/A
397,40397,N/A
398,40398,N/A
399,40399,N/A
400,40400,N/A
401,40401,N/A
402,40402,N/A
403,40403,N/A
404,40404,N/A
405,40405,N/A
406,40406,N/A
407,40407,N/A
408,40408,N/A
409,40409,N/A
410,40410,N/A
411,40411,N/A
412,40412,N/A
413,40413,N/A
414,40414,N/A
415,40415,N/A
416,40416,N/A
417,40417,N/A
418,40418,N/A
419,40419,N/A
420,40420,N/A
421,40421,N/A
422,40422,N/A
423,40423,N/A
424,40424,N/A
425,40425,N/A
426,40426,N/A
427,40427,N/A
428,40428,N/A
429,40429,N/A
430,40430,N/A
431,40431,N/A
432,40432,N/A
433,40433,N/A
434,40434,N/A
435,40435,N/A
436,40436,N/A
437,40437,N/A
438,40438,N/A
439,40439,N/A
440,40440,N/A
441,40441,N/A
442,40442,N/A
443,40443,N/A
444,40444,N/A
445,40445,N/A
446,40446,N/A
447,40447,N/A
448,40448,N/A
449,40449,N/A
450,40450,N/A
451,40451,N/A
452,40452,N/A
453,40453,N/A
454,40454,N/A
455,40455,N/A
456,40456,N/A
457,40457,N/A
458,40458,N/A
459,40459,N/A
460,40460,N/A
461,40461,N/A
462,40462,N/A
463,40463,N/A
464,40464,N/A
465,40465,N/A
466,40466,N/A
467,40467,N/A
468,40468,N/A
469,40469,N/A
470,40470,N/A
471,40471,N/A
472,40472,N/A
473,40473,N/A
474,40474,N/A
475,40475,N/A
476,40476,N/A
477,40477,N/A
478,40478,N/A
479,40479,N/A
480,40480,N/A
481,40481,N/A
482,40482,N/A
483,40483,N/A
484,40484,N/A
485,40485,N/A
486,40486,N/A
487,40487,N/A
488,40488,N/A
489,40489,N/A
490,40490,N/A
491,40491,N/A
492,40492,N/A
493,40493,N/A
494,40494,N/A
495,40495,N/A
496,40496,N/A
497,40497,N/A
498,40498,N/A
499,40499,N/A
500,40500,N/A
501,40501,N/A
502,40502,N/A
503,40503,N/A
504,40504,N/A
505,40505,N/A
506,40506,N/A
507,40507,N/A
508,40508,N/A
509,40509,N/A
510,40510,N/A
511,40511,N/A
512,40512,N/A
513,40513,N/A
514,40514,N/A
515,40515,N/A
516,40516,N/A
517,40517,N/A
518,40518,N/A
519,40519,N/A
520,40520,N/A
521,40521,N/A
522,40522,N/A
523,40523,N/A
524,40524,N/A
525,40525,N/A
526,40526,N/A
527,40527,N/A
528,40528,N/A
529,40529,N/A
530,40530,N/A
531,40531,N/A
532,40532,N/A
533,40533,N/A
534,40534,N/A
535,40535,N/A
536,40536,N/A
537,40537,N/A
538,40538,N/A
539,40539,N/A
540,40540,N/A
541,40541,N/A
542,40542,N/A
543,40543,N/A
544,40544,N/A
545,40545,N/A
546,40546,N/A
547,40547,N/A
548,40548,N/A
549,40549,N/A
550,40550,N/A
551,40551,N/A
552,40552,N/A
553,40553,N/A
554,40554,N/A
555,40555,N/A
556,40556,N/A
557,40557,N/A
558,40558,N/A
559,40559,N/A
560,40560,N/A
561,40561,N/A
562,40562,N/A
563,40563,N/A
564,40564,N/A
565,40565,N/A
566,40566,N/A
567,40567,N/A
568,40568,N/A
569,40569,N/A
570,40570,N/A
571,40571,N/A
572,40572,N/A
573,40573,N/A
574,40574,N/A
575,40575,N/A
576,40576,N/A
577,40577,N/A
578,40578,N/A
579,40579,N/A
580,40580,N/A
581,40581,N/A
582,40582,N/A
583,40583,N/A
584,40584,N/A
585,40585,N/A
586,40586,N/A
587,40587,N/A
588,40588,N/A
589,40589,N/A
590,40590,N/A
591,40591,N/A
592,40592,N/A
593,40593,N/A
594,40594,N/A
595,40595,N/A
596,40596,N/A
597,40597,N/A
598,40598,N/A
599,40599,N/A
600,40600,N/A
601,40601,N/A
602,40602,N/A
603,40603,N/A
604,40604,N/A
605,40605,N/A
606,40606,N/A
607,40607,N/A
608,40608,N/A
609,40609,N/A
610,40610,N/A
611,40611,N/A
612,40612,N/A
613,40613,N/A
614,40614,N/A
615,40615,N/A
616,40616,N/A
617,40617,N/A
618,40618,N/A
619,40619,N/A
620,40620,N/A
621,40621,N/A
622,40622,N/A
623,40623,N/A
624,40624,N/A
625,40625,N/A
626,40626,N/A
627,40627,N/A
628,40628,N/A
629,40629,N/A
630,40630,N/A
631,40631,N/A
632,40632,N/A
633,40633,N/A
634,40634,N/A
635,40635,N/A
636,40636,N/A
637,40637,N/A
638,40638,N/A
639,40639,N/A
640,40640,N/A
641,40641,N/A
642,40642,N/A
643,40643,N/A
644,40644,N/A
645,40645,N/A
646,40646,N/A
647,40647,N/A
648,40648,N/A
649,40649,N/A
650,40650,N/A
651,40651,N/A
652,40652,N/A
653,40653,N/A
654,40654,N/A
655,40655,N/A
656,40656,N/A
657,40657,N/A
658,40658,N/A
659,40659,N/A
660,40660,N/A
661,40661,N/A
662,40662,N/A
663,40663,N/A
664,40664,N/A
665,40665,N/A
666,40666,N/A
667,40667,N/A
668,40668,N/A
669,40669,N/A
670,40670,N/A
671,40671,N/A
672,40672,N/A
673,40673,N/A
674,40674,N/A
675,40675,N/A
676,40676,N/A
677,40677,N/A
678,40678,N/A
679,40679,N/A
680,40680,N/A
681,40681,N/A
682,40682,N/A
683,40683,N/A
684,40684,N/A
685,40685,N/A
686,40686,N/A
687,40687,N/A
688,40688,N/A
689,40689,N/A
690,40690,N/A
691,40691,N/A
692,40692,N/A
693,40693,N/A
694,40694,N/A
695,40695,N/A
696,40696,N/A
697,40697,N/A
698,40698,N/A
699,40699,N/A
700,40700,N/A
701,40701,N/A
702,40702,N/A
703,40703,N/A
704,40704,N/A
705,40705,N/A
706,40706,N/A
707,40707,N/A
708,40708,N/A
709,40709,N/A
710,40710,N/A
711,40711,N/A
712,40712,N/A
713,40713,N/A
714,40714,N/A
715,40715,N/A
716,40716,N/A
717,40717,N/A
718,40718,N/A
719,40719,N/A
720,40720,N/A
721,40721,N/A
722,40722,N/A
723,40723,N/A
724,40724,N/A
725,40725,N/A
726,40726,N/A
727,40727,N/A
728,40728,N/A
729,40729,N/A
730,40730,N/A
731,40731,N/A
732,40732,N/A
733,40733,N/A
734,40734,N/A
735,40735,N/A
736,40736,N/A
737,40737,N/A
738,40738,N/A
739,40739,N/A
740,40740,N/A
741,40741,N/A
742,40742,N/A
743,40743,N/A
744,40744,N/A
745,40745,N/A
746,40746,N/A
747,40747,N/A
748,40748,N/A
749,40749,N/A
750,40750,N/A
751,40751,N/A
752,40752,N/A
753,40753,N/A
754,40754,N/A
755,40755,N/A
756,40756,N/A
757,40757,N/A
758,40758,N/A
759,40759,N/A
760,40760,N/A
761,40761,N/A
762,40762,N/A
763,40763,N/A
764,40764,N/A
765,40765,N/A
766,40766,N/A
767,40767,N/A
768,40768,N/A
769,40769,N/A
770,40770,N/A
771,40771,N/A
772,40772,N/A
773,40773,N/A
774,40774,N/A
775,40775,N/A
776,40776,N/A
777,40777,N/A
778,40778,N/A
779,40779,N/A
780,40780,N/A
781,40781,N/A
782,40782,N/A
783,40783,N/A
784,40784,N/A
785,40785,N/A
786,40786,N/A
787,40787,N/A
788,40788,N/A
789,40789,N/A
790,40790,N/A
791,40791,N/A
792,40792,N/A
793,40793,N/A
794,40794,N/A
795,40795,N/A
796,40796,N/A
797,40797,N/A
798,40798,N/A
799,40799,N/A
800,40800,N/A
801,40801,N/A
802,40802,N/A
803,40803,N/A
804,40804,N/A
805,40805,N/A
806,40806,N/A
807,40807,N/A
808,40808,N/A
809,40809,N/A
810,40810,N/A
811,40811,N/A
812,40812,N/A
813,40813,N/A
814,40814,N/A
815,40815,N/A
816,40816,N/A
817,40817,N/A
818,40818,N/A
819,40819,N/A
820,40820,N/A
821,40821,N/A
822,40822,N/A
823,40823,N/A
824,40824,N/A
825,40825,N/A
826,40826,N/A
827,40827,N/A
828,40828,N/A
829,40829,N/A
830,40830,N/A
831,40831,N/A
832,40832,N/A
833,40833,N/A
834,40834,N/A
835,40835,N/A
836,40836,N/A
837,40837,N/A
838,40838,N/A
839,40839,N/A
840,40840,N/A
841,40841,N/A
842,40842,N/A
843,40843,N/A
844,40844,N/A
845,40845,N/A
846,40846,N/A
847,40847,N/A
848,40848,N/A
849,40849,N/A
850,40850,N/A
851,40851,N/A
852,40852,N/A
853,40853,N/A
854,40854,N/A
855,40855,N/A
856,40856,N/A
857,40857,N/A
858,40858,N/A
859,40859,N/A
860,40860,N/A
861,40861,N/A
862,40862,N/A
863,40863,N/A
864,40864,N/A
865,40865,N/A
866,40866,N/A
867,40867,N/A
868,40868,N/A
869,40869,N/A
870,40870,N/A
871,40871,N/A
872,40872,N/A
873,40873,N/A
874,40874,N/A
875,40875,N/A
876,40876,N/A
877,40877,N/A
878,40878,N/A
879,40879,N/A
880,40880,N/A
881,40881,N/A
882,40882,N/A
883,40883,N/A
884,40884,N/A
885,40885,N/A
886,40886,N/A
887,40887,N/A
888,40888,N/A
889,40889,N/A
890,40890,N/A
891,40891,N/A
892,40892,N/A
893,40893,N/A
894,40894,N/A
895,40895,N/A
896,40896,N/A
897,40897,N/A
898,40898,N/A
899,40899,N/A
900,40900,N/A
901,40901,N/A
902,40902,N/A
903,40903,N/A
904,40904,N/A
905,40905,N/A
906,40906,N/A
907,40907,N/A
908,40908,N/A
909,40909,N/A
910,40910,N/A
911,40911,N/A
912,40912,N/A
913,40913,N/A
914,40914,N/A
915,40915,N/A
916,40916,N/A
917,40917,N/A
918,40918,N/A
919,40919,N/A
920,40920,N/A
921,40921,N/A
922,40922,N/A
923,40923,N/A
924,40924,N/A
925,40925,N/A
926,40926,N/A
927,40927,N/A
928,40928,N/A
929,40929,N/A
930,40930,N/A
931,40931,N/A
932,40932,N/A
933,40933,N/A
934,40934,N/A
935,40935,N/A
936,40936,N/A
937,40937,N/A
938,40938,N/A
939,40939,N/A
940,40940,N/A
941,40941,N/A
942,40942,N/A
943,40943,N/A
944,40944,N/A
945,40945,N/A
946,40946,N/A
947,40947,N/A
948,40948,N/A
949,40949,N/A
950,40950,N/A
951,40951,N/A
952,40952,N/A
953,40953,N/A
954,40954,N/A
955,40955,N/A
956,40956,N/A
957,40957,N/A
958,40958,N/A
959,40959,N/A
960,40960,N/A
961,40961,N/A
962,40962,N/A
963,40963,N/A
964,40964,N/A
965,40965,N/A
966,40966,N/A
967,40967,N/A
968,40968,N/A
969,40969,N/A
970,40970,N/A
971,40971,N/A
972,40972,N/A
973,40973,N/A
974,40974,N/A
975,40975,N/A
976,40976,N/A
977,40977,N/A
978,40978,N/A
979,40979,N/A
980,40980,N/A
981,40981,N/A
982,40982,N/A
983,40983,N/A
984,40984,N/A
985,40985,N/A
986,40986,N/A
987,40987,N/A
988,40988,N/A
989,40989,N/A
990,40990,N/A
991,40991,N/A
992,40992,N/A
993,40993,N/A
994,40994,N/A
995,40995,N/A
996,40996,N/A
997,40997,N/A
998,40998,N/A
999,40999,N/A
1000,41000,N/A
1001,41001,N/A
1002,41002,N/A
1003,41003,N/A
1004,41004,N/A
1005,41005,N/A
1006,41006,N/A
1007,41007,N/A
1008,41008,N/A
1009,41009,N/A
1010,41010,N/A
1011,41011,N/A
1012,41012,N/A
1013,41013,N/A
1014,41014,N/A
1015,41015,N/A
1016,41016,N/A
1017,41017,N/A
1018,41018,N/A
1019,41019,N/A
1020,41020,N/A
1021,41021,N/A
1022,41022,N/A
1023,41023,N/A
1024,41024,N/A
1025,41025,N/A
1026,41026,N/A
1027,41027,N/A
1028,41028,N/A
1029,41029,N/A
1030,41030,N/A
1031,41031,N/A
1032,41032,N/A
1033,41033,N/A
1034,41034,N/A
1035,41035,N/A
1036,41036,N/A
1037,41037,N/A
1038,41038,N/A
1039,41039,N/A
1040,41040,N/A
1041,41041,N/A
1042,41042,N/A
1043,41043,N/A
1044,41044,N/A
1045,41045,N/A
1046,41046,N/A
1047,41047,N/A
1048,41048,N/A
1049,41049,N/A
1050,41050,N/A
1051,41051,N/A
1052,41052,N/A
1053,41053,N/A
1054,41054,N/A
1055,41055,N/A
1056,41056,N/A
1057,41057,N/A
1058,41058,N/A
1059,41059,N/A
1060,41060,N/A
1061,41061,N/A
1062,41062,N/A
1063,41063,N/A
1064,41064,N/A
1065,41065,N/A
1066,41066,N/A
1067,41067,N/A
1068,41068,N/A
1069,41069,N/A
1070,41070,N/A
1071,41071,N/A
1072,41072,N/A
1073,41073,N/A
1074,41074,N/A
1075,41075,N/A
1076,41076,N/A
1077,41077,N/A
1078,41078,N/A
1079,41079,N/A
1080,41080,N/A
1081,41081,N/A
1082,41082,N/A
1083,41083,N/A
1084,41084,N/A
1085,41085,N/A
1086,41086,N/A
1087,41087,N/A
1088,41088,N/A
1089,41089,N/A
1090,41090,N/A
1091,41091,N/A
1092,41092,N/A
1093,41093,N/A
1094,41094,N/A
1095,41095,N/A
1096,41096,N/A
1097,41097,N/A
1098,41098,N/A
1099,41099,N/A
1100,41100,N/A
1101,41101,N/A
1102,41102,N/A
1103,41103,N/A
1104,41104,N/A
1105,41105,N/A
1106,41106,N/A
1107,41107,N/A
1108,41108,N/A
1109,41109,N/A
1110,41110,N/A
1111,41111,N/A
1112,41112,N/A
1113,41113,N/A
1114,41114,N/A
1115,41115,N/A
1116,41116,N/A
1117,41117,N/A
1118,41118,N/A
1119,41119,N/A
1120,41120,N/A
1121,41121,N/A
1122,41122,N/A
1123,41123,N/A
1124,41124,N/A
1125,41125,N/A
1126,41126,N/A
1127,41127,N/A
1128,41128,N/A
1129,41129,N/A
1130,41130,N/A
1131,41131,N/A
1132,41132,N/A
1133,41133,N/A
1134,41134,N/A
1135,41135,N/A
1136,41136,N/A
1137,41137,N/A
1138,41138,N/A
1139,41139,N/A
1140,41140,N/A
1141,41141,N/A
1142,41142,N/A
1143,41143,N/A
1144,41144,N/A
1145,41145,N/A
1146,41146,N/A
1147,41147,N/A
1148,41148,N/A
1149,41149,N/A
1150,41150,N/A
1151,41151,N/A
1152,41152,N/A
1153,41153,N/A
1154,41154,N/A
1155,41155,N/A
1156,41156,N/A
1157,41157,N/A
1158,41158,N/A
1159,41159,N/A
1160,41160,N/A
1161,41161,N/A
1162,41162,N/A
1163,41163,N/A
1164,41164,N/A
1165,41165,N/A
1166,41166,N/A
1167,41167,N/A
1168,41168,N/A
1169,41169,N/A
1170,41170,N/A
1171,41171,N/A
1172,41172,N/A
1173,41173,N/A
1174,41174,N/A
1175,41175,N/A
1176,41176,N/A
1177,41177,N/A
1178,41178,N/A
1179,41179,N/A
1180,41180,N/A
1181,41181,N/A
1182,41182,N/A
1183,41183,N/A
1184,41184,N/A
1185,41185,N/A
1186,41186,N/A
1187,41187,N/A
1188,41188,N/A
1189,41189,N/A
1190,41190,N/A
1191,41191,N/A
1192,41192,N/A
1193,41193,N/A
1194,41194,N/A
1195,41195,N/A
1196,41196,N/A
1197,41197,N/A
1198,41198,N/A
1199,41199,N/A
1200,41200,N/A
1201,41201,N/A
1202,41202,N/A
1203,41203,N/A
1204,41204,N/A
1205,41205,N/A
1206,41206,N/A
1207,41207,N/A
1208,41208,N/A
1209,41209,N/A
1210,41210,N/A
1211,41211,N/A
1212,41212,N/A
1213,41213,N/A
1214,41214,N/A
1215,41215,N/A
1216,41216,N/A
1217,41217,N/A
1218,41218,N/A
1219,41219,N/A
1220,41220,N/A
1221,41221,N/A
1222,41222,N/A
1223,41223,N/A
1224,41224,N/A
1225,41225,N/A
1226,41226,N/A
1227,41227,N/A
1228,41228,N/A
1229,41229,N/A
1230,41230,N/A
1231,41231,N/A
1232,41232,N/A
1233,41233,N/A
1234,41234,N/A
1235,41235,N/A
1236,41236,N/A
1237,41237,N/A
1238,41238,N/A
1239,41239,N/A
1240,41240,N/A
1241,41241,N/A
1242,41242,N/A
1243,41243,N/A
1244,41244,N/A
1245,41245,N/A
1246,41246,N/A
1247,41247,N/A
1248,41248,N/A
1249,41249,N/A
1250,41250,N/A
1251,41251,N/A
1252,41252,N/A
1253,41253,N/A
1254,41254,N/A
1255,41255,N/A
1256,41256,N/A
1257,41257,N/A
1258,41258,N/A
1259,41259,N/A
1260,41260,N/A
1261,41261,N/A
1262,41262,N/A
1263,41263,N/A
1264,41264,N/A
1265,41265,N/A
1266,41266,N/A
1267,41267,N/A
1268,41268,N/A
1269,41269,N/A
1270,41270,N/A
1271,41271,N/A
1272,41272,N/A
1273,41273,N/A
1274,41274,N/A
1275,41275,N/A
1276,41276,N/A
1277,41277,N/A
1278,41278,N/A
1279,41279,N/A
1280,41280,N/A
1281,41281,N/A
1282,41282,N/A
1283,41283,N/A
1284,41284,N/A
1285,41285,N/A
1286,41286,N/A
1287,41287,N/A
1288,41288,N/A
1289,41289,N/A
1290,41290,N/A
1291,41291,N/A
1292,41292,N/A
1293,41293,N/A
1294,41294,N/A
1295,41295,N/A
1296,41296,N/A
1297,41297,N/A
1298,41298,N/A
1299,41299,N/A
1300,41300,N/A
1301,41301,N/A
1302,41302,N/A
1303,41303,N/A
1304,41304,N/A
1305,41305,N/A
1306,41306,N/A
1307,41307,N/A
1308,41308,N/A
1309,41309,N/A
1310,41310,N/A
1311,41311,N/A
1312,41312,N/A
1313,41313,N/A
1314,41314,N/A
1315,41315,N/A
1316,41316,N/A
1317,41317,N/A
1318,41318,N/A
1319,41319,N/A
1320,41320,N/A
1321,41321,N/A
1322,41322,N/A
1323,41323,N/A
1324,41324,N/A
1325,41325,N/A
1326,41326,N/A
1327,41327,N/A
1328,41328,N/A
1329,41329,N/A
1330,41330,N/A
1331,41331,N/A
1332,41332,N/A
1333,41333,N/A
1334,41334,N/A
1335,41335,N/A
1336,41336,N/A
1337,41337,N/A
1338,41338,N/A
1339,41339,N/A
1340,41340,N/A
1341,41341,N/A
1342,41342,N/A
1343,41343,N/A
1344,41344,N/A
1345,41345,N/A
1346,41346,N/A
1347,41347,N/A
1348,41348,N/A
1349,41349,N/A
1350,41350,N/A
1351,41351,N/A
1352,41352,N/A
1353,41353,N/A
1354,41354,N/A
1355,41355,N/A
1356,41356,N/A
1357,41357,N/A
1358,41358,N/A
1359,41359,N/A
1360,41360,N/A
1361,41361,N/A
1362,41362,N/A
1363,41363,N/A
1364,41364,N/A
1365,41365,N/A
1366,41366,N/A
1367,41367,N/A
1368,41368,N/A
1369,41369,N/A
1370,41370,N/A
1371,41371,N/A
1372,41372,N/A
1373,41373,N/A
1374,41374,N/A
1375,41375,N/A
1376,41376,N/A
1377,41377,N/A
1378,41378,N/A
1379,41379,N/A
1380,41380,N/A
1381,41381,N/A
1382,41382,N/A
1383,41383,N/A
1384,41384,N/A
1385,41385,N/A
1386,41386,N/A
1387,41387,N/A
1388,41388,N/A
1389,41389,N/A
1390,41390,N/A
1391,41391,N/A
1392,41392,N/A
1393,41393,N/A
1394,41394,N/A
1395,41395,N/A
1396,41396,N/A
1397,41397,N/A
1398,41398,N/A
1399,41399,N/A
1400,41400,N/A
1401,41401,N/A
1402,41402,N/A
1403,41403,N/A
1404,41404,N/A
1405,41405,N/A
1406,41406,N/A
1407,41407,N/A
1408,41408,N/A
1409,41409,N/A
1410,41410,N/A
1411,41411,N/A
1412,41412,N/A
1413,41413,N/A
1414,41414,N/A
1415,41415,N/A
1416,41416,N/A
1417,41417,N/A
1418,41418,N/A
1419,41419,N/A
1420,41420,N/A
1421,41421,N/A
1422,41422,N/A
1423,41423,N/A
1424,41424,N/A
1425,41425,N/A
1426,41426,N/A
1427,41427,N/A
1428,41428,N/A
1429,41429,N/A
1430,41430,N/A
1431,41431,N/A
1432,41432,N/A
1433,41433,N/A
1434,41434,N/A
1435,41435,N/A
1436,41436,N/A
1437,41437,N/A
1438,41438,N/A
1439,41439,N/A
1440,41440,N/A
1441,41441,N/A
1442,41442,N/A
1443,41443,N/A
1444,41444,N/A
1445,41445,N/A
1446,41446,N/A
1447,41447,N/A
1448,41448,N/A
1449,41449,N/A
1450,41450,N/A
1451,41451,N/A
1452,41452,N/A
1453,41453,N/A
1454,41454,N/A
1455,41455,N/A
1456,41456,N/A
1457,41457,N/A
1458,41458,N/A
1459,41459,N/A
1460,41460,N/A
1461,41461,N/A
1462,41462,N/A
1463,41463,N/A
1464,41464,N/A
1465,41465,N/A
1466,41466,N/A
1467,41467,N/A
1468,41468,N/A
1469,41469,N/A
1470,41470,N/A
1471,41471,N/A
1472,41472,N/A
1473,41473,N/A
1474,41474,N/A
1475,41475,N/A
1476,41476,N/A
1477,41477,N/A
1478,41478,N/A
1479,41479,N/A
1480,41480,N/A
1481,41481,N/A
1482,41482,N/A
1483,41483,N/A
1484,41484,N/A
1485,41485,N/A
1486,41486,N/A
1487,41487,N/A
1488,41488,N/A
1489,41489,N/A
1490,41490,N/A
1491,41491,N/A
1492,41492,N/A
1493,41493,N/A
1494,41494,N/A
1495,41495,N/A
1496,41496,N/A
1497,41497,N/A
1498,41498,N/A
1499,41499,N/A
1500,41500,N/A
1501,41501,N/A
1502,41502,N/A
1503,41503,N/A
1504,41504,N/A
1505,41505,N/A
1506,41506,N/A
1507,41507,N/A
1508,41508,N/A
1509,41509,N/A
1510,41510,N/A
1511,41511,N/A
1512,41512,N/A
1513,41513,N/A
1514,41514,N/A
1515,41515,N/A
1516,41516,N/A
1517,41517,N/A
1518,41518,N/A
1519,41519,N/A
1520,41520,N/A
1521,41521,N/A
1522,41522,N/A
1523,41523,N/A
1524,41524,N/A
1525,41525,N/A
1526,41526,N/A
1527,41527,N/A
1528,41528,N/A
1529,41529,N/A
1530,41530,N/A
1531,41531,N/A
1532,41532,N/A
1533,41533,N/A
1534,41534,N/A
1535,41535,N/A
1536,41536,N/A
1537,41537,N/A
1538,41538,N/A
1539,41539,N/A
1540,41540,N/A
1541,41541,N/A
1542,41542,N/A
1543,41543,N/A
1544,41544,N/A
1545,41545,N/A
1546,41546,N/A
1547,41547,N/A
1548,41548,N/A
1549,41549,N/A
1550,41550,N/A
1551,41551,N/A
1552,41552,N/A
1553,41553,N/A
1554,41554,N/A
1555,41555,N/A
1556,41556,N/A
1557,41557,N/A
1558,41558,N/A
1559,41559,N/A
1560,41560,N/A
1561,41561,N/A
1562,41562,N/A
1563,41563,N/A
1564,41564,N/A
1565,41565,N/A
1566,41566,N/A
1567,41567,N/A
1568,41568,N/A
1569,41569,N/A
1570,41570,N/A
1571,41571,N/A
1572,41572,N/A
1573,41573,N/A
1574,41574,N/A
1575,41575,N/A
1576,41576,N/A
1577,41577,N/A
1578,41578,N/A
1579,41579,N/A
1580,41580,N/A
1581,41581,N/A
1582,41582,N/A
1583,41583,N/A
1584,41584,N/A
1585,41585,N/A
1586,41586,N/A
1587,41587,N/A
1588,41588,N/A
1589,41589,N/A
1590,41590,N/A
1591,41591,N/A
1592,41592,N/A
1593,41593,N/A
1594,41594,N/A
1595,41595,N/A
1596,41596,N/A
1597,41597,N/A
1598,41598,N/A
1599,41599,N/A
1600,41600,N/A
1601,41601,N/A
1602,41602,N/A
1603,41603,N/A
1604,41604,N/A
1605,41605,N/A
1606,41606,N/A
1607,41607,N/A
1608,41608,N/A
1609,41609,N/A
1610,41610,N/A
1611,41611,N/A
1612,41612,N/A
1613,41613,N/A
1614,41614,N/A
1615,41615,N/A
1616,41616,N/A
1617,41617,N/A
1618,41618,N/A
1619,41619,N/A
1620,41620,N/A
1621,41621,N/A
1622,41622,N/A
1623,41623,N/A
1624,41624,N/A
1625,41625,N/A
1626,41626,N/A
1627,41627,N/A
1628,41628,N/A
1629,41629,N/A
1630,41630,N/A
1631,41631,N/A
1632,41632,N/A
1633,41633,N/A
1634,41634,N/A
1635,41635,N/A
1636,41636,N/A
1637,41637,N/A
1638,41638,N/A
1639,41639,N/A
1640,41640,N/A
1641,41641,N/A
1642,41642,N/A
1643,41643,N/A
1644,41644,N/A
1645,41645,N/A
1646,41646,N/A
1647,41647,N/A
1648,41648,N/A
1649,41649,N/A
1650,41650,N/A
1651,41651,N/A
1652,41652,N/A
1653,41653,N/A
1654,41654,N/A
1655,41655,N/A
1656,41656,N/A
1657,41657,N/A
1658,41658,N/A
1659,41659,N/A
1660,41660,N/A
1661,41661,N/A
1662,41662,N/A
1663,41663,N/A
1664,41664,N/A
1665,41665,N/A
1666,41666,N/A
1667,41667,N/A
1668,41668,N/A
1669,41669,N/A
1670,41670,N/A
1671,41671,N/A
1672,41672,N/A
1673,41673,N/A
1674,41674,N/A
1675,41675,N/A
1676,41676,N/A
1677,41677,N/A
1678,41678,N/A
1679,41679,N/A
1680,41680,N/A
1681,41681,N/A
1682,41682,N/A
1683,41683,N/A
1684,41684,N/A
1685,41685,N/A
1686,41686,N/A
1687,41687,N/A
1688,41688,N/A
1689,41689,N/A
1690,41690,N/A
1691,41691,N/A
1692,41692,N/A
1693,41693,N/A
1694,41694,N/A
1695,41695,N/A
1696,41696,N/A
1697,41697,N/A
1698,41698,N/A
1699,41699,N/A
1700,41700,N/A
1701,41701,N/A
1702,41702,N/A
1703,41703,N/A
1704,41704,N/A
1705,41705,N/A
1706,41706,N/A
1707,41707,N/A
1708,41708,N/A
1709,41709,N/A
1710,41710,N/A
1711,41711,N/A
1712,41712,N/A
1713,41713,N/A
1714,41714,N/A
1715,41715,N/A
1716,41716,N/A
1717,41717,N/A
1718,41718,N/A
1719,41719,N/A
1720,41720,N/A
1721,41721,N/A
1722,41722,N/A
1723,41723,N/A
1724,41724,N/A
1725,41725,N/A
1726,41726,N/A
1727,41727,N/A
1728,41728,N/A
1729,41729,N/A
1730,41730,N/A
1731,41731,N/A
1732,41732,N/A
1733,41733,N/A
1734,41734,N/A
1735,41735,N/A
1736,41736,N/A
1737,41737,N/A
1738,41738,N/A
1739,41739,N/A
1740,41740,N/A
1741,41741,N/A
1742,41742,N/A
1743,41743,N/A
1744,41744,N/A
1745,41745,N/A
1746,41746,N/A
1747,41747,N/A
1748,41748,N/A
1749,41749,N/A
1750,41750,N/A
1751,41751,N/A
1752,41752,N/A
1753,41753,N/A
1754,41754,N/A
1755,41755,N/A
1756,41756,N/A
1757,41757,N/A
1758,41758,N/A
1759,41759,N/A
1760,41760,N/A
1761,41761,N/A
1762,41762,N/A
1763,41763,N/A
1764,41764,N/A
1765,41765,N/A
1766,41766,N/A
1767,41767,N/A
1768,41768,N/A
1769,41769,N/A
1770,41770,N/A
1771,41771,N/A
1772,41772,N/A
1773,41773,N/A
1774,41774,N/A
1775,41775,N/A
1776,41776,N/A
1777,41777,N/A
1778,41778,N/A
1779,41779,N/A
1780,41780,N/A
1781,41781,N/A
1782,41782,N/A
1783,41783,N/A
1784,41784,N/A
1785,41785,N/A
1786,41786,N/A
1787,41787,N/A
1788,41788,N/A
1789,41789,N/A
1790,41790,N/A
1791,41791,N/A
1792,41792,N/A
1793,41793,N/A
1794,41794,N/A
1795,41795,N/A
1796,41796,N/A
1797,41797,N/A
1798,41798,N/A
1799,41799,N/A
1800,41800,N/A
1801,41801,N/A
1802,41802,N/A
1803,41803,N/A
1804,41804,N/A
1805,41805,N/A
1806,41806,N/A
1807,41807,N/A
1808,41808,N/A
1809,41809,N/A
1810,41810,N/A
1811,41811,N/A
1812,41812,N/A
1813,41813,N/A
1814,41814,N/A
1815,41815,N/A
1816,41816,N/A
1817,41817,N/A
1818,41818,N/A
1819,41819,N/A
1820,41820,N/A
1821,41821,N/A
1822,41822,N/A
1823,41823,N/A
1824,41824,N/A
1825,41825,N/A
1826,41826,N/A
1827,41827,N/A
1828,41828,N/A
1829,41829,N/A
1830,41830,N/A
1831,41831,N/A
1832,41832,N/A
1833,41833,N/A
1834,41834,N/A
1835,41835,N/A
1836,41836,N/A
1837,41837,N/A
1838,41838,N/A
1839,41839,N/A
1840,41840,N/A
1841,41841,N/A
1842,41842,N/A
1843,41843,N/A
1844,41844,N/A
1845,41845,N/A
1846,41846,N/A
1847,41847,N/A
1848,41848,N/A
1849,41849,N/A
1850,41850,N/A
1851,41851,N/A
1852,41852,N/A
1853,41853,N/A
1854,41854,N/A
1855,41855,N/A
1856,41856,N/A
1857,41857,N/A
1858,41858,N/A
1859,41859,N/A
1860,41860,N/A
1861,41861,N/A
1862,41862,N/A
1863,41863,N/A
1864,41864,N/A
1865,41865,N/A
1866,41866,N/A
1867,41867,N/A
1868,41868,N/A
1869,41869,N/A
1870,41870,N/A
1871,41871,N/A
1872,41872,N/A
1873,41873,N/A
1874,41874,N/A
1875,41875,N/A
1876,41876,N/A
1877,41877,N/A
1878,41878,N/A
1879,41879,N/A
1880,41880,N/A
1881,41881,N/A
1882,41882,N/A
1883,41883,N/A
1884,41884,N/A
1885,41885,N/A
1886,41886,N/A
1887,41887,N/A
1888,41888,N/A
1889,41889,N/A
1890,41890,N/A
1891,41891,N/A
1892,41892,N/A
1893,41893,N/A
1894,41894,N/A
1895,41895,N/A
1896,41896,N/A
1897,41897,N/A
1898,41898,N/A
1899,41899,N/A
1900,41900,N/A
1901,41901,N/A
1902,41902,N/A
1903,41903,N/A
1904,41904,N/A
1905,41905,N/A
1906,41906,N/A
1907,41907,N/A
1908,41908,N/A
1909,41909,N/A
1910,41910,N/A
1911,41911,N/A
1912,41912,N/A
1913,41913,N/A
1914,41914,N/A
1915,41915,N/A
1916,41916,N/A
1917,41917,N/A
1918,41918,N/A
1919,41919,N/A
1920,41920,N/A
1921,41921,N/A
1922,41922,N/A
1923,41923,N/A
1924,41924,N/A
1925,41925,N/A
1926,41926,N/A
1927,41927,N/A
1928,41928,N/A
1929,41929,N/A
1930,41930,N/A
1931,41931,N/A
1932,41932,N/A
1933,41933,N/A
1934,41934,N/A
1935,41935,N/A
1936,41936,N/A
1937,41937,N/A
1938,41938,N/A
1939,41939,N/A
1940,41940,N/A
1941,41941,N/A
1942,41942,N/A
1943,41943,N/A
1944,41944,N/A
1945,41945,N/A
1946,41946,N/A
1947,41947,N/A
1948,41948,N/A
1949,41949,N/A
1950,41950,N/A
1951,41951,N/A
1952,41952,N/A
1953,41953,N/A
1954,41954,N/A
1955,41955,N/A
1956,41956,N/A
1957,41957,N/A
1958,41958,N/A
1959,41959,N/A
1960,41960,N/A
1961,41961,N/A
1962,41962,N/A
1963,41963,N/A
1964,41964,N/A
1965,41965,N/A
1966,41966,N/A
1967,41967,N/A
1968,41968,N/A
1969,41969,N/A
1970,41970,N/A
1971,41971,N/A
1972,41972,N/A
1973,41973,N/A
1974,41974,N/A
1975,41975,N/A
1976,41976,N/A
1977,41977,N/A
1978,41978,N/A
1979,41979,N/A
1980,41980,N/A
1981,41981,N/A
1982,41982,N/A
1983,41983,N/A
1984,41984,N/A
1985,41985,N/A
1986,41986,N/A
1987,41987,N/A
1988,41988,N/A
1989,41989,N/A
1990,41990,N/A
1991,41991,N/A
1992,41992,N/A
1993,41993,N/A
1994,41994,N/A
1995,41995,N/A
1996,41996,N/A
1997,41997,N/A
1998,41998,N/A
1999,41999,N/A
2000,42000,N/A
2001,42001,N/A
2002,42002,N/A
2003,42003,N/A
2004,42004,N/A
2005,42005,N/A
2006,42006,N/A
2007,42007,N/A
2008,42008,N/A
2009,42009,N/A
2010,42010,N/A
2011,42011,N/A
2012,42012,N/A
2013,42013,N/A
2014,42014,N/A
2015,42015,N/A
2016,42016,N/A
2017,42017,N/A
2018,42018,N/A
2019,42019,N/A
2020,42020,N/A
2021,42021,N/A
2022,42022,N/A
2023,42023,N/A
2024,42024,N/A
2025,42025,N/A
2026,42026,N/A
2027,42027,N/A
2028,42028,N/A
2029,42029,N/A
2030,42030,N/A
2031,42031,N/A
2032,42032,N/A
2033,42033,N/A
2034,42034,N/A
2035,42035,N/A
2036,42036,N/A
2037,42037,N/A
2038,42038,N/A
2039,42039,N/A
2040,42040,N/A
2041,42041,N/A
2042,42042,N/A
2043,42043,N/A
2044,42044,N/A
2045,42045,N/A
2046,42046,N/A
2047,42047,N/A
2048,42048,N/A
2049,42049,N/A
2050,42050,N/A
2051,42051,N/A
2052,42052,N/A
2053,42053,N/A
2054,42054,N/A
2055,42055,N/A
2056,42056,N/A
2057,42057,N/A
2058,42058,N/A
2059,42059,N/A
2060,42060,N/A
2061,42061,N/A
2062,42062,N/A
2063,42063,N/A
2064,42064,N/A
2065,42065,N/A
2066,42066,N/A
2067,42067,N/A
2068,42068,N/A
2069,42069,N/A
2070,42070,N/A
2071,42071,N/A
2072,42072,N/A
2073,42073,N/A
2074,42074,N/A
2075,42075,N/A
2076,42076,N/A
2077,42077,N/A
2078,42078,N/A
2079,42079,N/A
2080,42080,N/A
2081,42081,N/A
2082,42082,N/A
2083,42083,N/A
2084,42084,N/A
2085,42085,N/A
2086,42086,N/A
2087,42087,N/A
2088,42088,N/A
2089,42089,N/A
2090,42090,N/A
2091,42091,N/A
2092,42092,N/A
2093,42093,N/A
2094,42094,N/A
2095,42095,N/A
2096,42096,N/A
2097,42097,N/A
2098,42098,N/A
2099,42099,N/A
2100,42100,N/A
2101,42101,N/A
2102,42102,N/A
2103,42103,N/A
2104,42104,N/A
2105,42105,N/A
2106,42106,N/A
2107,42107,N/A
2108,42108,N/A
2109,42109,N/A
2110,42110,N/A
2111,42111,N/A
2112,42112,N/A
2113,42113,N/A
2114,42114,N/A
2115,42115,N/A
2116,42116,N/A
2117,42117,N/A
2118,42118,N/A
2119,42119,N/A
2120,42120,N/A
2121,42121,N/A
2122,42122,N/A
2123,42123,N/A
2124,42124,N/A
2125,42125,N/A
2126,42126,N/A
2127,42127,N/A
2128,42128,N/A
2129,42129,N/A
2130,42130,N/A
2131,42131,N/A
2132,42132,N/A
2133,42133,N/A
2134,42134,N/A
2135,42135,N/A
2136,42136,N/A
2137,42137,N/A
2138,42138,N/A
2139,42139,N/A
2140,42140,N/A
2141,42141,N/A
2142,42142,N/A
2143,42143,N/A
2144,42144,N/A
2145,42145,N/A
2146,42146,N/A
2147,42147,N/A
2148,42148,N/A
2149,42149,N/A
2150,42150,N/A
2151,42151,N/A
2152,42152,N/A
2153,42153,N/A
2154,42154,N/A
2155,42155,N/A
2156,42156,N/A
2157,42157,N/A
2158,42158,N/A
2159,42159,N/A
2160,42160,N/A
2161,42161,N/A
2162,42162,N/A
2163,42163,N/A
2164,42164,N/A
2165,42165,N/A
2166,42166,N/A
2167,42167,N/A
2168,42168,N/A
2169,42169,N/A
2170,42170,N/A
2171,42171,N/A
2172,42172,N/A
2173,42173,N/A
2174,42174,N/A
2175,42175,N/A
2176,42176,N/A
2177,42177,N/A
2178,42178,N/A
2179,42179,N/A
2180,42180,N/A
2181,42181,N/A
2182,42182,N/A
2183,42183,N/A
2184,42184,N/A
2185,42185,N/A
2186,42186,N/A
2187,42187,N/A
2188,42188,N/A
2189,42189,N/A
2190,42190,N/A
2191,42191,N/A
2192,42192,N/A
2193,42193,N/A
2194,42194,N/A
2195,42195,N/A
2196,42196,N/A
2197,42197,N/A
2198,42198,N/A
2199,42199,N/A
2200,42200,N/A
2201,42201,N/A
2202,42202,N/A
2203,42203,N/A
2204,42204,N/A
2205,42205,N/A
2206,42206,N/A
2207,42207,N/A
2208,42208,N/A
2209,42209,N/A
2210,42210,N/A
2211,42211,N/A
2212,42212,N/A
2213,42213,N/A
2214,42214,N/A
2215,42215,N/A
2216,42216,N/A
2217,42217,N/A
2218,42218,N/A
2219,42219,N/A
2220,42220,N/A
2221,42221,N/A
2222,42222,N/A
2223,42223,N/A
2224,42224,N/A
2225,42225,N/A
2226,42226,N/A
2227,42227,N/A
2228,42228,N/A
2229,42229,N/A
2230,42230,N/A
2231,42231,N/A
2232,42232,N/A
2233,42233,N/A
2234,42234,N/A
2235,42235,N/A
2236,42236,N/A
2237,42237,N/A
2238,42238,N/A
2239,42239,N/A
2240,42240,N/A
2241,42241,N/A
2242,42242,N/A
2243,42243,N/A
2244,42244,N/A
2245,42245,N/A
2246,42246,N/A
2247,42247,N/A
2248,42248,N/A
2249,42249,N/A
2250,42250,N/A
2251,42251,N/A
2252,42252,N/A
2253,42253,N/A
2254,42254,N/A
2255,42255,N/A
2256,42256,N/A
2257,42257,N/A
2258,42258,N/A
2259,42259,N/A
2260,42260,N/A
2261,42261,N/A
2262,42262,N/A
2263,42263,N/A
2264,42264,N/A
2265,42265,N/A
2266,42266,N/A
2267,42267,N/A
2268,42268,N/A
2269,42269,N/A
2270,42270,N/A
2271,42271,N/A
2272,42272,N/A
2273,42273,N/A
2274,42274,N/A
2275,42275,N/A
2276,42276,N/A
2277,42277,N/A
2278,42278,N/A
2279,42279,N/A
2280,42280,N/A
2281,42281,N/A
2282,42282,N/A
2283,42283,N/A
2284,42284,N/A
2285,42285,N/A
2286,42286,N/A
2287,42287,N/A
2288,42288,N/A
2289,42289,N/A
2290,42290,N/A
2291,42291,N/A
2292,42292,N/A
2293,42293,N/A
2294,42294,N/A
2295,42295,N/A
2296,42296,N/A
2297,42297,N/A
2298,42298,N/A
2299,42299,N/A
2300,42300,N/A
2301,42301,N/A
2302,42302,N/A
2303,42303,N/A
2304,42304,N/A
2305,42305,N/A
2306,42306,N/A
2307,42307,N/A
2308,42308,N/A
2309,42309,N/A
2310,42310,N/A
2311,42311,N/A
2312,42312,N/A
2313,42313,N/A
2314,42314,N/A
2315,42315,N/A
2316,42316,N/A
2317,42317,N/A
2318,42318,N/A
2319,42319,N/A
2320,42320,N/A
2321,42321,N/A
2322,42322,N/A
2323,42323,N/A
2324,42324,N/A
2325,42325,N/A
2326,42326,N/A
2327,42327,N/A
2328,42328,N/A
2329,42329,N/A
2330,42330,N/A
2331,42331,N/A
2332,42332,N/A
2333,42333,N/A
2334,42334,N/A
2335,42335,N/A
2336,42336,N/A
2337,42337,N/A
2338,42338,N/A
2339,42339,N/A
2340,42340,N/A
2341,42341,N/A
2342,42342,N/A
2343,42343,N/A
2344,42344,N/A
2345,42345,N/A
2346,42346,N/A
2347,42347,N/A
2348,42348,N/A
2349,42349,N/A
2350,42350,N/A
2351,42351,N/A
2352,42352,N/A
2353,42353,N/A
2354,42354,N/A
2355,42355,N/A
2356,42356,N/A
2357,42357,N/A
2358,42358,N/A
2359,42359,N/A
2360,42360,N/A
2361,42361,N/A
2362,42362,N/A
2363,42363,N/A
2364,42364,N/A
2365,42365,N/A
2366,42366,N/A
2367,42367,N/A
2368,42368,N/A
2369,42369,N/A
2370,42370,N/A
2371,42371,N/A
2372,42372,N/A
2373,42373,N/A
2374,42374,N/A
2375,42375,N/A
2376,42376,N/A
2377,42377,N/A
2378,42378,N/A
2379,42379,N/A
2380,42380,N/A
2381,42381,N/A
2382,42382,N/A
2383,42383,N/A
2384,42384,N/A
2385,42385,N/A
2386,42386,N/A
2387,42387,N/A
2388,42388,N/A
2389,42389,N/A
2390,42390,N/A
2391,42391,N/A
2392,42392,N/A
2393,42393,N/A
2394,42394,N/A
2395,42395,N/A
2396,42396,N/A
2397,42397,N/A
2398,42398,N/A
2399,42399,N/A
2400,42400,N/A
2401,42401,N/A
2402,42402,N/A
2403,42403,N/A
2404,42404,N/A
2405,42405,N/A
2406,42406,N/A
2407,42407,N/A
2408,42408,N/A
2409,42409,N/A
2410,42410,N/A
2411,42411,N/A
2412,42412,N/A
2413,42413,N/A
2414,42414,N/A
2415,42415,N/A
2416,42416,N/A
2417,42417,N/A
2418,42418,N/A
2419,42419,N/A
2420,42420,N/A
2421,42421,N/A
2422,42422,N/A
2423,42423,N/A
2424,42424,N/A
2425,42425,N/A
2426,42426,N/A
2427,42427,N/A
2428,42428,N/A
2429,42429,N/A
2430,42430,N/A
2431,42431,N/A
2432,42432,N/A
2433,42433,N/A
2434,42434,N/A
2435,42435,N/A
2436,42436,N/A
2437,42437,N/A
2438,42438,N/A
2439,42439,N/A
2440,42440,N/A
2441,42441,N/A
2442,42442,N/A
2443,42443,N/A
2444,42444,N/A
2445,42445,N/A
2446,42446,N/A
2447,42447,N/A
2448,42448,N/A
2449,42449,N/A
2450,42450,N/A
2451,42451,N/A
2452,42452,N/A
2453,42453,N/A
2454,42454,N/A
2455,42455,N/A
2456,42456,N/A
2457,42457,N/A
2458,42458,N/A
2459,42459,N/A
2460,42460,N/A
2461,42461,N/A
2462,42462,N/A
2463,42463,N/A
2464,42464,N/A
2465,42465,N/A
2466,42466,N/A
2467,42467,N/A
2468,42468,N/A
2469,42469,N/A
2470,42470,N/A
2471,42471,N/A
2472,42472,N/A
2473,42473,N/A
2474,42474,N/A
2475,42475,N/A
2476,42476,N/A
2477,42477,N/A
2478,42478,N/A
2479,42479,N/A
2480,42480,N/A
2481,42481,N/A
2482,42482,N/A
2483,42483,N/A
2484,42484,N/A
2485,42485,N/A
2486,42486,N/A
2487,42487,N/A
2488,42488,N/A
2489,42489,N/A
2490,42490,N/A
2491,42491,N/A
2492,42492,N/A
2493,42493,N/A
2494,42494,N/A
2495,42495,N/A
2496,42496,N/A
2497,42497,N/A
2498,42498,N/A
2499,42499,N/A
2500,42500,N/A
2501,42501,N/A
2502,42502,N/A
2503,42503,N/A
2504,42504,N/A
2505,42505,N/A
2506,42506,N/A
2507,42507,N/A
2508,42508,N/A
2509,42509,N/A
2510,42510,N/A
2511,42511,N/A
2512,42512,N/A
2513,42513,N/A
2514,42514,N/A
2515,42515,N/A
2516,42516,N/A
2517,42517,N/A
2518,42518,N/A
2519,42519,N/A
2520,42520,N/A
2521,42521,N/A
2522,42522,N/A
2523,42523,N/A
2524,42524,N/A
2525,42525,N/A
2526,42526,N/A
2527,42527,N/A
2528,42528,N/A
2529,42529,N/A
2530,42530,N/A
2531,42531,N/A
2532,42532,N/A
2533,42533,N/A
2534,42534,N/A
2535,42535,N/A
2536,42536,N/A
2537,42537,N/A
2538,42538,N/A
2539,42539,N/A
2540,42540,N/A
2541,42541,N/A
2542,42542,N/A
2543,42543,N/A
2544,42544,N/A
2545,42545,N/A
2546,42546,N/A
2547,42547,N/A
2548,42548,N/A
2549,42549,N/A
2550,42550,N/A
2551,42551,N/A
2552,42552,N/A
2553,42553,N/A
2554,42554,N/A
2555,42555,N/A
2556,42556,N/A
2557,42557,N/A
2558,42558,N/A
2559,42559,N/A
2560,42560,N/A
2561,42561,N/A
2562,42562,N/A
2563,42563,N/A
2564,42564,N/A
2565,42565,N/A
2566,42566,N/A
2567,42567,N/A
2568,42568,N/A
2569,42569,N/A
2570,42570,N/A
2571,42571,N/A
2572,42572,N/A
2573,42573,N/A
2574,42574,N/A
2575,42575,N/A
2576,42576,N/A
2577,42577,N/A
2578,42578,N/A
2579,42579,N/A
2580,42580,N/A
2581,42581,N/A
2582,42582,N/A
2583,42583,N/A
2584,42584,N/A
2585,42585,N/A
2586,42586,N/A
2587,42587,N/A
2588,42588,N/A
2589,42589,N/A
2590,42590,N/A
2591,42591,N/A
2592,42592,N/A
2593,42593,N/A
2594,42594,N/A
2595,42595,N/A
2596,42596,N/A
2597,42597,N/A
2598,42598,N/A
2599,42599,N/A
2600,42600,N/A
2601,42601,N/A
2602,42602,N/A
2603,42603,N/A
2604,42604,N/A
2605,42605,N/A
2606,42606,N/A
2607,42607,N/A
2608,42608,N/A
2609,42609,N/A
2610,42610,N/A
2611,42611,N/A
2612,42612,N/A
2613,42613,N/A
2614,42614,N/A
2615,42615,N/A
2616,42616,N/A
2617,42617,N/A
2618,42618,N/A
2619,42619,N/A
2620,42620,N/A
2621,42621,N/A
2622,42622,N/A
2623,42623,N/A
2624,42624,N/A
2625,42625,N/A
2626,42626,N/A
2627,42627,N/A
2628,42628,N/A
2629,42629,N/A
2630,42630,N/A
2631,42631,N/A
2632,42632,N/A
2633,42633,N/A
2634,42634,N/A
2635,42635,N/A
2636,42636,N/A
2637,42637,N/A
2638,42638,N/A
2639,42639,N/A
2640,42640,N/A
2641,42641,N/A
2642,42642,N/A
2643,42643,N/A
2644,42644,N/A
2645,42645,N/A
2646,42646,N/A
2647,42647,N/A
2648,42648,N/A
2649,42649,N/A
2650,42650,N/A
2651,42651,N/A
2652,42652,N/A
2653,42653,N/A
2654,42654,N/A
2655,42655,N/A
2656,42656,N/A
2657,42657,N/A
2658,42658,N/A
2659,42659,N/A
2660,42660,N/A
2661,42661,N/A
2662,42662,N/A
2663,42663,N/A
2664,42664,N/A
2665,42665,N/A
2666,42666,N/A
2667,42667,N/A
2668,42668,N/A
2669,42669,N/A
2670,42670,N/A
2671,42671,N/A
2672,42672,N/A
2673,42673,N/A
2674,42674,N/A
2675,42675,N/A
2676,42676,N/A
2677,42677,N/A
2678,42678,N/A
2679,42679,N/A
2680,42680,N/A
2681,42681,N/A
2682,42682,N/A
2683,42683,N/A
2684,42684,N/A
2685,42685,N/A
2686,42686,N/A
2687,42687,N/A
2688,42688,N/A
2689,42689,N/A
2690,42690,N/A
2691,42691,N/A
2692,42692,N/A
2693,42693,N/A
2694,42694,N/A
2695,42695,N/A
2696,42696,N/A
2697,42697,N/A
2698,42698,N/A
2699,42699,N/A
2700,42700,N/A
2701,42701,N/A
2702,42702,N/A
2703,42703,N/A
2704,42704,N/A
2705,42705,N/A
2706,42706,N/A
2707,42707,N/A
2708,42708,N/A
2709,42709,N/A
2710,42710,N/A
2711,42711,N/A
2712,42712,N/A
2713,42713,N/A
2714,42714,N/A
2715,42715,N/A
2716,42716,N/A
2717,42717,N/A
2718,42718,N/A
2719,42719,N/A
2720,42720,N/A
2721,42721,N/A
2722,42722,N/A
2723,42723,N/A
2724,42724,N/A
2725,42725,N/A
2726,42726,N/A
2727,42727,N/A
2728,42728,N/A
2729,42729,N/A
2730,42730,N/A
2731,42731,N/A
2732,42732,N/A
2733,42733,N/A
2734,42734,N/A
2735,42735,N/A
2736,42736,N/A
2737,42737,N/A
2738,42738,N/A
2739,42739,N/A
2740,42740,N/A
2741,42741,N/A
2742,42742,N/A
2743,42743,N/A
2744,42744,N/A
2745,42745,N/A
2746,42746,N/A
2747,42747,N/A
2748,42748,N/A
2749,42749,N/A
2750,42750,N/A
2751,42751,N/A
2752,42752,N/A
2753,42753,N/A
2754,42754,N/A
2755,42755,N/A
2756,42756,N/A
2757,42757,N/A
2758,42758,N/A
2759,42759,N/A
2760,42760,N/A
2761,42761,N/A
2762,42762,N/A
2763,42763,N/A
2764,42764,N/A
2765,42765,N/A
2766,42766,N/A
2767,42767,N/A
2768,42768,N/A
2769,42769,N/A
2770,42770,N/A
2771,42771,N/A
2772,42772,N/A
2773,42773,N/A
2774,42774,N/A
2775,42775,N/A
2776,42776,N/A
2777,42777,N/A
2778,42778,N/A
2779,42779,N/A
2780,42780,N/A
2781,42781,N/A
2782,42782,N/A
2783,42783,N/A
2784,42784,N/A
2785,42785,N/A
2786,42786,N/A
2787,42787,N/A
2788,42788,N/A
2789,42789,N/A
2790,42790,N/A
2791,42791,N/A
2792,42792,N/A
2793,42793,N/A
2794,42794,N/A
2795,42795,N/A
2796,42796,N/A
2797,42797,N/A
2798,42798,N/A
2799,42799,N/A
2800,42800,N/A
2801,42801,N/A
2802,42802,N/A
2803,42803,N/A
2804,42804,N/A
2805,42805,N/A
2806,42806,N/A
2807,42807,N/A
2808,42808,N/A
2809,42809,N/A
2810,42810,N/A
2811,42811,N/A
2812,42812,N/A
2813,42813,N/A
2814,42814,N/A
2815,42815,N/A
2816,42816,N/A
2817,42817,N/A
2818,42818,N/A
2819,42819,N/A
2820,42820,N/A
2821,42821,N/A
2822,42822,N/A
2823,42823,N/A
2824,42824,N/A
2825,42825,N/A
2826,42826,N/A
2827,42827,N/A
2828,42828,N/A
2829,42829,N/A
2830,42830,N/A
2831,42831,N/A
2832,42832,N/A
2833,42833,N/A
2834,42834,N/A
2835,42835,N/A
2836,42836,N/A
2837,42837,N/A
2838,42838,N/A
2839,42839,N/A
2840,42840,N/A
2841,42841,N/A
2842,42842,N/A
2843,42843,N/A
2844,42844,N/A
2845,42845,N/A
2846,42846,N/A
2847,42847,N/A
2848,42848,N/A
2849,42849,N/A
2850,42850,N/A
2851,42851,N/A
2852,42852,N/A
2853,42853,N/A
2854,42854,N/A
2855,42855,N/A
2856,42856,N/A
2857,42857,N/A
2858,42858,N/A
2859,42859,N/A
2860,42860,N/A
2861,42861,N/A
2862,42862,N/A
2863,42863,N/A
2864,42864,N/A
2865,42865,N/A
2866,42866,N/A
2867,42867,N/A
2868,42868,N/A
2869,42869,N/A
2870,42870,N/A
2871,42871,N/A
2872,42872,N/A
2873,42873,N/A
2874,42874,N/A
2875,42875,N/A
2876,42876,N/A
2877,42877,N/A
2878,42878,N/A
2879,42879,N/A
2880,42880,N/A
2881,42881,N/A
2882,42882,N/A
2883,42883,N/A
2884,42884,N/A
2885,42885,N/A
2886,42886,N/A
2887,42887,N/A
2888,42888,N/A
2889,42889,N/A
2890,42890,N/A
2891,42891,N/A
2892,42892,N/A
2893,42893,N/A
2894,42894,N/A
2895,42895,N/A
2896,42896,N/A
2897,42897,N/A
2898,42898,N/A
2899,42899,N/A
2900,42900,N/A
2901,42901,N/A
2902,42902,N/A
2903,42903,N/A
2904,42904,N/A
2905,42905,N/A
2906,42906,N/A
2907,42907,N/A
2908,42908,N/A
2909,42909,N/A
2910,42910,N/A
2911,42911,N/A
2912,42912,N/A
2913,42913,N/A
2914,42914,N/A
2915,42915,N/A
2916,42916,N/A
2917,42917,N/A
2918,42918,N/A
2919,42919,N/A
2920,42920,N/A
2921,42921,N/A
2922,42922,N/A
2923,42923,N/A
2924,42924,N/A
2925,42925,N/A
2926,42926,N/A
2927,42927,N/A
2928,42928,N/A
2929,42929,N/A
2930,42930,N/A
2931,42931,N/A
2932,42932,N/A
2933,42933,N/A
2934,42934,N/A
2935,42935,N/A
2936,42936,N/A
2937,42937,N/A
2938,42938,N/A
2939,42939,N/A
2940,42940,N/A
2941,42941,N/A
2942,42942,N/A
2943,42943,N/A
2944,42944,N/A
2945,42945,N/A
2946,42946,N/A
2947,42947,N/A
2948,42948,N/A
2949,42949,N/A
2950,42950,N/A
2951,42951,N/A
2952,42952,N/A
2953,42953,N/A
2954,42954,N/A
2955,42955,N/A
2956,42956,N/A
2957,42957,N/A
2958,42958,N/A
2959,42959,N/A
2960,42960,N/A
2961,42961,N/A
2962,42962,N/A
2963,42963,N/A
2964,42964,N/A
2965,42965,N/A
2966,42966,N/A
2967,42967,N/A
2968,42968,N/A
2969,42969,N/A
2970,42970,N/A
2971,42971,N/A
2972,42972,N/A
2973,42973,N/A
2974,42974,N/A
2975,42975,N/A
2976,42976,N/A
2977,42977,N/A
2978,42978,N/A
2979,42979,N/A
2980,42980,N/A
2981,42981,N/A
2982,42982,N/A
2983,42983,N/A
2984,42984,N/A
2985,42985,N/A
2986,42986,N/A
2987,42987,N/A
2988,42988,N/A
2989,42989,N/A
2990,42990,N/A
2991,42991,N/A
2992,42992,N/A
2993,42993,N/A
2994,42994,N/A
2995,42995,N/A
2996,42996,N/A
2997,42997,N/A
2998,42998,N/A
2999,42999,N/A
3000,43000,N/A
3001,43001,N/A
3002,43002,N/A
3003,43003,N/A
3004,43004,N/A
3005,43005,N/A
3006,43006,N/A
3007,43007,N/A
3008,43008,N/A
3009,43009,N/A
3010,43010,N/A
3011,43011,N/A
3012,43012,N/A
3013,43013,N/A
3014,43014,N/A
3015,43015,N/A
3016,43016,N/A
3017,43017,N/A
3018,43018,N/A
3019,43019,N/A
3020,43020,N/A
3021,43021,N/A
3022,43022,N/A
3023,43023,N/A
3024,43024,N/A
3025,43025,N/A
3026,43026,N/A
3027,43027,N/A
3028,43028,N/A
3029,43029,N/A
3030,43030,N/A
3031,43031,N/A
3032,43032,N/A
3033,43033,N/A
3034,43034,N/A
3035,43035,N/A
3036,43036,N/A
3037,43037,N/A
3038,43038,N/A
3039,43039,N/A
3040,43040,N/A
3041,43041,N/A
3042,43042,N/A
3043,43043,N/A
3044,43044,N/A
3045,43045,N/A
3046,43046,N/A
3047,43047,N/A
3048,43048,N/A
3049,43049,N/A
3050,43050,N/A
3051,43051,N/A
3052,43052,N/A
3053,43053,N/A
3054,43054,N/A
3055,43055,N/A
3056,43056,N/A
3057,43057,N/A
3058,43058,N/A
3059,43059,N/A
3060,43060,N/A
3061,43061,N/A
3062,43062,N/A
3063,43063,N/A
3064,43064,N/A
3065,43065,N/A
3066,43066,N/A
3067,43067,N/A
3068,43068,N/A
3069,43069,N/A
3070,43070,N/A
3071,43071,N/A
3072,43072,N/A
3073,43073,N/A
3074,43074,N/A
3075,43075,N/A
3076,43076,N/A
3077,43077,N/A
3078,43078,N/A
3079,43079,N/A
3080,43080,N/A
3081,43081,N/A
3082,43082,N/A
3083,43083,N/A
3084,43084,N/A
3085,43085,N/A
3086,43086,N/A
3087,43087,N/A
3088,43088,N/A
3089,43089,N/A
3090,43090,N/A
3091,43091,N/A
3092,43092,N/A
3093,43093,N/A
3094,43094,N/A
3095,43095,N/A
3096,43096,N/A
3097,43097,N/A
3098,43098,N/A
3099,43099,N/A
3100,43100,N/A
3101,43101,N/A
3102,43102,N/A
3103,43103,N/A
3104,43104,N/A
3105,43105,N/A
3106,43106,N/A
3107,43107,N/A
3108,43108,N/A
3109,43109,N/A
3110,43110,N/A
3111,43111,N/A
3112,43112,N/A
3113,43113,N/A
3114,43114,N/A
3115,43115,N/A
3116,43116,N/A
3117,43117,N/A
3118,43118,N/A
3119,43119,N/A
3120,43120,N/A
3121,43121,N/A
3122,43122,N/A
3123,43123,N/A
3124,43124,N/A
3125,43125,N/A
3126,43126,N/A
3127,43127,N/A
3128,43128,N/A
3129,43129,N/A
3130,43130,N/A
3131,43131,N/A
3132,43132,N/A
3133,43133,N/A
3134,43134,N/A
3135,43135,N/A
3136,43136,N/A
3137,43137,N/A
3138,43138,N/A
3139,43139,N/A
3140,43140,N/A
3141,43141,N/A
3142,43142,N/A
3143,43143,N/A
3144,43144,N/A
3145,43145,N/A
3146,43146,N/A
3147,43147,N/A
3148,43148,N/A
3149,43149,N/A
3150,43150,N/A
3151,43151,N/A
3152,43152,N/A
3153,43153,N/A
3154,43154,N/A
3155,43155,N/A
3156,43156,N/A
3157,43157,N/A
3158,43158,N/A
3159,43159,N/A
3160,43160,N/A
3161,43161,N/A
3162,43162,N/A
3163,43163,N/A
3164,43164,N/A
3165,43165,N/A
3166,43166,N/A
3167,43167,N/A
3168,43168,N/A
3169,43169,N/A
3170,43170,N/A
3171,43171,N/A
3172,43172,N/A
3173,43173,N/A
3174,43174,N/A
3175,43175,N/A
3176,43176,N/A
3177,43177,N/A
3178,43178,N/A
3179,43179,N/A
3180,43180,N/A
3181,43181,N/A
3182,43182,N/A
3183,43183,N/A
3184,43184,N/A
3185,43185,N/A
3186,43186,N/A
3187,43187,N/A
3188,43188,N/A
3189,43189,N/A
3190,43190,N/A
3191,43191,N/A
3192,43192,N/A
3193,43193,N/A
3194,43194,N/A
3195,43195,N/A
3196,43196,N/A
3197,43197,N/A
3198,43198,N/A
3199,43199,N/A
3200,43200,N/A
3201,43201,N/A
3202,43202,N/A
3203,43203,N/A
3204,43204,N/A
3205,43205,N/A
3206,43206,N/A
3207,43207,N/A
3208,43208,N/A
3209,43209,N/A
3210,43210,N/A
3211,43211,N/A
3212,43212,N/A
3213,43213,N/A
3214,43214,N/A
3215,43215,N/A
3216,43216,N/A
3217,43217,N/A
3218,43218,N/A
3219,43219,N/A
3220,43220,N/A
3221,43221,N/A
3222,43222,N/A
3223,43223,N/A
3224,43224,N/A
3225,43225,N/A
3226,43226,N/A
3227,43227,N/A
3228,43228,N/A
3229,43229,N/A
3230,43230,N/A
3231,43231,N/A
3232,43232,N/A
3233,43233,N/A
3234,43234,N/A
3235,43235,N/A
3236,43236,N/A
3237,43237,N/A
3238,43238,N/A
3239,43239,N/A
3240,43240,N/A
3241,43241,N/A
3242,43242,N/A
3243,43243,N/A
3244,43244,N/A
3245,43245,N/A
3246,43246,N/A
3247,43247,N/A
3248,43248,N/A
3249,43249,N/A
3250,43250,N/A
3251,43251,N/A
3252,43252,N/A
3253,43253,N/A
3254,43254,N/A
3255,43255,N/A
3256,43256,N/A
3257,43257,N/A
3258,43258,N/A
3259,43259,N/A
3260,43260,N/A
3261,43261,N/A
3262,43262,N/A
3263,43263,N/A
3264,43264,N/A
3265,43265,N/A
3266,43266,N/A
3267,43267,N/A
3268,43268,N/A
3269,43269,N/A
3270,43270,N/A
3271,43271,N/A
3272,43272,N/A
3273,43273,N/A
3274,43274,N/A
3275,43275,N/A
3276,43276,N/A
3277,43277,N/A
3278,43278,N/A
3279,43279,N/A
3280,43280,N/A
3281,43281,N/A
3282,43282,N/A
3283,43283,N/A
3284,43284,N/A
3285,43285,N/A
3286,43286,N/A
3287,43287,N/A
3288,43288,N/A
3289,43289,N/A
3290,43290,N/A
3291,43291,N/A
3292,43292,N/A
3293,43293,N/A
3294,43294,N/A
3295,43295,N/A
3296,43296,N/A
3297,43297,N/A
3298,43298,N/A
3299,43299,N/A
3300,43300,N/A
3301,43301,N/A
3302,43302,N/A
3303,43303,N/A
3304,43304,N/A
3305,43305,N/A
3306,43306,N/A
3307,43307,N/A
3308,43308,N/A
3309,43309,N/A
3310,43310,N/A
3311,43311,N/A
3312,43312,N/A
3313,43313,N/A
3314,43314,N/A
3315,43315,N/A
3316,43316,N/A
3317,43317,N/A
3318,43318,N/A
3319,43319,N/A
3320,43320,N/A
3321,43321,N/A
3322,43322,N/A
3323,43323,N/A
3324,43324,N/A
3325,43325,N/A
3326,43326,N/A
3327,43327,N/A
3328,43328,N/A
3329,43329,N/A
3330,43330,N/A
3331,43331,N/A
3332,43332,N/A
3333,43333,N/A
3334,43334,N/A
3335,43335,N/A
3336,43336,N/A
3337,43337,N/A
3338,43338,N/A
3339,43339,N/A
3340,43340,N/A
3341,43341,N/A
3342,43342,N/A
3343,43343,N/A
3344,43344,N/A
3345,43345,N/A
3346,43346,N/A
3347,43347,N/A
3348,43348,N/A
3349,43349,N/A
3350,43350,N/A
3351,43351,N/A
3352,43352,N/A
3353,43353,N/A
3354,43354,N/A
3355,43355,N/A
3356,43356,N/A
3357,43357,N/A
3358,43358,N/A
3359,43359,N/A
3360,43360,N/A
3361,43361,N/A
3362,43362,N/A
3363,43363,N/A
3364,43364,N/A
3365,43365,N/A
3366,43366,N/A
3367,43367,N/A
3368,43368,N/A
3369,43369,N/A
3370,43370,N/A
3371,43371,N/A
3372,43372,N/A
3373,43373,N/A
3374,43374,N/A
3375,43375,N/A
3376,43376,N/A
3377,43377,N/A
3378,43378,N/A
3379,43379,N/A
3380,43380,N/A
3381,43381,N/A
3382,43382,N/A
3383,43383,N/A
3384,43384,N/A
3385,43385,N/A
3386,43386,N/A
3387,43387,N/A
3388,43388,N/A
3389,43389,N/A
3390,43390,N/A
3391,43391,N/A
3392,43392,N/A
3393,43393,N/A
3394,43394,N/A
3395,43395,N/A
3396,43396,N/A
3397,43397,N/A
3398,43398,N/A
3399,43399,N/A
3400,43400,N/A
3401,43401,N/A
3402,43402,N/A
3403,43403,N/A
3404,43404,N/A
3405,43405,N/A
3406,43406,N/A
3407,43407,N/A
3408,43408,N/A
3409,43409,N/A
3410,43410,N/A
3411,43411,N/A
3412,43412,N/A
3413,43413,N/A
3414,43414,N/A
3415,43415,N/A
3416,43416,N/A
3417,43417,N/A
3418,43418,N/A
3419,43419,N/A
3420,43420,N/A
3421,43421,N/A
3422,43422,N/A
3423,43423,N/A
3424,43424,N/A
3425,43425,N/A
3426,43426,N/A
3427,43427,N/A
3428,43428,N/A
3429,43429,N/A
3430,43430,N/A
3431,43431,N/A
3432,43432,N/A
3433,43433,N/A
3434,43434,N/A
3435,43435,N/A
3436,43436,N/A
3437,43437,N/A
3438,43438,N/A
3439,43439,N/A
3440,43440,N/A
3441,43441,N/A
3442,43442,N/A
3443,43443,N/A
3444,43444,N/A
3445,43445,N/A
3446,43446,N/A
3447,43447,N/A
3448,43448,N/A
3449,43449,N/A
3450,43450,N/A
3451,43451,N/A
3452,43452,N/A
3453,43453,N/A
3454,43454,N/A
3455,43455,N/A
3456,43456,N/A
3457,43457,N/A
3458,43458,N/A
3459,43459,N/A
3460,43460,N/A
3461,43461,N/A
3462,43462,N/A
3463,43463,N/A
3464,43464,N/A
3465,43465,N/A
3466,43466,N/A
3467,43467,N/A
3468,43468,N/A
3469,43469,N/A
3470,43470,N/A
3471,43471,N/A
3472,43472,N/A
3473,43473,N/A
3474,43474,N/A
3475,43475,N/A
3476,43476,N/A
3477,43477,N/A
3478,43478,N/A
3479,43479,N/A
3480,43480,N/A
3481,43481,N/A
3482,43482,N/A
3483,43483,N/A
3484,43484,N/A
3485,43485,N/A
3486,43486,N/A
3487,43487,N/A
3488,43488,N/A
3489,43489,N/A
3490,43490,N/A
3491,43491,N/A
3492,43492,N/A
3493,43493,N/A
3494,43494,N/A
3495,43495,N/A
3496,43496,N/A
3497,43497,N/A
3498,43498,N/A
3499,43499,N/A
3500,43500,N/A
3501,43501,N/A
3502,43502,N/A
3503,43503,N/A
3504,43504,N/A
3505,43505,N/A
3506,43506,N/A
3507,43507,N/A
3508,43508,N/A
3509,43509,N/A
3510,43510,N/A
3511,43511,N/A
3512,43512,N/A
3513,43513,N/A
3514,43514,N/A
3515,43515,N/A
3516,43516,N/A
3517,43517,N/A
3518,43518,N/A
3519,43519,N/A
3520,43520,N/A
3521,43521,N/A
3522,43522,N/A
3523,43523,N/A
3524,43524,N/A
3525,43525,N/A
3526,43526,N/A
3527,43527,N/A
3528,43528,N/A
3529,43529,N/A
3530,43530,N/A
3531,43531,N/A
3532,43532,N/A
3533,43533,N/A
3534,43534,N/A
3535,43535,N/A
3536,43536,N/A
3537,43537,N/A
3538,43538,N/A
3539,43539,N/A
3540,43540,N/A
3541,43541,N/A
3542,43542,N/A
3543,43543,N/A
3544,43544,N/A
3545,43545,N/A
3546,43546,N/A
3547,43547,N/A
3548,43548,N/A
3549,43549,N/A
3550,43550,N/A
3551,43551,N/A
3552,43552,N/A
3553,43553,N/A
3554,43554,N/A
3555,43555,N/A
3556,43556,N/A
3557,43557,N/A
3558,43558,N/A
3559,43559,N/A
3560,43560,N/A
3561,43561,N/A
3562,43562,N/A
3563,43563,N/A
3564,43564,N/A
3565,43565,N/A
3566,43566,N/A
3567,43567,N/A
3568,43568,N/A
3569,43569,N/A
3570,43570,N/A
3571,43571,N/A
3572,43572,N/A
3573,43573,N/A
3574,43574,N/A
3575,43575,N/A
3576,43576,N/A
3577,43577,N/A
3578,43578,N/A
3579,43579,N/A
3580,43580,N/A
3581,43581,N/A
3582,43582,N/A
3583,43583,N/A
3584,43584,N/A
3585,43585,N/A
3586,43586,N/A
3587,43587,N/A
3588,43588,N/A
3589,43589,N/A
3590,43590,N/A
3591,43591,N/A
3592,43592,N/A
3593,43593,N/A
3594,43594,N/A
3595,43595,N/A
3596,43596,N/A
3597,43597,N/A
3598,43598,N/A
3599,43599,N/A
3600,43600,N/A
3601,43601,N/A
3602,43602,N/A
3603,43603,N/A
3604,43604,N/A
3605,43605,N/A
3606,43606,N/A
3607,43607,N/A
3608,43608,N/A
3609,43609,N/A
3610,43610,N/A
3611,43611,N/A
3612,43612,N/A
3613,43613,N/A
3614,43614,N/A
3615,43615,N/A
3616,43616,N/A
3617,43617,N/A
3618,43618,N/A
3619,43619,N/A
3620,43620,N/A
3621,43621,N/A
3622,43622,N/A
3623,43623,N/A
3624,43624,N/A
3625,43625,N/A
3626,43626,N/A
3627,43627,N/A
3628,43628,N/A
3629,43629,N/A
3630,43630,N/A
3631,43631,N/A
3632,43632,N/A
3633,43633,N/A
3634,43634,N/A
3635,43635,N/A
3636,43636,N/A
3637,43637,N/A
3638,43638,N/A
3639,43639,N/A
3640,43640,N/A
3641,43641,N/A
3642,43642,N/A
3643,43643,N/A
3644,43644,N/A
3645,43645,N/A
3646,43646,N/A
3647,43647,N/A
3648,43648,N/A
3649,43649,N/A
3650,43650,N/A
3651,43651,N/A
3652,43652,N/A
3653,43653,N/A
3654,43654,N/A
3655,43655,N/A
3656,43656,N/A
3657,43657,N/A
3658,43658,N/A
3659,43659,N/A
3660,43660,N/A
3661,43661,N/A
3662,43662,N/A
3663,43663,N/A
3664,43664,N/A
3665,43665,N/A
3666,43666,N/A
3667,43667,N/A
3668,43668,N/A
3669,43669,N/A
3670,43670,N/A
3671,43671,N/A
3672,43672,N/A
3673,43673,N/A
3674,43674,N/A
3675,43675,N/A
3676,43676,N/A
3677,43677,N/A
3678,43678,N/A
3679,43679,N/A
3680,43680,N/A
3681,43681,N/A
3682,43682,N/A
3683,43683,N/A
3684,43684,N/A
3685,43685,N/A
3686,43686,N/A
3687,43687,N/A
3688,43688,N/A
3689,43689,N/A
3690,43690,N/A
3691,43691,N/A
3692,43692,N/A
3693,43693,N/A
3694,43694,N/A
3695,43695,N/A
3696,43696,N/A
3697,43697,N/A
3698,43698,N/A
3699,43699,N/A
3700,43700,N/A
3701,43701,N/A
3702,43702,N/A
3703,43703,N/A
3704,43704,N/A
3705,43705,N/A
3706,43706,N/A
3707,43707,N/A
3708,43708,N/A
3709,43709,N/A
3710,43710,N/A
3711,43711,N/A
3712,43712,N/A
3713,43713,N/A
3714,43714,N/A
3715,43715,N/A
3716,43716,N/A
3717,43717,N/A
3718,43718,N/A
3719,43719,N/A
3720,43720,N/A
3721,43721,N/A
3722,43722,N/A
3723,43723,N/A
3724,43724,N/A
3725,43725,N/A
3726,43726,N/A
3727,43727,N/A
3728,43728,N/A
3729,43729,N/A
3730,43730,N/A
3731,43731,N/A
3732,43732,N/A
3733,43733,N/A
3734,43734,N/A
3735,43735,N/A
3736,43736,N/A
3737,43737,N/A
3738,43738,N/A
3739,43739,N/A
3740,43740,N/A
3741,43741,N/A
3742,43742,N/A
3743,43743,N/A
3744,43744,N/A
3745,43745,N/A
3746,43746,N/A
3747,43747,N/A
3748,43748,N/A
3749,43749,N/A
3750,43750,N/A
3751,43751,N/A
3752,43752,N/A
3753,43753,N/A
3754,43754,N/A
3755,43755,N/A
3756,43756,N/A
3757,43757,N/A
3758,43758,N/A
3759,43759,N/A
3760,43760,N/A
3761,43761,N/A
3762,43762,N/A
3763,43763,N/A
3764,43764,N/A
3765,43765,N/A
3766,43766,N/A
3767,43767,N/A
3768,43768,N/A
3769,43769,N/A
3770,43770,N/A
3771,43771,N/A
3772,43772,N/A
3773,43773,N/A
3774,43774,N/A
3775,43775,N/A
3776,43776,N/A
3777,43777,N/A
3778,43778,N/A
3779,43779,N/A
3780,43780,N/A
3781,43781,N/A
3782,43782,N/A
3783,43783,N/A
3784,43784,N/A
3785,43785,N/A
3786,43786,N/A
3787,43787,N/A
3788,43788,N/A
3789,43789,N/A
3790,43790,N/A
3791,43791,N/A
3792,43792,N/A
3793,43793,N/A
3794,43794,N/A
3795,43795,N/A
3796,43796,N/A
3797,43797,N/A
3798,43798,N/A
3799,43799,N/A
3800,43800,N/A
3801,43801,N/A
3802,43802,N/A
3803,43803,N/A
3804,43804,N/A
3805,43805,N/A
3806,43806,N/A
3807,43807,N/A
3808,43808,N/A
3809,43809,N/A
3810,43810,N/A
3811,43811,N/A
3812,43812,N/A
3813,43813,N/A
3814,43814,N/A
3815,43815,N/A
3816,43816,N/A
3817,43817,N/A
3818,43818,N/A
3819,43819,N/A
3820,43820,N/A
3821,43821,N/A
3822,43822,N/A
3823,43823,N/A
3824,43824,N/A
3825,43825,N/A
3826,43826,N/A
3827,43827,N/A
3828,43828,N/A
3829,43829,N/A
3830,43830,N/A
3831,43831,N/A
3832,43832,N/A
3833,43833,N/A
3834,43834,N/A
3835,43835,N/A
3836,43836,N/A
3837,43837,N/A
3838,43838,N/A
3839,43839,N/A
3840,43840,N/A
3841,43841,N/A
3842,43842,N/A
3843,43843,N/A
3844,43844,N/A
3845,43845,N/A
3846,43846,N/A
3847,43847,N/A
3848,43848,N/A
3849,43849,N/A
3850,43850,N/A
3851,43851,N/A
3852,43852,N/A
3853,43853,N/A
3854,43854,N/A
3855,43855,N/A
3856,43856,N/A
3857,43857,N/A
3858,43858,N/A
3859,43859,N/A
3860,43860,N/A
3861,43861,N/A
3862,43862,N/A
3863,43863,N/A
3864,43864,N/A
3865,43865,N/A
3866,43866,N/A
3867,43867,N/A
3868,43868,N/A
3869,43869,N/A
3870,43870,N/A
3871,43871,N/A
3872,43872,N/A
3873,43873,N/A
3874,43874,N/A
3875,43875,N/A
3876,43876,N/A
3877,43877,N/A
3878,43878,N/A
3879,43879,N/A
3880,43880,N/A
3881,43881,N/A
3882,43882,N/A
3883,43883,N/A
3884,43884,N/A
3885,43885,N/A
3886,43886,N/A
3887,43887,N/A
3888,43888,N/A
3889,43889,N/A
3890,43890,N/A
3891,43891,N/A
3892,43892,N/A
3893,43893,N/A
3894,43894,N/A
3895,43895,N/A
3896,43896,N/A
3897,43897,N/A
3898,43898,N/A
3899,43899,N/A
3900,43900,N/A
3901,43901,N/A
3902,43902,N/A
3903,43903,N/A
3904,43904,N/A
3905,43905,N/A
3906,43906,N/A
3907,43907,N/A
3908,43908,N/A
3909,43909,N/A
3910,43910,N/A
3911,43911,N/A
3912,43912,N/A
3913,43913,N/A
3914,43914,N/A
3915,43915,N/A
3916,43916,N/A
3917,43917,N/A
3918,43918,N/A
3919,43919,N/A
3920,43920,N/A
3921,43921,N/A
3922,43922,N/A
3923,43923,N/A
3924,43924,N/A
3925,43925,N/A
3926,43926,N/A
3927,43927,N/A
3928,43928,N/A
3929,43929,N/A
3930,43930,N/A
3931,43931,N/A
3932,43932,N/A
3933,43933,N/A
3934,43934,N/A
3935,43935,N/A
3936,43936,N/A
3937,43937,N/A
3938,43938,N/A
3939,43939,N/A
3940,43940,N/A
3941,43941,N/A
3942,43942,N/A
3943,43943,N/A
3944,43944,N/A
3945,43945,N/A
3946,43946,N/A
3947,43947,N/A
3948,43948,N/A
3949,43949,N/A
3950,43950,N/A
3951,43951,N/A
3952,43952,N/A
3953,43953,N/A
3954,43954,N/A
3955,43955,N/A
3956,43956,N/A
3957,43957,N/A
3958,43958,N/A
3959,43959,N/A
3960,43960,N/A
3961,43961,N/A
3962,43962,N/A
3963,43963,N/A
3964,43964,N/A
3965,43965,N/A
3966,43966,N/A
3967,43967,N/A
3968,43968,N/A
3969,43969,N/A
3970,43970,N/A
3971,43971,N/A
3972,43972,N/A
3973,43973,N/A
3974,43974,N/A
3975,43975,N/A
3976,43976,N/A
3977,43977,N/A
3978,43978,N/A
3979,43979,N/A
3980,43980,N/A
3981,43981,N/A
3982,43982,N/A
3983,43983,N/A
3984,43984,N/A
3985,43985,N/A
3986,43986,N/A
3987,43987,N/A
3988,43988,N/A
3989,43989,N/A
3990,43990,N/A
3991,43991,N/A
3992,43992,N/A
3993,43993,N/A
3994,43994,N/A
3995,43995,N/A
3996,43996,N/A
3997,43997,N/A
3998,43998,N/A
3999,43999,N/A
4000,44000,N/A
4001,44001,N/A
4002,44002,N/A
4003,44003,N/A
4004,44004,N/A
4005,44005,N/A
4006,44006,N/A
4007,44007,N/A
4008,44008,N/A
4009,44009,N/A
4010,44010,N/A
4011,44011,N/A
4012,44012,N/A
4013,44013,N/A
4014,44014,N/A
4015,44015,N/A
4016,44016,N/A
4017,44017,N/A
4018,44018,N/A
4019,44019,N/A
4020,44020,N/A
4021,44021,N/A
4022,44022,N/A
4023,44023,N/A
4024,44024,N/A
4025,44025,N/A
4026,44026,N/A
4027,44027,N/A
4028,44028,N/A
4029,44029,N/A
4030,44030,N/A
4031,44031,N/A
4032,44032,N/A
4033,44033,N/A
4034,44034,N/A
4035,44035,N/A
4036,44036,N/A
4037,44037,N/A
4038,44038,N/A
4039,44039,N/A
4040,44040,N/A
4041,44041,N/A
4042,44042,N/A
4043,44043,N/A
4044,44044,N/A
4045,44045,N/A
4046,44046,N/A
4047,44047,N/A
4048,44048,N/A
4049,44049,N/A
4050,44050,N/A
4051,44051,N/A
4052,44052,N/A
4053,44053,N/A
4054,44054,N/A
4055,44055,N/A
4056,44056,N/A
4057,44057,N/A
4058,44058,N/A
4059,44059,N/A
4060,44060,N/A
4061,44061,N/A
4062,44062,N/A
4063,44063,N/A
4064,44064,N/A
4065,44065,N/A
4066,44066,N/A
4067,44067,N/A
4068,44068,N/A
4069,44069,N/A
4070,44070,N/A
4071,44071,N/A
4072,44072,N/A
4073,44073,N/A
4074,44074,N/A
4075,44075,N/A
4076,44076,N/A
4077,44077,N/A
4078,44078,N/A
4079,44079,N/A
4080,44080,N/A
4081,44081,N/A
4082,44082,N/A
4083,44083,N/A
4084,44084,N/A
4085,44085,N/A
4086,44086,N/A
4087,44087,N/A
4088,44088,N/A
4089,44089,N/A
4090,44090,N/A
4091,44091,N/A
4092,44092,N/A
4093,44093,N/A
4094,44094,N/A
4095,44095,N/A
4096,44096,N/A
4097,44097,N/A
4098,44098,N/A
4099,44099,N/A
4100,44100,N/A
4101,44101,N/A
4102,44102,N/A
4103,44103,N/A
4104,44104,N/A
4105,44105,N/A
4106,44106,N/A
4107,44107,N/A
4108,44108,N/A
4109,44109,N/A
4110,44110,N/A
4111,44111,N/A
4112,44112,N/A
4113,44113,N/A
4114,44114,N/A
4115,44115,N/A
4116,44116,N/A
4117,44117,N/A
4118,44118,N/A
4119,44119,N/A
4120,44120,N/A
4121,44121,N/A
4122,44122,N/A
4123,44123,N/A
4124,44124,N/A
4125,44125,N/A
4126,44126,N/A
4127,44127,N/A
4128,44128,N/A
4129,44129,N/A
4130,44130,N/A
4131,44131,N/A
4132,44132,N/A
4133,44133,N/A
4134,44134,N/A
4135,44135,N/A
4136,44136,N/A
4137,44137,N/A
4138,44138,N/A
4139,44139,N/A
4140,44140,N/A
4141,44141,N/A
4142,44142,N/A
4143,44143,N/A
4144,44144,N/A
4145,44145,N/A
4146,44146,N/A
4147,44147,N/A
4148,44148,N/A
4149,44149,N/A
4150,44150,N/A
4151,44151,N/A
4152,44152,N/A
4153,44153,N/A
4154,44154,N/A
4155,44155,N/A
4156,44156,N/A
4157,44157,N/A
4158,44158,N/A
4159,44159,N/A
4160,44160,N/A
4161,44161,N/A
4162,44162,N/A
4163,44163,N/A
4164,44164,N/A
4165,44165,N/A
4166,44166,N/A
4167,44167,N/A
4168,44168,N/A
4169,44169,N/A
4170,44170,N/A
4171,44171,N/A
4172,44172,N/A
4173,44173,N/A
4174,44174,N/A
4175,44175,N/A
4176,44176,N/A
4177,44177,N/A
4178,44178,N/A
4179,44179,N/A
4180,44180,N/A
4181,44181,N/A
4182,44182,N/A
4183,44183,N/A
4184,44184,N/A
4185,44185,N/A
4186,44186,N/A
4187,44187,N/A
4188,44188,N/A
4189,44189,N/A
4190,44190,N/A
4191,44191,N/A
4192,44192,N/A
4193,44193,N/A
4194,44194,N/A
4195,44195,N/A
4196,44196,N/A
4197,44197,N/A
4198,44198,N/A
4199,44199,N/A
4200,44200,N/A
4201,44201,N/A
4202,44202,N/A
4203,44203,N/A
4204,44204,N/A
4205,44205,N/A
4206,44206,N/A
4207,44207,N/A
4208,44208,N/A
4209,44209,N/A
4210,44210,N/A
4211,44211,N/A
4212,44212,N/A
4213,44213,N/A
4214,44214,N/A
4215,44215,N/A
4216,44216,N/A
4217,44217,N/A
4218,44218,N/A
4219,44219,N/A
4220,44220,N/A
4221,44221,N/A
4222,44222,N/A
4223,44223,N/A
4224,44224,N/A
4225,44225,N/A
4226,44226,N/A
4227,44227,N/A
4228,44228,N/A
4229,44229,N/A
4230,44230,N/A
4231,44231,N/A
4232,44232,N/A
4233,44233,N/A
4234,44234,N/A
4235,44235,N/A
4236,44236,N/A
4237,44237,N/A
4238,44238,N/A
4239,44239,N/A
4240,44240,N/A
4241,44241,N/A
4242,44242,N/A
4243,44243,N/A
4244,44244,N/A
4245,44245,N/A
4246,44246,N/A
4247,44247,N/A
4248,44248,N/A
4249,44249,N/A
4250,44250,N/A
4251,44251,N/A
4252,44252,N/A
4253,44253,N/A
4254,44254,N/A
4255,44255,N/A
4256,44256,N/A
4257,44257,N/A
4258,44258,N/A
4259,44259,N/A
4260,44260,N/A
4261,44261,N/A
4262,44262,N/A
4263,44263,N/A
4264,44264,N/A
4265,44265,N/A
4266,44266,N/A
4267,44267,N/A
4268,44268,N/A
4269,44269,N/A
4270,44270,N/A
4271,44271,N/A
4272,44272,N/A
4273,44273,N/A
4274,44274,N/A
4275,44275,N/A
4276,44276,N/A
4277,44277,N/A
4278,44278,N/A
4279,44279,N/A
4280,44280,N/A
4281,44281,N/A
4282,44282,N/A
4283,44283,N/A
4284,44284,N/A
4285,44285,N/A
4286,44286,N/A
4287,44287,N/A
4288,44288,N/A
4289,44289,N/A
4290,44290,N/A
4291,44291,N/A
4292,44292,N/A
4293,44293,N/A
4294,44294,N/A
4295,44295,N/A
4296,44296,N/A
4297,44297,N/A
4298,44298,N/A
4299,44299,N/A
4300,44300,N/A
4301,44301,N/A
4302,44302,N/A
4303,44303,N/A
4304,44304,N/A
4305,44305,N/A
4306,44306,N/A
4307,44307,N/A
4308,44308,N/A
4309,44309,N/A
4310,44310,N/A
4311,44311,N/A
4312,44312,N/A
4313,44313,N/A
4314,44314,N/A
4315,44315,N/A
4316,44316,N/A
4317,44317,N/A
4318,44318,N/A
4319,44319,N/A
4320,44320,N/A
4321,44321,N/A
4322,44322,N/A
4323,44323,N/A
4324,44324,N/A
4325,44325,N/A
4326,44326,N/A
4327,44327,N/A
4328,44328,N/A
4329,44329,N/A
4330,44330,N/A
4331,44331,N/A
4332,44332,N/A
4333,44333,N/A
4334,44334,N/A
4335,44335,N/A
4336,44336,N/A
4337,44337,N/A
4338,44338,N/A
4339,44339,N/A
4340,44340,N/A
4341,44341,N/A
4342,44342,N/A
4343,44343,N/A
4344,44344,N/A
4345,44345,N/A
4346,44346,N/A
4347,44347,N/A
4348,44348,N/A
4349,44349,N/A
4350,44350,N/A
4351,44351,N/A
4352,44352,N/A
4353,44353,N/A
4354,44354,N/A
4355,44355,N/A
4356,44356,N/A
4357,44357,N/A
4358,44358,N/A
4359,44359,N/A
4360,44360,N/A
4361,44361,N/A
4362,44362,N/A
4363,44363,N/A
4364,44364,N/A
4365,44365,N/A
4366,44366,N/A
4367,44367,N/A
4368,44368,N/A
4369,44369,N/A
4370,44370,N/A
4371,44371,N/A
4372,44372,N/A
4373,44373,N/A
4374,44374,N/A
4375,44375,N/A
4376,44376,N/A
4377,44377,N/A
4378,44378,N/A
4379,44379,N/A
4380,44380,N/A
4381,44381,N/A
4382,44382,N/A
4383,44383,N/A
4384,44384,N/A
4385,44385,N/A
4386,44386,N/A
4387,44387,N/A
4388,44388,N/A
4389,44389,N/A
4390,44390,N/A
4391,44391,N/A
4392,44392,N/A
4393,44393,N/A
4394,44394,N/A
4395,44395,N/A
4396,44396,N/A
4397,44397,N/A
4398,44398,N/A
4399,44399,N/A
4400,44400,N/A
4401,44401,N/A
4402,44402,N/A
4403,44403,N/A
4404,44404,N/A
4405,44405,N/A
4406,44406,N/A
4407,44407,N/A
4408,44408,N/A
4409,44409,N/A
4410,44410,N/A
4411,44411,N/A
4412,44412,N/A
4413,44413,N/A
4414,44414,N/A
4415,44415,N/A
4416,44416,N/A
4417,44417,N/A
4418,44418,N/A
4419,44419,N/A
4420,44420,N/A
4421,44421,N/A
4422,44422,N/A
4423,44423,N/A
4424,44424,N/A
4425,44425,N/A
4426,44426,N/A
4427,44427,N/A
4428,44428,N/A
4429,44429,N/A
4430,44430,N/A
4431,44431,N/A
4432,44432,N/A
4433,44433,N/A
4434,44434,N/A
4435,44435,N/A
4436,44436,N/A
4437,44437,N/A
4438,44438,N/A
4439,44439,N/A
4440,44440,N/A
4441,44441,N/A
4442,44442,N/A
4443,44443,N/A
4444,44444,N/A
4445,44445,N/A
4446,44446,N/A
4447,44447,N/A
4448,44448,N/A
4449,44449,N/A
4450,44450,N/A
4451,44451,N/A
4452,44452,N/A
4453,44453,N/A
4454,44454,N/A
4455,44455,N/A
4456,44456,N/A
4457,44457,N/A
4458,44458,N/A
4459,44459,N/A
4460,44460,N/A
4461,44461,N/A
4462,44462,N/A
4463,44463,N/A
4464,44464,N/A
4465,44465,N/A
4466,44466,N/A
4467,44467,N/A
4468,44468,N/A
4469,44469,N/A
4470,44470,N/A
4471,44471,N/A
4472,44472,N/A
4473,44473,N/A
4474,44474,N/A
4475,44475,N/A
4476,44476,N/A
4477,44477,N/A
4478,44478,N/A
4479,44479,N/A
4480,44480,N/A
4481,44481,N/A
4482,44482,N/A
4483,44483,N/A
4484,44484,N/A
4485,44485,N/A
4486,44486,N/A
4487,44487,N/A
4488,44488,N/A
4489,44489,N/A
4490,44490,N/A
4491,44491,N/A
4492,44492,N/A
4493,44493,N/A
4494,44494,N/A
4495,44495,N/A
4496,44496,N/A
4497,44497,N/A
4498,44498,N/A
4499,44499,N/A
4500,44500,N/A
4501,44501,N/A
4502,44502,N/A
4503,44503,N/A
4504,44504,N/A
4505,44505,N/A
4506,44506,N/A
4507,44507,N/A
4508,44508,N/A
4509,44509,N/A
4510,44510,N/A
4511,44511,N/A
4512,44512,N/A
4513,44513,N/A
4514,44514,N/A
4515,44515,N/A
4516,44516,N/A
4517,44517,N/A
4518,44518,N/A
4519,44519,N/A
4520,44520,N/A
4521,44521,N/A
4522,44522,N/A
4523,44523,N/A
4524,44524,N/A
4525,44525,N/A
4526,44526,N/A
4527,44527,N/A
4528,44528,N/A
4529,44529,N/A
4530,44530,N/A
4531,44531,N/A
4532,44532,N/A
4533,44533,N/A
4534,44534,N/A
4535,44535,N/A
4536,44536,N/A
4537,44537,N/A
4538,44538,N/A
4539,44539,N/A
4540,44540,N/A
4541,44541,N/A
4542,44542,N/A
4543,44543,N/A
4544,44544,N/A
4545,44545,N/A
4546,44546,N/A
4547,44547,N/A
4548,44548,N/A
4549,44549,N/A
4550,44550,N/A
4551,44551,N/A
4552,44552,N/A
4553,44553,N/A
4554,44554,N/A
4555,44555,N/A
4556,44556,N/A
4557,44557,N/A
4558,44558,N/A
4559,44559,N/A
4560,44560,N/A
4561,44561,N/A
4562,44562,N/A
4563,44563,N/A
4564,44564,N/A
4565,44565,N/A
4566,44566,N/A
4567,44567,N/A
4568,44568,N/A
4569,44569,N/A
4570,44570,N/A
4571,44571,N/A
4572,44572,N/A
4573,44573,N/A
4574,44574,N/A
4575,44575,N/A
4576,44576,N/A
4577,44577,N/A
4578,44578,N/A
4579,44579,N/A
4580,44580,N/A
4581,44581,N/A
4582,44582,N/A
4583,44583,N/A
4584,44584,N/A
4585,44585,N/A
4586,44586,N/A
4587,44587,N/A
4588,44588,N/A
4589,44589,N/A
4590,44590,N/A
4591,44591,N/A
4592,44592,N/A
4593,44593,N/A
4594,44594,N/A
4595,44595,N/A
4596,44596,N/A
4597,44597,N/A
4598,44598,N/A
4599,44599,N/A
4600,44600,N/A
4601,44601,N/A
4602,44602,N/A
4603,44603,N/A
4604,44604,N/A
4605,44605,N/A
4606,44606,N/A
4607,44607,N/A
4608,44608,N/A
4609,44609,N/A
4610,44610,N/A
4611,44611,N/A
4612,44612,N/A
4613,44613,N/A
4614,44614,N/A
4615,44615,N/A
4616,44616,N/A
4617,44617,N/A
4618,44618,N/A
4619,44619,N/A
4620,44620,N/A
4621,44621,N/A
4622,44622,N/A
4623,44623,N/A
4624,44624,N/A
4625,44625,N/A
4626,44626,N/A
4627,44627,N/A
4628,44628,N/A
4629,44629,N/A
4630,44630,N/A
4631,44631,N/A
4632,44632,N/A
4633,44633,N/A
4634,44634,N/A
4635,44635,N/A
4636,44636,N/A
4637,44637,N/A
4638,44638,N/A
4639,44639,N/A
4640,44640,N/A
4641,44641,N/A
4642,44642,N/A
4643,44643,N/A
4644,44644,N/A
4645,44645,N/A
4646,44646,N/A
4647,44647,N/A
4648,44648,N/A
4649,44649,N/A
4650,44650,N/A
4651,44651,N/A
4652,44652,N/A
4653,44653,N/A
4654,44654,N/A
4655,44655,N/A
4656,44656,N/A
4657,44657,N/A
4658,44658,N/A
4659,44659,N/A
4660,44660,N/A
4661,44661,N/A
4662,44662,N/A
4663,44663,N/A
4664,44664,N/A
4665,44665,N/A
4666,44666,N/A
4667,44667,N/A
4668,44668,N/A
4669,44669,N/A
4670,44670,N/A
4671,44671,N/A
4672,44672,N/A
4673,44673,N/A
4674,44674,N/A
4675,44675,N/A
4676,44676,N/A
4677,44677,N/A
4678,44678,N/A
4679,44679,N/A
4680,44680,N/A
4681,44681,N/A
4682,44682,N/A
4683,44683,N/A
4684,44684,N/A
4685,44685,N/A
4686,44686,N/A
4687,44687,N/A
4688,44688,N/A
4689,44689,N/A
4690,44690,N/A
4691,44691,N/A
4692,44692,N/A
4693,44693,N/A
4694,44694,N/A
4695,44695,N/A
4696,44696,N/A
4697,44697,N/A
4698,44698,N/A
4699,44699,N/A
4700,44700,N/A
4701,44701,N/A
4702,44702,N/A
4703,44703,N/A
4704,44704,N/A
4705,44705,N/A
4706,44706,N/A
4707,44707,N/A
4708,44708,N/A
4709,44709,N/A
4710,44710,N/A
4711,44711,N/A
4712,44712,N/A
4713,44713,N/A
4714,44714,N/A
4715,44715,N/A
4716,44716,N/A
4717,44717,N/A
4718,44718,N/A
4719,44719,N/A
4720,44720,N/A
4721,44721,N/A
4722,44722,N/A
4723,44723,N/A
4724,44724,N/A
4725,44725,N/A
4726,44726,N/A
4727,44727,N/A
4728,44728,N/A
4729,44729,N/A
4730,44730,N/A
4731,44731,N/A
4732,44732,N/A
4733,44733,N/A
4734,44734,N/A
4735,44735,N/A
4736,44736,N/A
4737,44737,N/A
4738,44738,N/A
4739,44739,N/A
4740,44740,N/A
4741,44741,N/A
4742,44742,N/A
4743,44743,N/A
4744,44744,N/A
4745,44745,N/A
4746,44746,N/A
4747,44747,N/A
4748,44748,N/A
4749,44749,N/A
4750,44750,N/A
4751,44751,N/A
4752,44752,N/A
4753,44753,N/A
4754,44754,N/A
4755,44755,N/A
4756,44756,N/A
4757,44757,N/A
4758,44758,N/A
4759,44759,N/A
4760,44760,N/A
4761,44761,N/A
4762,44762,N/A
4763,44763,N/A
4764,44764,N/A
4765,44765,N/A
4766,44766,N/A
4767,44767,N/A
4768,44768,N/A
4769,44769,N/A
4770,44770,N/A
4771,44771,N/A
4772,44772,N/A
4773,44773,N/A
4774,44774,N/A
4775,44775,N/A
4776,44776,N/A
4777,44777,N/A
4778,44778,N/A
4779,44779,N/A
4780,44780,N/A
4781,44781,N/A
4782,44782,N/A
4783,44783,N/A
4784,44784,N/A
4785,44785,N/A
4786,44786,N/A
4787,44787,N/A
4788,44788,N/A
4789,44789,N/A
4790,44790,N/A
4791,44791,N/A
4792,44792,N/A
4793,44793,N/A
4794,44794,N/A
4795,44795,N/A
4796,44796,N/A
4797,44797,N/A
4798,44798,N/A
4799,44799,N/A
4800,44800,N/A
4801,44801,N/A
4802,44802,N/A
4803,44803,N/A
4804,44804,N/A
4805,44805,N/A
4806,44806,N/A
4807,44807,N/A
4808,44808,N/A
4809,44809,N/A
4810,44810,N/A
4811,44811,N/A
4812,44812,N/A
4813,44813,N/A
4814,44814,N/A
4815,44815,N/A
4816,44816,N/A
4817,44817,N/A
4818,44818,N/A
4819,44819,N/A
4820,44820,N/A
4821,44821,N/A
4822,44822,N/A
4823,44823,N/A
4824,44824,N/A
4825,44825,N/A
4826,44826,N/A
4827,44827,N/A
4828,44828,N/A
4829,44829,N/A
4830,44830,N/A
4831,44831,N/A
4832,44832,N/A
4833,44833,N/A
4834,44834,N/A
4835,44835,N/A
4836,44836,N/A
4837,44837,N/A
4838,44838,N/A
4839,44839,N/A
4840,44840,N/A
4841,44841,N/A
4842,44842,N/A
4843,44843,N/A
4844,44844,N/A
4845,44845,N/A
4846,44846,N/A
4847,44847,N/A
4848,44848,N/A
4849,44849,N/A
4850,44850,N/A
4851,44851,N/A
4852,44852,N/A
4853,44853,N/A
4854,44854,N/A
4855,44855,N/A
4856,44856,N/A
4857,44857,N/A
4858,44858,N/A
4859,44859,N/A
4860,44860,N/A
4861,44861,N/A
4862,44862,N/A
4863,44863,N/A
4864,44864,N/A
4865,44865,N/A
4866,44866,N/A
4867,44867,N/A
4868,44868,N/A
4869,44869,N/A
4870,44870,N/A
4871,44871,N/A
4872,44872,N/A
4873,44873,N/A
4874,44874,N/A
4875,44875,N/A
4876,44876,N/A
4877,44877,N/A
4878,44878,N/A
4879,44879,N/A
4880,44880,N/A
4881,44881,N/A
4882,44882,N/A
4883,44883,N/A
4884,44884,N/A
4885,44885,N/A
4886,44886,N/A
4887,44887,N/A
4888,44888,N/A
4889,44889,N/A
4890,44890,N/A
4891,44891,N/A
4892,44892,N/A
4893,44893,N/A
4894,44894,N/A
4895,44895,N/A
4896,44896,N/A
4897,44897,N/A
4898,44898,N/A
4899,44899,N/A
4900,44900,N/A
4901,44901,N/A
4902,44902,N/A
4903,44903,N/A
4904,44904,N/A
4905,44905,N/A
4906,44906,N/A
4907,44907,N/A
4908,44908,N/A
4909,44909,N/A
4910,44910,N/A
4911,44911,N/A
4912,44912,N/A
4913,44913,N/A
4914,44914,N/A
4915,44915,N/A
4916,44916,N/A
4917,44917,N/A
4918,44918,N/A
4919,44919,N/A
4920,44920,N/A
4921,44921,N/A
4922,44922,N/A
4923,44923,N/A
4924,44924,N/A
4925,44925,N/A
4926,44926,N/A
4927,44927,N/A
4928,44928,N/A
4929,44929,N/A
4930,44930,N/A
4931,44931,N/A
4932,44932,N/A
4933,44933,N/A
4934,44934,N/A
4935,44935,N/A
4936,44936,N/A
4937,44937,N/A
4938,44938,N/A
4939,44939,N/A
4940,44940,N/A
4941,44941,N/A
4942,44942,N/A
4943,44943,N/A
4944,44944,N/A
4945,44945,N/A
4946,44946,N/A
4947,44947,N/A
4948,44948,N/A
4949,44949,N/A
4950,44950,N/A
4951,44951,N/A
4952,44952,N/A
4953,44953,N/A
4954,44954,N/A
4955,44955,N/A
4956,44956,N/A
4957,44957,N/A
4958,44958,N/A
4959,44959,N/A
4960,44960,N/A
4961,44961,N/A
4962,44962,N/A
4963,44963,N/A
4964,44964,N/A
4965,44965,N/A
4966,44966,N/A
4967,44967,N/A
4968,44968,N/A
4969,44969,N/A
4970,44970,N/A
4971,44971,N/A
4972,44972,N/A
4973,44973,N/A
4974,44974,N/A
4975,44975,N/A
4976,44976,N/A
4977,44977,N/A
4978,44978,N/A
4979,44979,N/A
4980,44980,N/A
4981,44981,N/A
4982,44982,N/A
4983,44983,N/A
4984,44984,N/A
4985,44985,N/A
4986,44986,N/A
4987,44987,N/A
4988,44988,N/A
4989,44989,N/A
4990,44990,N/A
4991,44991,N/A
4992,44992,N/A
4993,44993,N/A
4994,44994,N/A
4995,44995,N/A
4996,44996,N/A
4997,44997,N/A
4998,44998,N/A
4999,44999,N/A
5000,45000,N/A
5001,45001,N/A
5002,45002,N/A
5003,45003,N/A
5004,45004,N/A
5005,45005,N/A
5006,45006,N/A
5007,45007,N/A
5008,45008,N/A
5009,45009,N/A
5010,45010,N/A
5011,45011,N/A
5012,45012,N/A
5013,45013,N/A
5014,45014,N/A
5015,45015,N/A
5016,45016,N/A
5017,45017,N/A
5018,45018,N/A
5019,45019,N/A
5020,45020,N/A
5021,45021,N/A
5022,45022,N/A
5023,45023,N/A
5024,45024,N/A
5025,45025,N/A
5026,45026,N/A
5027,45027,N/A
5028,45028,N/A
5029,45029,N/A
5030,45030,N/A
5031,45031,N/A
5032,45032,N/A
5033,45033,N/A
5034,45034,N/A
5035,45035,N/A
5036,45036,N/A
5037,45037,N/A
5038,45038,N/A
5039,45039,N/A
5040,45040,N/A
5041,45041,N/A
5042,45042,N/A
5043,45043,N/A
5044,45044,N/A
5045,45045,N/A
5046,45046,N/A
5047,45047,N/A
5048,45048,N/A
5049,45049,N/A
5050,45050,N/A
5051,45051,N/A
5052,45052,N/A
5053,45053,N/A
5054,45054,N/A
5055,45055,N/A
5056,45056,N/A
5057,45057,N/A
5058,45058,N/A
5059,45059,N/A
5060,45060,N/A
5061,45061,N/A
5062,45062,N/A
5063,45063,N/A
5064,45064,N/A
5065,45065,N/A
5066,45066,N/A
5067,45067,N/A
5068,45068,N/A
5069,45069,N/A
5070,45070,N/A
5071,45071,N/A
5072,45072,N/A
5073,45073,N/A
5074,45074,N/A
5075,45075,N/A
5076,45076,N/A
5077,45077,N/A
5078,45078,N/A
5079,45079,N/A
5080,45080,N/A
5081,45081,N/A
5082,45082,N/A
5083,45083,N/A
5084,45084,N/A
5085,45085,N/A
5086,45086,N/A
5087,45087,N/A
5088,45088,N/A
5089,45089,N/A
5090,45090,N/A
5091,45091,N/A
5092,45092,N/A
5093,45093,N/A
5094,45094,N/A
5095,45095,N/A
5096,45096,N/A
5097,45097,N/A
5098,45098,N/A
5099,45099,N/A
5100,45100,N/A
5101,45101,N/A
5102,45102,N/A
5103,45103,N/A
5104,45104,N/A
5105,45105,N/A
5106,45106,N/A
5107,45107,N/A
5108,45108,N/A
5109,45109,N/A
5110,45110,N/A
5111,45111,N/A
5112,45112,N/A
5113,45113,N/A
5114,45114,N/A
5115,45115,N/A
5116,45116,N/A
5117,45117,N/A
5118,45118,N/A
5119,45119,N/A
5120,45120,N/A
5121,45121,N/A
5122,45122,N/A
5123,45123,N/A
5124,45124,N/A
5125,45125,N/A
5126,45126,N/A
5127,45127,N/A
5128,45128,N/A
5129,45129,N/A
5130,45130,N/A
5131,45131,N/A
5132,45132,N/A
5133,45133,N/A
5134,45134,N/A
5135,45135,N/A
5136,45136,N/A
5137,45137,N/A
5138,45138,N/A
5139,45139,N/A
5140,45140,N/A
5141,45141,N/A
5142,45142,N/A
5143,45143,N/A
5144,45144,N/A
5145,45145,N/A
5146,45146,N/A
5147,45147,N/A
5148,45148,N/A
5149,45149,N/A
5150,45150,N/A
5151,45151,N/A
5152,45152,N/A
5153,45153,N/A
5154,45154,N/A
5155,45155,N/A
5156,45156,N/A
5157,45157,N/A
5158,45158,N/A
5159,45159,N/A
5160,45160,N/A
5161,45161,N/A
5162,45162,N/A
5163,45163,N/A
5164,45164,N/A
5165,45165,N/A
5166,45166,N/A
5167,45167,N/A
5168,45168,N/A
5169,45169,N/A
5170,45170,N/A
5171,45171,N/A
5172,45172,N/A
5173,45173,N/A
5174,45174,N/A
5175,45175,N/A
5176,45176,N/A
5177,45177,N/A
5178,45178,N/A
5179,45179,N/A
5180,45180,N/A
5181,45181,N/A
5182,45182,N/A
5183,45183,N/A
5184,45184,N/A
5185,45185,N/A
5186,45186,N/A
5187,45187,N/A
5188,45188,N/A
5189,45189,N/A
5190,45190,N/A
5191,45191,N/A
5192,45192,N/A
5193,45193,N/A
5194,45194,N/A
5195,45195,N/A
5196,45196,N/A
5197,45197,N/A
5198,45198,N/A
5199,45199,N/A
5200,45200,N/A
5201,45201,N/A
5202,45202,N/A
5203,45203,N/A
5204,45204,N/A
5205,45205,N/A
5206,45206,N/A
5207,45207,N/A
5208,45208,N/A
5209,45209,N/A
5210,45210,N/A
5211,45211,N/A
5212,45212,N/A
5213,45213,N/A
5214,45214,N/A
5215,45215,N/A
5216,45216,N/A
5217,45217,N/A
5218,45218,N/A
5219,45219,N/A
5220,45220,N/A
5221,45221,N/A
5222,45222,N/A
5223,45223,N/A
5224,45224,N/A
5225,45225,N/A
5226,45226,N/A
5227,45227,N/A
5228,45228,N/A
5229,45229,N/A
5230,45230,N/A
5231,45231,N/A
5232,45232,N/A
5233,45233,N/A
5234,45234,N/A
5235,45235,N/A
5236,45236,N/A
5237,45237,N/A
5238,45238,N/A
5239,45239,N/A
5240,45240,N/A
5241,45241,N/A
5242,45242,N/A
5243,45243,N/A
5244,45244,N/A
5245,45245,N/A
5246,45246,N/A
5247,45247,N/A
5248,45248,N/A
5249,45249,N/A
5250,45250,N/A
5251,45251,N/A
5252,45252,N/A
5253,45253,N/A
5254,45254,N/A
5255,45255,N/A
5256,45256,N/A
5257,45257,N/A
5258,45258,N/A
5259,45259,N/A
5260,45260,N/A
5261,45261,N/A
5262,45262,N/A
5263,45263,N/A
5264,45264,N/A
5265,45265,N/A
5266,45266,N/A
5267,45267,N/A
5268,45268,N/A
5269,45269,N/A
5270,45270,N/A
5271,45271,N/A
5272,45272,N/A
5273,45273,N/A
5274,45274,N/A
5275,45275,N/A
5276,45276,N/A
5277,45277,N/A
5278,45278,N/A
5279,45279,N/A
5280,45280,N/A
5281,45281,N/A
5282,45282,N/A
5283,45283,N/A
5284,45284,N/A
5285,45285,N/A
5286,45286,N/A
5287,45287,N/A
5288,45288,N/A
5289,45289,N/A
5290,45290,N/A
5291,45291,N/A
5292,45292,N/A
5293,45293,N/A
5294,45294,N/A
5295,45295,N/A
5296,45296,N/A
5297,45297,N/A
5298,45298,N/A
5299,45299,N/A
5300,45300,N/A
5301,45301,N/A
5302,45302,N/A
5303,45303,N/A
5304,45304,N/A
5305,45305,N/A
5306,45306,N/A
5307,45307,N/A
5308,45308,N/A
5309,45309,N/A
5310,45310,N/A
5311,45311,N/A
5312,45312,N/A
5313,45313,N/A
5314,45314,N/A
5315,45315,N/A
5316,45316,N/A
5317,45317,N/A
5318,45318,N/A
5319,45319,N/A
5320,45320,N/A
5321,45321,N/A
5322,45322,N/A
5323,45323,N/A
5324,45324,N/A
5325,45325,N/A
5326,45326,N/A
5327,45327,N/A
5328,45328,N/A
5329,45329,N/A
5330,45330,N/A
5331,45331,N/A
5332,45332,N/A
5333,45333,N/A
5334,45334,N/A
5335,45335,N/A
5336,45336,N/A
5337,45337,N/A
5338,45338,N/A
5339,45339,N/A
5340,45340,N/A
5341,45341,N/A
5342,45342,N/A
5343,45343,N/A
5344,45344,N/A
5345,45345,N/A
5346,45346,N/A
5347,45347,N/A
5348,45348,N/A
5349,45349,N/A
5350,45350,N/A
5351,45351,N/A
5352,45352,N/A
5353,45353,N/A
5354,45354,N/A
5355,45355,N/A
5356,45356,N/A
5357,45357,N/A
5358,45358,N/A
5359,45359,N/A
5360,45360,N/A
5361,45361,N/A
5362,45362,N/A
5363,45363,N/A
5364,45364,N/A
5365,45365,N/A
5366,45366,N/A
5367,45367,N/A
5368,45368,N/A
5369,45369,N/A
5370,45370,N/A
5371,45371,N/A
5372,45372,N/A
5373,45373,N/A
5374,45374,N/A
5375,45375,N/A
5376,45376,N/A
5377,45377,N/A
5378,45378,N/A
5379,45379,N/A
5380,45380,N/A
5381,45381,N/A
5382,45382,N/A
5383,45383,N/A
5384,45384,N/A
5385,45385,N/A
5386,45386,N/A
5387,45387,N/A
5388,45388,N/A
5389,45389,N/A
5390,45390,N/A
5391,45391,N/A
5392,45392,N/A
5393,45393,N/A
5394,45394,N/A
5395,45395,N/A
5396,45396,N/A
5397,45397,N/A
5398,45398,N/A
5399,45399,N/A
5400,45400,N/A
5401,45401,N/A
5402,45402,N/A
5403,45403,N/A
5404,45404,N/A
5405,45405,N/A
5406,45406,N/A
5407,45407,N/A
5408,45408,N/A
5409,45409,N/A
5410,45410,N/A
5411,45411,N/A
5412,45412,N/A
5413,45413,N/A
5414,45414,N/A
5415,45415,N/A
5416,45416,N/A
5417,45417,N/A
5418,45418,N/A
5419,45419,N/A
5420,45420,N/A
5421,45421,N/A
5422,45422,N/A
5423,45423,N/A
5424,45424,N/A
5425,45425,N/A
5426,45426,N/A
5427,45427,N/A
5428,45428,N/A
5429,45429,N/A
5430,45430,N/A
5431,45431,N/A
5432,45432,N/A
5433,45433,N/A
5434,45434,N/A
5435,45435,N/A
5436,45436,N/A
5437,45437,N/A
5438,45438,N/A
5439,45439,N/A
5440,45440,N/A
5441,45441,N/A
5442,45442,N/A
5443,45443,N/A
5444,45444,N/A
5445,45445,N/A
5446,45446,N/A
5447,45447,N/A
5448,45448,N/A
5449,45449,N/A
5450,45450,N/A
5451,45451,N/A
5452,45452,N/A
5453,45453,N/A
5454,45454,N/A
5455,45455,N/A
5456,45456,N/A
5457,45457,N/A
5458,45458,N/A
5459,45459,N/A
5460,45460,N/A
5461,45461,N/A
5462,45462,N/A
5463,45463,N/A
5464,45464,N/A
5465,45465,N/A
5466,45466,N/A
5467,45467,N/A
5468,45468,N/A
5469,45469,N/A
5470,45470,N/A
5471,45471,N/A
5472,45472,N/A
5473,45473,N/A
5474,45474,N/A
5475,45475,N/A
5476,45476,N/A
5477,45477,N/A
5478,45478,N/A
5479,45479,N/A
5480,45480,N/A
5481,45481,N/A
5482,45482,N/A
5483,45483,N/A
5484,45484,N/A
5485,45485,N/A
5486,45486,N/A
5487,45487,N/A
5488,45488,N/A
5489,45489,N/A
5490,45490,N/A
5491,45491,N/A
5492,45492,N/A
5493,45493,N/A
5494,45494,N/A
5495,45495,N/A
5496,45496,N/A
5497,45497,N/A
5498,45498,N/A
5499,45499,N/A
5500,45500,N/A
5501,45501,N/A
5502,45502,N/A
5503,45503,N/A
5504,45504,N/A
5505,45505,N/A
5506,45506,N/A
5507,45507,N/A
5508,45508,N/A
5509,45509,N/A
5510,45510,N/A
5511,45511,N/A
5512,45512,N/A
5513,45513,N/A
5514,45514,N/A
5515,45515,N/A
5516,45516,N/A
5517,45517,N/A
5518,45518,N/A
5519,45519,N/A
5520,45520,N/A
5521,45521,N/A
5522,45522,N/A
5523,45523,N/A
5524,45524,N/A
5525,45525,N/A
5526,45526,N/A
5527,45527,N/A
5528,45528,N/A
5529,45529,N/A
5530,45530,N/A
5531,45531,N/A
5532,45532,N/A
5533,45533,N/A
5534,45534,N/A
5535,45535,N/A
5536,45536,N/A
5537,45537,N/A
5538,45538,N/A
5539,45539,N/A
5540,45540,N/A
5541,45541,N/A
5542,45542,N/A
5543,45543,N/A
5544,45544,N/A
5545,45545,N/A
5546,45546,N/A
5547,45547,N/A
5548,45548,N/A
5549,45549,N/A
5550,45550,N/A
5551,45551,N/A
5552,45552,N/A
5553,45553,N/A
5554,45554,N/A
5555,45555,N/A
5556,45556,N/A
5557,45557,N/A
5558,45558,N/A
5559,45559,N/A
5560,45560,N/A
5561,45561,N/A
5562,45562,N/A
5563,45563,N/A
5564,45564,N/A
5565,45565,N/A
5566,45566,N/A
5567,45567,N/A
5568,45568,N/A
5569,45569,N/A
5570,45570,N/A
5571,45571,N/A
5572,45572,N/A
5573,45573,N/A
5574,45574,N/A
5575,45575,N/A
5576,45576,N/A
5577,45577,N/A
5578,45578,N/A
5579,45579,N/A
5580,45580,N/A
5581,45581,N/A
5582,45582,N/A
5583,45583,N/A
5584,45584,N/A
5585,45585,N/A
5586,45586,N/A
5587,45587,N/A
5588,45588,N/A
5589,45589,N/A
5590,45590,N/A
5591,45591,N/A
5592,45592,N/A
5593,45593,N/A
5594,45594,N/A
5595,45595,N/A
5596,45596,N/A
5597,45597,N/A
5598,45598,N/A
5599,45599,N/A
5600,45600,N/A
5601,45601,N/A
5602,45602,N/A
5603,45603,N/A
5604,45604,N/A
5605,45605,N/A
5606,45606,N/A
5607,45607,N/A
5608,45608,N/A
5609,45609,N/A
5610,45610,N/A
5611,45611,N/A
5612,45612,N/A
5613,45613,N/A
5614,45614,N/A
5615,45615,N/A
5616,45616,N/A
5617,45617,N/A
5618,45618,N/A
5619,45619,N/A
5620,45620,N/A
5621,45621,N/A
5622,45622,N/A
5623,45623,N/A
5624,45624,N/A
5625,45625,N/A
5626,45626,N/A
5627,45627,N/A
5628,45628,N/A
5629,45629,N/A
5630,45630,N/A
5631,45631,N/A
5632,45632,N/A
5633,45633,N/A
5634,45634,N/A
5635,45635,N/A
5636,45636,N/A
5637,45637,N/A
5638,45638,N/A
5639,45639,N/A
5640,45640,N/A
5641,45641,N/A
5642,45642,N/A
5643,45643,N/A
5644,45644,N/A
5645,45645,N/A
5646,45646,N/A
5647,45647,N/A
5648,45648,N/A
5649,45649,N/A
5650,45650,N/A
5651,45651,N/A
5652,45652,N/A
5653,45653,N/A
5654,45654,N/A
5655,45655,N/A
5656,45656,N/A
5657,45657,N/A
5658,45658,N/A
5659,45659,N/A
5660,45660,N/A
5661,45661,N/A
5662,45662,N/A
5663,45663,N/A
5664,45664,N/A
5665,45665,N/A
5666,45666,N/A
5667,45667,N/A
5668,45668,N/A
5669,45669,N/A
5670,45670,N/A
5671,45671,N/A
5672,45672,N/A
5673,45673,N/A
5674,45674,N/A
5675,45675,N/A
5676,45676,N/A
5677,45677,N/A
5678,45678,N/A
5679,45679,N/A
5680,45680,N/A
5681,45681,N/A
5682,45682,N/A
5683,45683,N/A
5684,45684,N/A
5685,45685,N/A
5686,45686,N/A
5687,45687,N/A
5688,45688,N/A
5689,45689,N/A
5690,45690,N/A
5691,45691,N/A
5692,45692,N/A
5693,45693,N/A
5694,45694,N/A
5695,45695,N/A
5696,45696,N/A
5697,45697,N/A
5698,45698,N/A
5699,45699,N/A
5700,45700,N/A
5701,45701,N/A
5702,45702,N/A
5703,45703,N/A
5704,45704,N/A
5705,45705,N/A
5706,45706,N/A
5707,45707,N/A
5708,45708,N/A
5709,45709,N/A
5710,45710,N/A
5711,45711,N/A
5712,45712,N/A
5713,45713,N/A
5714,45714,N/A
5715,45715,N/A
5716,45716,N/A
5717,45717,N/A
5718,45718,N/A
5719,45719,N/A
5720,45720,N/A
5721,45721,N/A
5722,45722,N/A
5723,45723,N/A
5724,45724,N/A
5725,45725,N/A
5726,45726,N/A
5727,45727,N/A
5728,45728,N/A
5729,45729,N/A
5730,45730,N/A
5731,45731,N/A
5732,45732,N/A
5733,45733,N/A
5734,45734,N/A
5735,45735,N/A
5736,45736,N/A
5737,45737,N/A
5738,45738,N/A
5739,45739,N/A
5740,45740,N/A
5741,45741,N/A
5742,45742,N/A
5743,45743,N/A
5744,45744,N/A
5745,45745,N/A
5746,45746,N/A
5747,45747,N/A
5748,45748,N/A
5749,45749,N/A
5750,45750,N/A
5751,45751,N/A
5752,45752,N/A
5753,45753,N/A
5754,45754,N/A
5755,45755,N/A
5756,45756,N/A
5757,45757,N/A
5758,45758,N/A
5759,45759,N/A
5760,45760,N/A
5761,45761,N/A
5762,45762,N/A
5763,45763,N/A
5764,45764,N/A
5765,45765,N/A
5766,45766,N/A
5767,45767,N/A
5768,45768,N/A
5769,45769,N/A
5770,45770,N/A
5771,45771,N/A
5772,45772,N/A
5773,45773,N/A
5774,45774,N/A
5775,45775,N/A
5776,45776,N/A
5777,45777,N/A
5778,45778,N/A
5779,45779,N/A
5780,45780,N/A
5781,45781,N/A
5782,45782,N/A
5783,45783,N/A
5784,45784,N/A
5785,45785,N/A
5786,45786,N/A
5787,45787,N/A
5788,45788,N/A
5789,45789,N/A
5790,45790,N/A
5791,45791,N/A
5792,45792,N/A
5793,45793,N/A
5794,45794,N/A
5795,45795,N/A
5796,45796,N/A
5797,45797,N/A
5798,45798,N/A
5799,45799,N/A
5800,45800,N/A
5801,45801,N/A
5802,45802,N/A
5803,45803,N/A
5804,45804,N/A
5805,45805,N/A
5806,45806,N/A
5807,45807,N/A
5808,45808,N/A
5809,45809,N/A
5810,45810,N/A
5811,45811,N/A
5812,45812,N/A
5813,45813,N/A
5814,45814,N/A
5815,45815,N/A
5816,45816,N/A
5817,45817,N/A
5818,45818,N/A
5819,45819,N/A
5820,45820,N/A
5821,45821,N/A
5822,45822,N/A
5823,45823,N/A
5824,45824,N/A
5825,45825,N/A
5826,45826,N/A
5827,45827,N/A
5828,45828,N/A
5829,45829,N/A
5830,45830,N/A
5831,45831,N/A
5832,45832,N/A
5833,45833,N/A
5834,45834,N/A
5835,45835,N/A
5836,45836,N/A
5837,45837,N/A
5838,45838,N/A
5839,45839,N/A
5840,45840,N/A
5841,45841,N/A
5842,45842,N/A
5843,45843,N/A
5844,45844,N/A
5845,45845,N/A
5846,45846,N/A
5847,45847,N/A
5848,45848,N/A
5849,45849,N/A
5850,45850,N/A
5851,45851,N/A
5852,45852,N/A
5853,45853,N/A
5854,45854,N/A
5855,45855,N/A
5856,45856,N/A
5857,45857,N/A
5858,45858,N/A
5859,45859,N/A
5860,45860,N/A
5861,45861,N/A
5862,45862,N/A
5863,45863,N/A
5864,45864,N/A
5865,45865,N/A
5866,45866,N/A
5867,45867,N/A
5868,45868,N/A
5869,45869,N/A
5870,45870,N/A
5871,45871,N/A
5872,45872,N/A
5873,45873,N/A
5874,45874,N/A
5875,45875,N/A
5876,45876,N/A
5877,45877,N/A
5878,45878,N/A
5879,45879,N/A
5880,45880,N/A
5881,45881,N/A
5882,45882,N/A
5883,45883,N/A
5884,45884,N/A
5885,45885,N/A
5886,45886,N/A
5887,45887,N/A
5888,45888,N/A
5889,45889,N/A
5890,45890,N/A
5891,45891,N/A
5892,45892,N/A
5893,45893,N/A
5894,45894,N/A
5895,45895,N/A
5896,45896,N/A
5897,45897,N/A
5898,45898,N/A
5899,45899,N/A
5900,45900,N/A
5901,45901,N/A
5902,45902,N/A
5903,45903,N/A
5904,45904,N/A
5905,45905,N/A
5906,45906,N/A
5907,45907,N/A
5908,45908,N/A
5909,45909,N/A
5910,45910,N/A
5911,45911,N/A
5912,45912,N/A
5913,45913,N/A
5914,45914,N/A
5915,45915,N/A
5916,45916,N/A
5917,45917,N/A
5918,45918,N/A
5919,45919,N/A
5920,45920,N/A
5921,45921,N/A
5922,45922,N/A
5923,45923,N/A
5924,45924,N/A
5925,45925,N/A
5926,45926,N/A
5927,45927,N/A
5928,45928,N/A
5929,45929,N/A
5930,45930,N/A
5931,45931,N/A
5932,45932,N/A
5933,45933,N/A
5934,45934,N/A
5935,45935,N/A
5936,45936,N/A
5937,45937,N/A
5938,45938,N/A
5939,45939,N/A
5940,45940,N/A
5941,45941,N/A
5942,45942,N/A
5943,45943,N/A
5944,45944,N/A
5945,45945,N/A
5946,45946,N/A
5947,45947,N/A
5948,45948,N/A
5949,45949,N/A
5950,45950,N/A
5951,45951,N/A
5952,45952,N/A
5953,45953,N/A
5954,45954,N/A
5955,45955,N/A
5956,45956,N/A
5957,45957,N/A
5958,45958,N/A
5959,45959,N/A
5960,45960,N/A
5961,45961,N/A
5962,45962,N/A
5963,45963,N/A
5964,45964,N/A
5965,45965,N/A
5966,45966,N/A
5967,45967,N/A
5968,45968,N/A
5969,45969,N/A
5970,45970,N/A
5971,45971,N/A
5972,45972,N/A
5973,45973,N/A
5974,45974,N/A
5975,45975,N/A
5976,45976,N/A
5977,45977,N/A
5978,45978,N/A
5979,45979,N/A
5980,45980,N/A
5981,45981,N/A
5982,45982,N/A
5983,45983,N/A
5984,45984,N/A
5985,45985,N/A
5986,45986,N/A
5987,45987,N/A
5988,45988,N/A
5989,45989,N/A
5990,45990,N/A
5991,45991,N/A
5992,45992,N/A
5993,45993,N/A
5994,45994,N/A
5995,45995,N/A
5996,45996,N/A
5997,45997,N/A
5998,45998,N/A
5999,45999,N/A
6000,46000,N/A
6001,46001,N/A
6002,46002,N/A
6003,46003,N/A
6004,46004,N/A
6005,46005,N/A
6006,46006,N/A
6007,46007,N/A
6008,46008,N/A
6009,46009,N/A
6010,46010,N/A
6011,46011,N/A
6012,46012,N/A
6013,46013,N/A
6014,46014,N/A
6015,46015,N/A
6016,46016,N/A
6017,46017,N/A
6018,46018,N/A
6019,46019,N/A
6020,46020,N/A
6021,46021,N/A
6022,46022,N/A
6023,46023,N/A
6024,46024,N/A
6025,46025,N/A
6026,46026,N/A
6027,46027,N/A
6028,46028,N/A
6029,46029,N/A
6030,46030,N/A
6031,46031,N/A
6032,46032,N/A
6033,46033,N/A
6034,46034,N/A
6035,46035,N/A
6036,46036,N/A
6037,46037,N/A
6038,46038,N/A
6039,46039,N/A
6040,46040,N/A
6041,46041,N/A
6042,46042,N/A
6043,46043,N/A
6044,46044,N/A
6045,46045,N/A
6046,46046,N/A
6047,46047,N/A
6048,46048,N/A
6049,46049,N/A
6050,46050,N/A
6051,46051,N/A
6052,46052,N/A
6053,46053,N/A
6054,46054,N/A
6055,46055,N/A
6056,46056,N/A
6057,46057,N/A
6058,46058,N/A
6059,46059,N/A
6060,46060,N/A
6061,46061,N/A
6062,46062,N/A
6063,46063,N/A
6064,46064,N/A
6065,46065,N/A
6066,46066,N/A
6067,46067,N/A
6068,46068,N/A
6069,46069,N/A
6070,46070,N/A
6071,46071,N/A
6072,46072,N/A
6073,46073,N/A
6074,46074,N/A
6075,46075,N/A
6076,46076,N/A
6077,46077,N/A
6078,46078,N/A
6079,46079,N/A
6080,46080,N/A
6081,46081,N/A
6082,46082,N/A
6083,46083,N/A
6084,46084,N/A
6085,46085,N/A
6086,46086,N/A
6087,46087,N/A
6088,46088,N/A
6089,46089,N/A
6090,46090,N/A
6091,46091,N/A
6092,46092,N/A
6093,46093,N/A
6094,46094,N/A
6095,46095,N/A
6096,46096,N/A
6097,46097,N/A
6098,46098,N/A
6099,46099,N/A
6100,46100,N/A
6101,46101,N/A
6102,46102,N/A
6103,46103,N/A
6104,46104,N/A
6105,46105,N/A
6106,46106,N/A
6107,46107,N/A
6108,46108,N/A
6109,46109,N/A
6110,46110,N/A
6111,46111,N/A
6112,46112,N/A
6113,46113,N/A
6114,46114,N/A
6115,46115,N/A
6116,46116,N/A
6117,46117,N/A
6118,46118,N/A
6119,46119,N/A
6120,46120,N/A
6121,46121,N/A
6122,46122,N/A
6123,46123,N/A
6124,46124,N/A
6125,46125,N/A
6126,46126,N/A
6127,46127,N/A
6128,46128,N/A
6129,46129,N/A
6130,46130,N/A
6131,46131,N/A
6132,46132,N/A
6133,46133,N/A
6134,46134,N/A
6135,46135,N/A
6136,46136,N/A
6137,46137,N/A
6138,46138,N/A
6139,46139,N/A
6140,46140,N/A
6141,46141,N/A
6142,46142,N/A
6143,46143,N/A
6144,46144,N/A
6145,46145,N/A
6146,46146,N/A
6147,46147,N/A
6148,46148,N/A
6149,46149,N/A
6150,46150,N/A
6151,46151,N/A
6152,46152,N/A
6153,46153,N/A
6154,46154,N/A
6155,46155,N/A
6156,46156,N/A
6157,46157,N/A
6158,46158,N/A
6159,46159,N/A
6160,46160,N/A
6161,46161,N/A
6162,46162,N/A
6163,46163,N/A
6164,46164,N/A
6165,46165,N/A
6166,46166,N/A
6167,46167,N/A
6168,46168,N/A
6169,46169,N/A
6170,46170,N/A
6171,46171,N/A
6172,46172,N/A
6173,46173,N/A
6174,46174,N/A
6175,46175,N/A
6176,46176,N/A
6177,46177,N/A
6178,46178,N/A
6179,46179,N/A
6180,46180,N/A
6181,46181,N/A
6182,46182,N/A
6183,46183,N/A
6184,46184,N/A
6185,46185,N/A
6186,46186,N/A
6187,46187,N/A
6188,46188,N/A
6189,46189,N/A
6190,46190,N/A
6191,46191,N/A
6192,46192,N/A
6193,46193,N/A
6194,46194,N/A
6195,46195,N/A
6196,46196,N/A
6197,46197,N/A
6198,46198,N/A
6199,46199,N/A
6200,46200,N/A
6201,46201,N/A
6202,46202,N/A
6203,46203,N/A
6204,46204,N/A
6205,46205,N/A
6206,46206,N/A
6207,46207,N/A
6208,46208,N/A
6209,46209,N/A
6210,46210,N/A
6211,46211,N/A
6212,46212,N/A
6213,46213,N/A
6214,46214,N/A
6215,46215,N/A
6216,46216,N/A
6217,46217,N/A
6218,46218,N/A
6219,46219,N/A
6220,46220,N/A
6221,46221,N/A
6222,46222,N/A
6223,46223,N/A
6224,46224,N/A
6225,46225,N/A
6226,46226,N/A
6227,46227,N/A
6228,46228,N/A
6229,46229,N/A
6230,46230,N/A
6231,46231,N/A
6232,46232,N/A
6233,46233,N/A
6234,46234,N/A
6235,46235,N/A
6236,46236,N/A
6237,46237,N/A
6238,46238,N/A
6239,46239,N/A
6240,46240,N/A
6241,46241,N/A
6242,46242,N/A
6243,46243,N/A
6244,46244,N/A
6245,46245,N/A
6246,46246,N/A
6247,46247,N/A
6248,46248,N/A
6249,46249,N/A
6250,46250,N/A
6251,46251,N/A
6252,46252,N/A
6253,46253,N/A
6254,46254,N/A
6255,46255,N/A
6256,46256,N/A
6257,46257,N/A
6258,46258,N/A
6259,46259,N/A
6260,46260,N/A
6261,46261,N/A
6262,46262,N/A
6263,46263,N/A
6264,46264,N/A
6265,46265,N/A
6266,46266,N/A
6267,46267,N/A
6268,46268,N/A
6269,46269,N/A
6270,46270,N/A
6271,46271,N/A
6272,46272,N/A
6273,46273,N/A
6274,46274,N/A
6275,46275,N/A
6276,46276,N/A
6277,46277,N/A
6278,46278,N/A
6279,46279,N/A
6280,46280,N/A
6281,46281,N/A
6282,46282,N/A
6283,46283,N/A
6284,46284,N/A
6285,46285,N/A
6286,46286,N/A
6287,46287,N/A
6288,46288,N/A
6289,46289,N/A
6290,46290,N/A
6291,46291,N/A
6292,46292,N/A
6293,46293,N/A
6294,46294,N/A
6295,46295,N/A
6296,46296,N/A
6297,46297,N/A
6298,46298,N/A
6299,46299,N/A
6300,46300,N/A
6301,46301,N/A
6302,46302,N/A
6303,46303,N/A
6304,46304,N/A
6305,46305,N/A
6306,46306,N/A
6307,46307,N/A
6308,46308,N/A
6309,46309,N/A
6310,46310,N/A
6311,46311,N/A
6312,46312,N/A
6313,46313,N/A
6314,46314,N/A
6315,46315,N/A
6316,46316,N/A
6317,46317,N/A
6318,46318,N/A
6319,46319,N/A
6320,46320,N/A
6321,46321,N/A
6322,46322,N/A
6323,46323,N/A
6324,46324,N/A
6325,46325,N/A
6326,46326,N/A
6327,46327,N/A
6328,46328,N/A
6329,46329,N/A
6330,46330,N/A
6331,46331,N/A
6332,46332,N/A
6333,46333,N/A
6334,46334,N/A
6335,46335,N/A
6336,46336,N/A
6337,46337,N/A
6338,46338,N/A
6339,46339,N/A
6340,46340,N/A
6341,46341,N/A
6342,46342,N/A
6343,46343,N/A
6344,46344,N/A
6345,46345,N/A
6346,46346,N/A
6347,46347,N/A
6348,46348,N/A
6349,46349,N/A
6350,46350,N/A
6351,46351,N/A
6352,46352,N/A
6353,46353,N/A
6354,46354,N/A
6355,46355,N/A
6356,46356,N/A
6357,46357,N/A
6358,46358,N/A
6359,46359,N/A
6360,46360,N/A
6361,46361,N/A
6362,46362,N/A
6363,46363,N/A
6364,46364,N/A
6365,46365,N/A
6366,46366,N/A
6367,46367,N/A
6368,46368,N/A
6369,46369,N/A
6370,46370,N/A
6371,46371,N/A
6372,46372,N/A
6373,46373,N/A
6374,46374,N/A
6375,46375,N/A
6376,46376,N/A
6377,46377,N/A
6378,46378,N/A
6379,46379,N/A
6380,46380,N/A
6381,46381,N/A
6382,46382,N/A
6383,46383,N/A
6384,46384,N/A
6385,46385,N/A
6386,46386,N/A
6387,46387,N/A
6388,46388,N/A
6389,46389,N/A
6390,46390,N/A
6391,46391,N/A
6392,46392,N/A
6393,46393,N/A
6394,46394,N/A
6395,46395,N/A
6396,46396,N/A
6397,46397,N/A
6398,46398,N/A
6399,46399,N/A
6400,46400,N/A
6401,46401,N/A
6402,46402,N/A
6403,46403,N/A
6404,46404,N/A
6405,46405,N/A
6406,46406,N/A
6407,46407,N/A
6408,46408,N/A
6409,46409,N/A
6410,46410,N/A
6411,46411,N/A
6412,46412,N/A
6413,46413,N/A
6414,46414,N/A
6415,46415,N/A
6416,46416,N/A
6417,46417,N/A
6418,46418,N/A
6419,46419,N/A
6420,46420,N/A
6421,46421,N/A
6422,46422,N/A
6423,46423,N/A
6424,46424,N/A
6425,46425,N/A
6426,46426,N/A
6427,46427,N/A
6428,46428,N/A
6429,46429,N/A
6430,46430,N/A
6431,46431,N/A
6432,46432,N/A
6433,46433,N/A
6434,46434,N/A
6435,46435,N/A
6436,46436,N/A
6437,46437,N/A
6438,46438,N/A
6439,46439,N/A
6440,46440,N/A
6441,46441,N/A
6442,46442,N/A
6443,46443,N/A
6444,46444,N/A
6445,46445,N/A
6446,46446,N/A
6447,46447,N/A
6448,46448,N/A
6449,46449,N/A
6450,46450,N/A
6451,46451,N/A
6452,46452,N/A
6453,46453,N/A
6454,46454,N/A
6455,46455,N/A
6456,46456,N/A
6457,46457,N/A
6458,46458,N/A
6459,46459,N/A
6460,46460,N/A
6461,46461,N/A
6462,46462,N/A
6463,46463,N/A
6464,46464,N/A
6465,46465,N/A
6466,46466,N/A
6467,46467,N/A
6468,46468,N/A
6469,46469,N/A
6470,46470,N/A
6471,46471,N/A
6472,46472,N/A
6473,46473,N/A
6474,46474,N/A
6475,46475,N/A
6476,46476,N/A
6477,46477,N/A
6478,46478,N/A
6479,46479,N/A
6480,46480,N/A
6481,46481,N/A
6482,46482,N/A
6483,46483,N/A
6484,46484,N/A
6485,46485,N/A
6486,46486,N/A
6487,46487,N/A
6488,46488,N/A
6489,46489,N/A
6490,46490,N/A
6491,46491,N/A
6492,46492,N/A
6493,46493,N/A
6494,46494,N/A
6495,46495,N/A
6496,46496,N/A
6497,46497,N/A
6498,46498,N/A
6499,46499,N/A
6500,46500,N/A
6501,46501,N/A
6502,46502,N/A
6503,46503,N/A
6504,46504,N/A
6505,46505,N/A
6506,46506,N/A
6507,46507,N/A
6508,46508,N/A
6509,46509,N/A
6510,46510,N/A
6511,46511,N/A
6512,46512,N/A
6513,46513,N/A
6514,46514,N/A
6515,46515,N/A
6516,46516,N/A
6517,46517,N/A
6518,46518,N/A
6519,46519,N/A
6520,46520,N/A
6521,46521,N/A
6522,46522,N/A
6523,46523,N/A
6524,46524,N/A
6525,46525,N/A
6526,46526,N/A
6527,46527,N/A
6528,46528,N/A
6529,46529,N/A
6530,46530,N/A
6531,46531,N/A
6532,46532,N/A
6533,46533,N/A
6534,46534,N/A
6535,46535,N/A
6536,46536,N/A
6537,46537,N/A
6538,46538,N/A
6539,46539,N/A
6540,46540,N/A
6541,46541,N/A
6542,46542,N/A
6543,46543,N/A
6544,46544,N/A
6545,46545,N/A
6546,46546,N/A
6547,46547,N/A
6548,46548,N/A
6549,46549,N/A
6550,46550,N/A
6551,46551,N/A
6552,46552,N/A
6553,46553,N/A
6554,46554,N/A
6555,46555,N/A
6556,46556,N/A
6557,46557,N/A
6558,46558,N/A
6559,46559,N/A
6560,46560,N/A
6561,46561,N/A
6562,46562,N/A
6563,46563,N/A
6564,46564,N/A
6565,46565,N/A
6566,46566,N/A
6567,46567,N/A
6568,46568,N/A
6569,46569,N/A
6570,46570,N/A
6571,46571,N/A
6572,46572,N/A
6573,46573,N/A
6574,46574,N/A
6575,46575,N/A
6576,46576,N/A
6577,46577,N/A
6578,46578,N/A
6579,46579,N/A
6580,46580,N/A
6581,46581,N/A
6582,46582,N/A
6583,46583,N/A
6584,46584,N/A
6585,46585,N/A
6586,46586,N/A
6587,46587,N/A
6588,46588,N/A
6589,46589,N/A
6590,46590,N/A
6591,46591,N/A
6592,46592,N/A
6593,46593,N/A
6594,46594,N/A
6595,46595,N/A
6596,46596,N/A
6597,46597,N/A
6598,46598,N/A
6599,46599,N/A
6600,46600,N/A
6601,46601,N/A
6602,46602,N/A
6603,46603,N/A
6604,46604,N/A
6605,46605,N/A
6606,46606,N/A
6607,46607,N/A
6608,46608,N/A
6609,46609,N/A
6610,46610,N/A
6611,46611,N/A
6612,46612,N/A
6613,46613,N/A
6614,46614,N/A
6615,46615,N/A
6616,46616,N/A
6617,46617,N/A
6618,46618,N/A
6619,46619,N/A
6620,46620,N/A
6621,46621,N/A
6622,46622,N/A
6623,46623,N/A
6624,46624,N/A
6625,46625,N/A
6626,46626,N/A
6627,46627,N/A
6628,46628,N/A
6629,46629,N/A
6630,46630,N/A
6631,46631,N/A
6632,46632,N/A
6633,46633,N/A
6634,46634,N/A
6635,46635,N/A
6636,46636,N/A
6637,46637,N/A
6638,46638,N/A
6639,46639,N/A
6640,46640,N/A
6641,46641,N/A
6642,46642,N/A
6643,46643,N/A
6644,46644,N/A
6645,46645,N/A
6646,46646,N/A
6647,46647,N/A
6648,46648,N/A
6649,46649,N/A
6650,46650,N/A
6651,46651,N/A
6652,46652,N/A
6653,46653,N/A
6654,46654,N/A
6655,46655,N/A
6656,46656,N/A
6657,46657,N/A
6658,46658,N/A
6659,46659,N/A
6660,46660,N/A
6661,46661,N/A
6662,46662,N/A
6663,46663,N/A
6664,46664,N/A
6665,46665,N/A
6666,46666,N/A
6667,46667,N/A
6668,46668,N/A
6669,46669,N/A
6670,46670,N/A
6671,46671,N/A
6672,46672,N/A
6673,46673,N/A
6674,46674,N/A
6675,46675,N/A
6676,46676,N/A
6677,46677,N/A
6678,46678,N/A
6679,46679,N/A
6680,46680,N/A
6681,46681,N/A
6682,46682,N/A
6683,46683,N/A
6684,46684,N/A
6685,46685,N/A
6686,46686,N/A
6687,46687,N/A
6688,46688,N/A
6689,46689,N/A
6690,46690,N/A
6691,46691,N/A
6692,46692,N/A
6693,46693,N/A
6694,46694,N/A
6695,46695,N/A
6696,46696,N/A
6697,46697,N/A
6698,46698,N/A
6699,46699,N/A
6700,46700,N/A
6701,46701,N/A
6702,46702,N/A
6703,46703,N/A
6704,46704,N/A
6705,46705,N/A
6706,46706,N/A
6707,46707,N/A
6708,46708,N/A
6709,46709,N/A
6710,46710,N/A
6711,46711,N/A
6712,46712,N/A
6713,46713,N/A
6714,46714,N/A
6715,46715,N/A
6716,46716,N/A
6717,46717,N/A
6718,46718,N/A
6719,46719,N/A
6720,46720,N/A
6721,46721,N/A
6722,46722,N/A
6723,46723,N/A
6724,46724,N/A
6725,46725,N/A
6726,46726,N/A
6727,46727,N/A
6728,46728,N/A
6729,46729,N/A
6730,46730,N/A
6731,46731,N/A
6732,46732,N/A
6733,46733,N/A
6734,46734,N/A
6735,46735,N/A
6736,46736,N/A
6737,46737,N/A
6738,46738,N/A
6739,46739,N/A
6740,46740,N/A
6741,46741,N/A
6742,46742,N/A
6743,46743,N/A
6744,46744,N/A
6745,46745,N/A
6746,46746,N/A
6747,46747,N/A
6748,46748,N/A
6749,46749,N/A
6750,46750,N/A
6751,46751,N/A
6752,46752,N/A
6753,46753,N/A
6754,46754,N/A
6755,46755,N/A
6756,46756,N/A
6757,46757,N/A
6758,46758,N/A
6759,46759,N/A
6760,46760,N/A
6761,46761,N/A
6762,46762,N/A
6763,46763,N/A
6764,46764,N/A
6765,46765,N/A
6766,46766,N/A
6767,46767,N/A
6768,46768,N/A
6769,46769,N/A
6770,46770,N/A
6771,46771,N/A
6772,46772,N/A
6773,46773,N/A
6774,46774,N/A
6775,46775,N/A
6776,46776,N/A
6777,46777,N/A
6778,46778,N/A
6779,46779,N/A
6780,46780,N/A
6781,46781,N/A
6782,46782,N/A
6783,46783,N/A
6784,46784,N/A
6785,46785,N/A
6786,46786,N/A
6787,46787,N/A
6788,46788,N/A
6789,46789,N/A
6790,46790,N/A
6791,46791,N/A
6792,46792,N/A
6793,46793,N/A
6794,46794,N/A
6795,46795,N/A
6796,46796,N/A
6797,46797,N/A
6798,46798,N/A
6799,46799,N/A
6800,46800,N/A
6801,46801,N/A
6802,46802,N/A
6803,46803,N/A
6804,46804,N/A
6805,46805,N/A
6806,46806,N/A
6807,46807,N/A
6808,46808,N/A
6809,46809,N/A
6810,46810,N/A
6811,46811,N/A
6812,46812,N/A
6813,46813,N/A
6814,46814,N/A
6815,46815,N/A
6816,46816,N/A
6817,46817,N/A
6818,46818,N/A
6819,46819,N/A
6820,46820,N/A
6821,46821,N/A
6822,46822,N/A
6823,46823,N/A
6824,46824,N/A
6825,46825,N/A
6826,46826,N/A
6827,46827,N/A
6828,46828,N/A
6829,46829,N/A
6830,46830,N/A
6831,46831,N/A
6832,46832,N/A
6833,46833,N/A
6834,46834,N/A
6835,46835,N/A
6836,46836,N/A
6837,46837,N/A
6838,46838,N/A
6839,46839,N/A
6840,46840,N/A
6841,46841,N/A
6842,46842,N/A
6843,46843,N/A
6844,46844,N/A
6845,46845,N/A
6846,46846,N/A
6847,46847,N/A
6848,46848,N/A
6849,46849,N/A
6850,46850,N/A
6851,46851,N/A
6852,46852,N/A
6853,46853,N/A
6854,46854,N/A
6855,46855,N/A
6856,46856,N/A
6857,46857,N/A
6858,46858,N/A
6859,46859,N/A
6860,46860,N/A
6861,46861,N/A
6862,46862,N/A
6863,46863,N/A
6864,46864,N/A
6865,46865,N/A
6866,46866,N/A
6867,46867,N/A
6868,46868,N/A
6869,46869,N/A
6870,46870,N/A
6871,46871,N/A
6872,46872,N/A
6873,46873,N/A
6874,46874,N/A
6875,46875,N/A
6876,46876,N/A
6877,46877,N/A
6878,46878,N/A
6879,46879,N/A
6880,46880,N/A
6881,46881,N/A
6882,46882,N/A
6883,46883,N/A
6884,46884,N/A
6885,46885,N/A
6886,46886,N/A
6887,46887,N/A
6888,46888,N/A
6889,46889,N/A
6890,46890,N/A
6891,46891,N/A
6892,46892,N/A
6893,46893,N/A
6894,46894,N/A
6895,46895,N/A
6896,46896,N/A
6897,46897,N/A
6898,46898,N/A
6899,46899,N/A
6900,46900,N/A
6901,46901,N/A
6902,46902,N/A
6903,46903,N/A
6904,46904,N/A
6905,46905,N/A
6906,46906,N/A
6907,46907,N/A
6908,46908,N/A
6909,46909,N/A
6910,46910,N/A
6911,46911,N/A
6912,46912,N/A
6913,46913,N/A
6914,46914,N/A
6915,46915,N/A
6916,46916,N/A
6917,46917,N/A
6918,46918,N/A
6919,46919,N/A
6920,46920,N/A
6921,46921,N/A
6922,46922,N/A
6923,46923,N/A
6924,46924,N/A
6925,46925,N/A
6926,46926,N/A
6927,46927,N/A
6928,46928,N/A
6929,46929,N/A
6930,46930,N/A
6931,46931,N/A
6932,46932,N/A
6933,46933,N/A
6934,46934,N/A
6935,46935,N/A
6936,46936,N/A
6937,46937,N/A
6938,46938,N/A
6939,46939,N/A
6940,46940,N/A
6941,46941,N/A
6942,46942,N/A
6943,46943,N/A
6944,46944,N/A
6945,46945,N/A
6946,46946,N/A
6947,46947,N/A
6948,46948,N/A
6949,46949,N/A
6950,46950,N/A
6951,46951,N/A
6952,46952,N/A
6953,46953,N/A
6954,46954,N/A
6955,46955,N/A
6956,46956,N/A
6957,46957,N/A
6958,46958,N/A
6959,46959,N/A
6960,46960,N/A
6961,46961,N/A
6962,46962,N/A
6963,46963,N/A
6964,46964,N/A
6965,46965,N/A
6966,46966,N/A
6967,46967,N/A
6968,46968,N/A
6969,46969,N/A
6970,46970,N/A
6971,46971,N/A
6972,46972,N/A
6973,46973,N/A
6974,46974,N/A
6975,46975,N/A
6976,46976,N/A
6977,46977,N/A
6978,46978,N/A
6979,46979,N/A
6980,46980,N/A
6981,46981,N/A
6982,46982,N/A
6983,46983,N/A
6984,46984,N/A
6985,46985,N/A
6986,46986,N/A
6987,46987,N/A
6988,46988,N/A
6989,46989,N/A
6990,46990,N/A
6991,46991,N/A
6992,46992,N/A
6993,46993,N/A
6994,46994,N/A
6995,46995,N/A
6996,46996,N/A
6997,46997,N/A
6998,46998,N/A
6999,46999,N/A
7000,47000,N/A
7001,47001,N/A
7002,47002,N/A
7003,47003,N/A
7004,47004,N/A
7005,47005,N/A
7006,47006,N/A
7007,47007,N/A
7008,47008,N/A
7009,47009,N/A
7010,47010,N/A
7011,47011,N/A
7012,47012,N/A
7013,47013,N/A
7014,47014,N/A
7015,47015,N/A
7016,47016,N/A
7017,47017,N/A
7018,47018,N/A
7019,47019,N/A
7020,47020,N/A
7021,47021,N/A
7022,47022,N/A
7023,47023,N/A
7024,47024,N/A
7025,47025,N/A
7026,47026,N/A
7027,47027,N/A
7028,47028,N/A
7029,47029,N/A
7030,47030,N/A
7031,47031,N/A
7032,47032,N/A
7033,47033,N/A
7034,47034,N/A
7035,47035,N/A
7036,47036,N/A
7037,47037,N/A
7038,47038,N/A
7039,47039,N/A
7040,47040,N/A
7041,47041,N/A
7042,47042,N/A
7043,47043,N/A
7044,47044,N/A
7045,47045,N/A
7046,47046,N/A
7047,47047,N/A
7048,47048,N/A
7049,47049,N/A
7050,47050,N/A
7051,47051,N/A
7052,47052,N/A
7053,47053,N/A
7054,47054,N/A
7055,47055,N/A
7056,47056,N/A
7057,47057,N/A
7058,47058,N/A
7059,47059,N/A
7060,47060,N/A
7061,47061,N/A
7062,47062,N/A
7063,47063,N/A
7064,47064,N/A
7065,47065,N/A
7066,47066,N/A
7067,47067,N/A
7068,47068,N/A
7069,47069,N/A
7070,47070,N/A
7071,47071,N/A
7072,47072,N/A
7073,47073,N/A
7074,47074,N/A
7075,47075,N/A
7076,47076,N/A
7077,47077,N/A
7078,47078,N/A
7079,47079,N/A
7080,47080,N/A
7081,47081,N/A
7082,47082,N/A
7083,47083,N/A
7084,47084,N/A
7085,47085,N/A
7086,47086,N/A
7087,47087,N/A
7088,47088,N/A
7089,47089,N/A
7090,47090,N/A
7091,47091,N/A
7092,47092,N/A
7093,47093,N/A
7094,47094,N/A
7095,47095,N/A
7096,47096,N/A
7097,47097,N/A
7098,47098,N/A
7099,47099,N/A
7100,47100,N/A
7101,47101,N/A
7102,47102,N/A
7103,47103,N/A
7104,47104,N/A
7105,47105,N/A
7106,47106,N/A
7107,47107,N/A
7108,47108,N/A
7109,47109,N/A
7110,47110,N/A
7111,47111,N/A
7112,47112,N/A
7113,47113,N/A
7114,47114,N/A
7115,47115,N/A
7116,47116,N/A
7117,47117,N/A
7118,47118,N/A
7119,47119,N/A
7120,47120,N/A
7121,47121,N/A
7122,47122,N/A
7123,47123,N/A
7124,47124,N/A
7125,47125,N/A
7126,47126,N/A
7127,47127,N/A
7128,47128,N/A
7129,47129,N/A
7130,47130,N/A
7131,47131,N/A
7132,47132,N/A
7133,47133,N/A
7134,47134,N/A
7135,47135,N/A
7136,47136,N/A
7137,47137,N/A
7138,47138,N/A
7139,47139,N/A
7140,47140,N/A
7141,47141,N/A
7142,47142,N/A
7143,47143,N/A
7144,47144,N/A
7145,47145,N/A
7146,47146,N/A
7147,47147,N/A
7148,47148,N/A
7149,47149,N/A
7150,47150,N/A
7151,47151,N/A
7152,47152,N/A
7153,47153,N/A
7154,47154,N/A
7155,47155,N/A
7156,47156,N/A
7157,47157,N/A
7158,47158,N/A
7159,47159,N/A
7160,47160,N/A
7161,47161,N/A
7162,47162,N/A
7163,47163,N/A
7164,47164,N/A
7165,47165,N/A
7166,47166,N/A
7167,47167,N/A
7168,47168,N/A
7169,47169,N/A
7170,47170,N/A
7171,47171,N/A
7172,47172,N/A
7173,47173,N/A
7174,47174,N/A
7175,47175,N/A
7176,47176,N/A
7177,47177,N/A
7178,47178,N/A
7179,47179,N/A
7180,47180,N/A
7181,47181,N/A
7182,47182,N/A
7183,47183,N/A
7184,47184,N/A
7185,47185,N/A
7186,47186,N/A
7187,47187,N/A
7188,47188,N/A
7189,47189,N/A
7190,47190,N/A
7191,47191,N/A
7192,47192,N/A
7193,47193,N/A
7194,47194,N/A
7195,47195,N/A
7196,47196,N/A
7197,47197,N/A
7198,47198,N/A
7199,47199,N/A
7200,47200,N/A
7201,47201,N/A
7202,47202,N/A
7203,47203,N/A
7204,47204,N/A
7205,47205,N/A
7206,47206,N/A
7207,47207,N/A
7208,47208,N/A
7209,47209,N/A
7210,47210,N/A
7211,47211,N/A
7212,47212,N/A
7213,47213,N/A
7214,47214,N/A
7215,47215,N/A
7216,47216,N/A
7217,47217,N/A
7218,47218,N/A
7219,47219,N/A
7220,47220,N/A
7221,47221,N/A
7222,47222,N/A
7223,47223,N/A
7224,47224,N/A
7225,47225,N/A
7226,47226,N/A
7227,47227,N/A
7228,47228,N/A
7229,47229,N/A
7230,47230,N/A
7231,47231,N/A
7232,47232,N/A
7233,47233,N/A
7234,47234,N/A
7235,47235,N/A
7236,47236,N/A
7237,47237,N/A
7238,47238,N/A
7239,47239,N/A
7240,47240,N/A
7241,47241,N/A
7242,47242,N/A
7243,47243,N/A
7244,47244,N/A
7245,47245,N/A
7246,47246,N/A
7247,47247,N/A
7248,47248,N/A
7249,47249,N/A
7250,47250,N/A
7251,47251,N/A
7252,47252,N/A
7253,47253,N/A
7254,47254,N/A
7255,47255,N/A
7256,47256,N/A
7257,47257,N/A
7258,47258,N/A
7259,47259,N/A
7260,47260,N/A
7261,47261,N/A
7262,47262,N/A
7263,47263,N/A
7264,47264,N/A
7265,47265,N/A
7266,47266,N/A
7267,47267,N/A
7268,47268,N/A
7269,47269,N/A
7270,47270,N/A
7271,47271,N/A
7272,47272,N/A
7273,47273,N/A
7274,47274,N/A
7275,47275,N/A
7276,47276,N/A
7277,47277,N/A
7278,47278,N/A
7279,47279,N/A
7280,47280,N/A
7281,47281,N/A
7282,47282,N/A
7283,47283,N/A
7284,47284,N/A
7285,47285,N/A
7286,47286,N/A
7287,47287,N/A
7288,47288,N/A
7289,47289,N/A
7290,47290,N/A
7291,47291,N/A
7292,47292,N/A
7293,47293,N/A
7294,47294,N/A
7295,47295,N/A
7296,47296,N/A
7297,47297,N/A
7298,47298,N/A
7299,47299,N/A
7300,47300,N/A
7301,47301,N/A
7302,47302,N/A
7303,47303,N/A
7304,47304,N/A
7305,47305,N/A
7306,47306,N/A
7307,47307,N/A
7308,47308,N/A
7309,47309,N/A
7310,47310,N/A
7311,47311,N/A
7312,47312,N/A
7313,47313,N/A
7314,47314,N/A
7315,47315,N/A
7316,47316,N/A
7317,47317,N/A
7318,47318,N/A
7319,47319,N/A
7320,47320,N/A
7321,47321,N/A
7322,47322,N/A
7323,47323,N/A
7324,47324,N/A
7325,47325,N/A
7326,47326,N/A
7327,47327,N/A
7328,47328,N/A
7329,47329,N/A
7330,47330,N/A
7331,47331,N/A
7332,47332,N/A
7333,47333,N/A
7334,47334,N/A
7335,47335,N/A
7336,47336,N/A
7337,47337,N/A
7338,47338,N/A
7339,47339,N/A
7340,47340,N/A
7341,47341,N/A
7342,47342,N/A
7343,47343,N/A
7344,47344,N/A
7345,47345,N/A
7346,47346,N/A
7347,47347,N/A
7348,47348,N/A
7349,47349,N/A
7350,47350,N/A
7351,47351,N/A
7352,47352,N/A
7353,47353,N/A
7354,47354,N/A
7355,47355,N/A
7356,47356,N/A
7357,47357,N/A
7358,47358,N/A
7359,47359,N/A
7360,47360,N/A
7361,47361,N/A
7362,47362,N/A
7363,47363,N/A
7364,47364,N/A
7365,47365,N/A
7366,47366,N/A
7367,47367,N/A
7368,47368,N/A
7369,47369,N/A
7370,47370,N/A
7371,47371,N/A
7372,47372,N/A
7373,47373,N/A
7374,47374,N/A
7375,47375,N/A
7376,47376,N/A
7377,47377,N/A
7378,47378,N/A
7379,47379,N/A
7380,47380,N/A
7381,47381,N/A
7382,47382,N/A
7383,47383,N/A
7384,47384,N/A
7385,47385,N/A
7386,47386,N/A
7387,47387,N/A
7388,47388,N/A
7389,47389,N/A
7390,47390,N/A
7391,47391,N/A
7392,47392,N/A
7393,47393,N/A
7394,47394,N/A
7395,47395,N/A
7396,47396,N/A
7397,47397,N/A
7398,47398,N/A
7399,47399,N/A
7400,47400,N/A
7401,47401,N/A
7402,47402,N/A
7403,47403,N/A
7404,47404,N/A
7405,47405,N/A
7406,47406,N/A
7407,47407,N/A
7408,47408,N/A
7409,47409,N/A
7410,47410,N/A
7411,47411,N/A
7412,47412,N/A
7413,47413,N/A
7414,47414,N/A
7415,47415,N/A
7416,47416,N/A
7417,47417,N/A
7418,47418,N/A
7419,47419,N/A
7420,47420,N/A
7421,47421,N/A
7422,47422,N/A
7423,47423,N/A
7424,47424,N/A
7425,47425,N/A
7426,47426,N/A
7427,47427,N/A
7428,47428,N/A
7429,47429,N/A
7430,47430,N/A
7431,47431,N/A
7432,47432,N/A
7433,47433,N/A
7434,47434,N/A
7435,47435,N/A
7436,47436,N/A
7437,47437,N/A
7438,47438,N/A
7439,47439,N/A
7440,47440,N/A
7441,47441,N/A
7442,47442,N/A
7443,47443,N/A
7444,47444,N/A
7445,47445,N/A
7446,47446,N/A
7447,47447,N/A
7448,47448,N/A
7449,47449,N/A
7450,47450,N/A
7451,47451,N/A
7452,47452,N/A
7453,47453,N/A
7454,47454,N/A
7455,47455,N/A
7456,47456,N/A
7457,47457,N/A
7458,47458,N/A
7459,47459,N/A
7460,47460,N/A
7461,47461,N/A
7462,47462,N/A
7463,47463,N/A
7464,47464,N/A
7465,47465,N/A
7466,47466,N/A
7467,47467,N/A
7468,47468,N/A
7469,47469,N/A
7470,47470,N/A
7471,47471,N/A
7472,47472,N/A
7473,47473,N/A
7474,47474,N/A
7475,47475,N/A
7476,47476,N/A
7477,47477,N/A
7478,47478,N/A
7479,47479,N/A
7480,47480,N/A
7481,47481,N/A
7482,47482,N/A
7483,47483,N/A
7484,47484,N/A
7485,47485,N/A
7486,47486,N/A
7487,47487,N/A
7488,47488,N/A
7489,47489,N/A
7490,47490,N/A
7491,47491,N/A
7492,47492,N/A
7493,47493,N/A
7494,47494,N/A
7495,47495,N/A
7496,47496,N/A
7497,47497,N/A
7498,47498,N/A
7499,47499,N/A
7500,47500,N/A
7501,47501,N/A
7502,47502,N/A
7503,47503,N/A
7504,47504,N/A
7505,47505,N/A
7506,47506,N/A
7507,47507,N/A
7508,47508,N/A
7509,47509,N/A
7510,47510,N/A
7511,47511,N/A
7512,47512,N/A
7513,47513,N/A
7514,47514,N/A
7515,47515,N/A
7516,47516,N/A
7517,47517,N/A
7518,47518,N/A
7519,47519,N/A
7520,47520,N/A
7521,47521,N/A
7522,47522,N/A
7523,47523,N/A
7524,47524,N/A
7525,47525,N/A
7526,47526,N/A
7527,47527,N/A
7528,47528,N/A
7529,47529,N/A
7530,47530,N/A
7531,47531,N/A
7532,47532,N/A
7533,47533,N/A
7534,47534,N/A
7535,47535,N/A
7536,47536,N/A
7537,47537,N/A
7538,47538,N/A
7539,47539,N/A
7540,47540,N/A
7541,47541,N/A
7542,47542,N/A
7543,47543,N/A
7544,47544,N/A
7545,47545,N/A
7546,47546,N/A
7547,47547,N/A
7548,47548,N/A
7549,47549,N/A
7550,47550,N/A
7551,47551,N/A
7552,47552,N/A
7553,47553,N/A
7554,47554,N/A
7555,47555,N/A
7556,47556,N/A
7557,47557,N/A
7558,47558,N/A
7559,47559,N/A
7560,47560,N/A
7561,47561,N/A
7562,47562,N/A
7563,47563,N/A
7564,47564,N/A
7565,47565,N/A
7566,47566,N/A
7567,47567,N/A
7568,47568,N/A
7569,47569,N/A
7570,47570,N/A
7571,47571,N/A
7572,47572,N/A
7573,47573,N/A
7574,47574,N/A
7575,47575,N/A
7576,47576,N/A
7577,47577,N/A
7578,47578,N/A
7579,47579,N/A
7580,47580,N/A
7581,47581,N/A
7582,47582,N/A
7583,47583,N/A
7584,47584,N/A
7585,47585,N/A
7586,47586,N/A
7587,47587,N/A
7588,47588,N/A
7589,47589,N/A
7590,47590,N/A
7591,47591,N/A
7592,47592,N/A
7593,47593,N/A
7594,47594,N/A
7595,47595,N/A
7596,47596,N/A
7597,47597,N/A
7598,47598,N/A
7599,47599,N/A
7600,47600,N/A
7601,47601,N/A
7602,47602,N/A
7603,47603,N/A
7604,47604,N/A
7605,47605,N/A
7606,47606,N/A
7607,47607,N/A
7608,47608,N/A
7609,47609,N/A
7610,47610,N/A
7611,47611,N/A
7612,47612,N/A
7613,47613,N/A
7614,47614,N/A
7615,47615,N/A
7616,47616,N/A
7617,47617,N/A
7618,47618,N/A
7619,47619,N/A
7620,47620,N/A
7621,47621,N/A
7622,47622,N/A
7623,47623,N/A
7624,47624,N/A
7625,47625,N/A
7626,47626,N/A
7627,47627,N/A
7628,47628,N/A
7629,47629,N/A
7630,47630,N/A
7631,47631,N/A
7632,47632,N/A
7633,47633,N/A
7634,47634,N/A
7635,47635,N/A
7636,47636,N/A
7637,47637,N/A
7638,47638,N/A
7639,47639,N/A
7640,47640,N/A
7641,47641,N/A
7642,47642,N/A
7643,47643,N/A
7644,47644,N/A
7645,47645,N/A
7646,47646,N/A
7647,47647,N/A
7648,47648,N/A
7649,47649,N/A
7650,47650,N/A
7651,47651,N/A
7652,47652,N/A
7653,47653,N/A
7654,47654,N/A
7655,47655,N/A
7656,47656,N/A
7657,47657,N/A
7658,47658,N/A
7659,47659,N/A
7660,47660,N/A
7661,47661,N/A
7662,47662,N/A
7663,47663,N/A
7664,47664,N/A
7665,47665,N/A
7666,47666,N/A
7667,47667,N/A
7668,47668,N/A
7669,47669,N/A
7670,47670,N/A
7671,47671,N/A
7672,47672,N/A
7673,47673,N/A
7674,47674,N/A
7675,47675,N/A
7676,47676,N/A
7677,47677,N/A
7678,47678,N/A
7679,47679,N/A
7680,47680,N/A
7681,47681,N/A
7682,47682,N/A
7683,47683,N/A
7684,47684,N/A
7685,47685,N/A
7686,47686,N/A
7687,47687,N/A
7688,47688,N/A
7689,47689,N/A
7690,47690,N/A
7691,47691,N/A
7692,47692,N/A
7693,47693,N/A
7694,47694,N/A
7695,47695,N/A
7696,47696,N/A
7697,47697,N/A
7698,47698,N/A
7699,47699,N/A
7700,47700,N/A
7701,47701,N/A
7702,47702,N/A
7703,47703,N/A
7704,47704,N/A
7705,47705,N/A
7706,47706,N/A
7707,47707,N/A
7708,47708,N/A
7709,47709,N/A
7710,47710,N/A
7711,47711,N/A
7712,47712,N/A
7713,47713,N/A
7714,47714,N/A
7715,47715,N/A
7716,47716,N/A
7717,47717,N/A
7718,47718,N/A
7719,47719,N/A
7720,47720,N/A
7721,47721,N/A
7722,47722,N/A
7723,47723,N/A
7724,47724,N/A
7725,47725,N/A
7726,47726,N/A
7727,47727,N/A
7728,47728,N/A
7729,47729,N/A
7730,47730,N/A
7731,47731,N/A
7732,47732,N/A
7733,47733,N/A
7734,47734,N/A
7735,47735,N/A
7736,47736,N/A
7737,47737,N/A
7738,47738,N/A
7739,47739,N/A
7740,47740,N/A
7741,47741,N/A
7742,47742,N/A
7743,47743,N/A
7744,47744,N/A
7745,47745,N/A
7746,47746,N/A
7747,47747,N/A
7748,47748,N/A
7749,47749,N/A
7750,47750,N/A
7751,47751,N/A
7752,47752,N/A
7753,47753,N/A
7754,47754,N/A
7755,47755,N/A
7756,47756,N/A
7757,47757,N/A
7758,47758,N/A
7759,47759,N/A
7760,47760,N/A
7761,47761,N/A
7762,47762,N/A
7763,47763,N/A
7764,47764,N/A
7765,47765,N/A
7766,47766,N/A
7767,47767,N/A
7768,47768,N/A
7769,47769,N/A
7770,47770,N/A
7771,47771,N/A
7772,47772,N/A
7773,47773,N/A
7774,47774,N/A
7775,47775,N/A
7776,47776,N/A
7777,47777,N/A
7778,47778,N/A
7779,47779,N/A
7780,47780,N/A
7781,47781,N/A
7782,47782,N/A
7783,47783,N/A
7784,47784,N/A
7785,47785,N/A
7786,47786,N/A
7787,47787,N/A
7788,47788,N/A
7789,47789,N/A
7790,47790,N/A
7791,47791,N/A
7792,47792,N/A
7793,47793,N/A
7794,47794,N/A
7795,47795,N/A
7796,47796,N/A
7797,47797,N/A
7798,47798,N/A
7799,47799,N/A
7800,47800,N/A
7801,47801,N/A
7802,47802,N/A
7803,47803,N/A
7804,47804,N/A
7805,47805,N/A
7806,47806,N/A
7807,47807,N/A
7808,47808,N/A
7809,47809,N/A
7810,47810,N/A
7811,47811,N/A
7812,47812,N/A
7813,47813,N/A
7814,47814,N/A
7815,47815,N/A
7816,47816,N/A
7817,47817,N/A
7818,47818,N/A
7819,47819,N/A
7820,47820,N/A
7821,47821,N/A
7822,47822,N/A
7823,47823,N/A
7824,47824,N/A
7825,47825,N/A
7826,47826,N/A
7827,47827,N/A
7828,47828,N/A
7829,47829,N/A
7830,47830,N/A
7831,47831,N/A
7832,47832,N/A
7833,47833,N/A
7834,47834,N/A
7835,47835,N/A
7836,47836,N/A
7837,47837,N/A
7838,47838,N/A
7839,47839,N/A
7840,47840,N/A
7841,47841,N/A
7842,47842,N/A
7843,47843,N/A
7844,47844,N/A
7845,47845,N/A
7846,47846,N/A
7847,47847,N/A
7848,47848,N/A
7849,47849,N/A
7850,47850,N/A
7851,47851,N/A
7852,47852,N/A
7853,47853,N/A
7854,47854,N/A
7855,47855,N/A
7856,47856,N/A
7857,47857,N/A
7858,47858,N/A
7859,47859,N/A
7860,47860,N/A
7861,47861,N/A
7862,47862,N/A
7863,47863,N/A
7864,47864,N/A
7865,47865,N/A
7866,47866,N/A
7867,47867,N/A
7868,47868,N/A
7869,47869,N/A
7870,47870,N/A
7871,47871,N/A
7872,47872,N/A
7873,47873,N/A
7874,47874,N/A
7875,47875,N/A
7876,47876,N/A
7877,47877,N/A
7878,47878,N/A
7879,47879,N/A
7880,47880,N/A
7881,47881,N/A
7882,47882,N/A
7883,47883,N/A
7884,47884,N/A
7885,47885,N/A
7886,47886,N/A
7887,47887,N/A
7888,47888,N/A
7889,47889,N/A
7890,47890,N/A
7891,47891,N/A
7892,47892,N/A
7893,47893,N/A
7894,47894,N/A
7895,47895,N/A
7896,47896,N/A
7897,47897,N/A
7898,47898,N/A
7899,47899,N/A
7900,47900,N/A
7901,47901,N/A
7902,47902,N/A
7903,47903,N/A
7904,47904,N/A
7905,47905,N/A
7906,47906,N/A
7907,47907,N/A
7908,47908,N/A
7909,47909,N/A
7910,47910,N/A
7911,47911,N/A
7912,47912,N/A
7913,47913,N/A
7914,47914,N/A
7915,47915,N/A
7916,47916,N/A
7917,47917,N/A
7918,47918,N/A
7919,47919,N/A
7920,47920,N/A
7921,47921,N/A
7922,47922,N/A
7923,47923,N/A
7924,47924,N/A
7925,47925,N/A
7926,47926,N/A
7927,47927,N/A
7928,47928,N/A
7929,47929,N/A
7930,47930,N/A
7931,47931,N/A
7932,47932,N/A
7933,47933,N/A
7934,47934,N/A
7935,47935,N/A
7936,47936,N/A
7937,47937,N/A
7938,47938,N/A
7939,47939,N/A
7940,47940,N/A
7941,47941,N/A
7942,47942,N/A
7943,47943,N/A
7944,47944,N/A
7945,47945,N/A
7946,47946,N/A
7947,47947,N/A
7948,47948,N/A
7949,47949,N/A
7950,47950,N/A
7951,47951,N/A
7952,47952,N/A
7953,47953,N/A
7954,47954,N/A
7955,47955,N/A
7956,47956,N/A
7957,47957,N/A
7958,47958,N/A
7959,47959,N/A
7960,47960,N/A
7961,47961,N/A
7962,47962,N/A
7963,47963,N/A
7964,47964,N/A
7965,47965,N/A
7966,47966,N/A
7967,47967,N/A
7968,47968,N/A
7969,47969,N/A
7970,47970,N/A
7971,47971,N/A
7972,47972,N/A
7973,47973,N/A
7974,47974,N/A
7975,47975,N/A
7976,47976,N/A
7977,47977,N/A
7978,47978,N/A
7979,47979,N/A
7980,47980,N/A
7981,47981,N/A
7982,47982,N/A
7983,47983,N/A
7984,47984,N/A
7985,47985,N/A
7986,47986,N/A
7987,47987,N/A
7988,47988,N/A
7989,47989,N/A
7990,47990,N/A
7991,47991,N/A
7992,47992,N/A
7993,47993,N/A
7994,47994,N/A
7995,47995,N/A
7996,47996,N/A
7997,47997,N/A
7998,47998,N/A
7999,47999,N/A
8000,48000,N/A
8001,48001,N/A
8002,48002,N/A
8003,48003,N/A
8004,48004,N/A
8005,48005,N/A
8006,48006,N/A
8007,48007,N/A
8008,48008,N/A
8009,48009,N/A
8010,48010,N/A
8011,48011,N/A
8012,48012,N/A
8013,48013,N/A
8014,48014,N/A
8015,48015,N/A
8016,48016,N/A
8017,48017,N/A
8018,48018,N/A
8019,48019,N/A
8020,48020,N/A
8021,48021,N/A
8022,48022,N/A
8023,48023,N/A
8024,48024,N/A
8025,48025,N/A
8026,48026,N/A
8027,48027,N/A
8028,48028,N/A
8029,48029,N/A
8030,48030,N/A
8031,48031,N/A
8032,48032,N/A
8033,48033,N/A
8034,48034,N/A
8035,48035,N/A
8036,48036,N/A
8037,48037,N/A
8038,48038,N/A
8039,48039,N/A
8040,48040,N/A
8041,48041,N/A
8042,48042,N/A
8043,48043,N/A
8044,48044,N/A
8045,48045,N/A
8046,48046,N/A
8047,48047,N/A
8048,48048,N/A
8049,48049,N/A
8050,48050,N/A
8051,48051,N/A
8052,48052,N/A
8053,48053,N/A
8054,48054,N/A
8055,48055,N/A
8056,48056,N/A
8057,48057,N/A
8058,48058,N/A
8059,48059,N/A
8060,48060,N/A
8061,48061,N/A
8062,48062,N/A
8063,48063,N/A
8064,48064,N/A
8065,48065,N/A
8066,48066,N/A
8067,48067,N/A
8068,48068,N/A
8069,48069,N/A
8070,48070,N/A
8071,48071,N/A
8072,48072,N/A
8073,48073,N/A
8074,48074,N/A
8075,48075,N/A
8076,48076,N/A
8077,48077,N/A
8078,48078,N/A
8079,48079,N/A
8080,48080,N/A
8081,48081,N/A
8082,48082,N/A
8083,48083,N/A
8084,48084,N/A
8085,48085,N/A
8086,48086,N/A
8087,48087,N/A
8088,48088,N/A
8089,48089,N/A
8090,48090,N/A
8091,48091,N/A
8092,48092,N/A
8093,48093,N/A
8094,48094,N/A
8095,48095,N/A
8096,48096,N/A
8097,48097,N/A
8098,48098,N/A
8099,48099,N/A
8100,48100,N/A
8101,48101,N/A
8102,48102,N/A
8103,48103,N/A
8104,48104,N/A
8105,48105,N/A
8106,48106,N/A
8107,48107,N/A
8108,48108,N/A
8109,48109,N/A
8110,48110,N/A
8111,48111,N/A
8112,48112,N/A
8113,48113,N/A
8114,48114,N/A
8115,48115,N/A
8116,48116,N/A
8117,48117,N/A
8118,48118,N/A
8119,48119,N/A
8120,48120,N/A
8121,48121,N/A
8122,48122,N/A
8123,48123,N/A
8124,48124,N/A
8125,48125,N/A
8126,48126,N/A
8127,48127,N/A
8128,48128,N/A
8129,48129,N/A
8130,48130,N/A
8131,48131,N/A
8132,48132,N/A
8133,48133,N/A
8134,48134,N/A
8135,48135,N/A
8136,48136,N/A
8137,48137,N/A
8138,48138,N/A
8139,48139,N/A
8140,48140,N/A
8141,48141,N/A
8142,48142,N/A
8143,48143,N/A
8144,48144,N/A
8145,48145,N/A
8146,48146,N/A
8147,48147,N/A
8148,48148,N/A
8149,48149,N/A
8150,48150,N/A
8151,48151,N/A
8152,48152,N/A
8153,48153,N/A
8154,48154,N/A
8155,48155,N/A
8156,48156,N/A
8157,48157,N/A
8158,48158,N/A
8159,48159,N/A
8160,48160,N/A
8161,48161,N/A
8162,48162,N/A
8163,48163,N/A
8164,48164,N/A
8165,48165,N/A
8166,48166,N/A
8167,48167,N/A
8168,48168,N/A
8169,48169,N/A
8170,48170,N/A
8171,48171,N/A
8172,48172,N/A
8173,48173,N/A
8174,48174,N/A
8175,48175,N/A
8176,48176,N/A
8177,48177,N/A
8178,48178,N/A
8179,48179,N/A
8180,48180,N/A
8181,48181,N/A
8182,48182,N/A
8183,48183,N/A
8184,48184,N/A
8185,48185,N/A
8186,48186,N/A
8187,48187,N/A
8188,48188,N/A
8189,48189,N/A
8190,48190,N/A
8191,48191,N/A
8192,48192,N/A
8193,48193,N/A
8194,48194,N/A
8195,48195,N/A
8196,48196,N/A
8197,48197,N/A
8198,48198,N/A
8199,48199,N/A
8200,48200,N/A
8201,48201,N/A
8202,48202,N/A
8203,48203,N/A
8204,48204,N/A
8205,48205,N/A
8206,48206,N/A
8207,48207,N/A
8208,48208,N/A
8209,48209,N/A
8210,48210,N/A
8211,48211,N/A
8212,48212,N/A
8213,48213,N/A
8214,48214,N/A
8215,48215,N/A
8216,48216,N/A
8217,48217,N/A
8218,48218,N/A
8219,48219,N/A
8220,48220,N/A
8221,48221,N/A
8222,48222,N/A
8223,48223,N/A
8224,48224,N/A
8225,48225,N/A
8226,48226,N/A
8227,48227,N/A
8228,48228,N/A
8229,48229,N/A
8230,48230,N/A
8231,48231,N/A
8232,48232,N/A
8233,48233,N/A
8234,48234,N/A
8235,48235,N/A
8236,48236,N/A
8237,48237,N/A
8238,48238,N/A
8239,48239,N/A
8240,48240,N/A
8241,48241,N/A
8242,48242,N/A
8243,48243,N/A
8244,48244,N/A
8245,48245,N/A
8246,48246,N/A
8247,48247,N/A
8248,48248,N/A
8249,48249,N/A
8250,48250,N/A
8251,48251,N/A
8252,48252,N/A
8253,48253,N/A
8254,48254,N/A
8255,48255,N/A
8256,48256,N/A
8257,48257,N/A
8258,48258,N/A
8259,48259,N/A
8260,48260,N/A
8261,48261,N/A
8262,48262,N/A
8263,48263,N/A
8264,48264,N/A
8265,48265,N/A
8266,48266,N/A
8267,48267,N/A
8268,48268,N/A
8269,48269,N/A
8270,48270,N/A
8271,48271,N/A
8272,48272,N/A
8273,48273,N/A
8274,48274,N/A
8275,48275,N/A
8276,48276,N/A
8277,48277,N/A
8278,48278,N/A
8279,48279,N/A
8280,48280,N/A
8281,48281,N/A
8282,48282,N/A
8283,48283,N/A
8284,48284,N/A
8285,48285,N/A
8286,48286,N/A
8287,48287,N/A
8288,48288,N/A
8289,48289,N/A
8290,48290,N/A
8291,48291,N/A
8292,48292,N/A
8293,48293,N/A
8294,48294,N/A
8295,48295,N/A
8296,48296,N/A
8297,48297,N/A
8298,48298,N/A
8299,48299,N/A
8300,48300,N/A
8301,48301,N/A
8302,48302,N/A
8303,48303,N/A
8304,48304,N/A
8305,48305,N/A
8306,48306,N/A
8307,48307,N/A
8308,48308,N/A
8309,48309,N/A
8310,48310,N/A
8311,48311,N/A
8312,48312,N/A
8313,48313,N/A
8314,48314,N/A
8315,48315,N/A
8316,48316,N/A
8317,48317,N/A
8318,48318,N/A
8319,48319,N/A
8320,48320,N/A
8321,48321,N/A
8322,48322,N/A
8323,48323,N/A
8324,48324,N/A
8325,48325,N/A
8326,48326,N/A
8327,48327,N/A
8328,48328,N/A
8329,48329,N/A
8330,48330,N/A
8331,48331,N/A
8332,48332,N/A
8333,48333,N/A
8334,48334,N/A
8335,48335,N/A
8336,48336,N/A
8337,48337,N/A
8338,48338,N/A
8339,48339,N/A
8340,48340,N/A
8341,48341,N/A
8342,48342,N/A
8343,48343,N/A
8344,48344,N/A
8345,48345,N/A
8346,48346,N/A
8347,48347,N/A
8348,48348,N/A
8349,48349,N/A
8350,48350,N/A
8351,48351,N/A
8352,48352,N/A
8353,48353,N/A
8354,48354,N/A
8355,48355,N/A
8356,48356,N/A
8357,48357,N/A
8358,48358,N/A
8359,48359,N/A
8360,48360,N/A
8361,48361,N/A
8362,48362,N/A
8363,48363,N/A
8364,48364,N/A
8365,48365,N/A
8366,48366,N/A
8367,48367,N/A
8368,48368,N/A
8369,48369,N/A
8370,48370,N/A
8371,48371,N/A
8372,48372,N/A
8373,48373,N/A
8374,48374,N/A
8375,48375,N/A
8376,48376,N/A
8377,48377,N/A
8378,48378,N/A
8379,48379,N/A
8380,48380,N/A
8381,48381,N/A
8382,48382,N/A
8383,48383,N/A
8384,48384,N/A
8385,48385,N/A
8386,48386,N/A
8387,48387,N/A
8388,48388,N/A
8389,48389,N/A
8390,48390,N/A
8391,48391,N/A
8392,48392,N/A
8393,48393,N/A
8394,48394,N/A
8395,48395,N/A
8396,48396,N/A
8397,48397,N/A
8398,48398,N/A
8399,48399,N/A
8400,48400,N/A
8401,48401,N/A
8402,48402,N/A
8403,48403,N/A
8404,48404,N/A
8405,48405,N/A
8406,48406,N/A
8407,48407,N/A
8408,48408,N/A
8409,48409,N/A
8410,48410,N/A
8411,48411,N/A
8412,48412,N/A
8413,48413,N/A
8414,48414,N/A
8415,48415,N/A
8416,48416,N/A
8417,48417,N/A
8418,48418,N/A
8419,48419,N/A
8420,48420,N/A
8421,48421,N/A
8422,48422,N/A
8423,48423,N/A
8424,48424,N/A
8425,48425,N/A
8426,48426,N/A
8427,48427,N/A
8428,48428,N/A
8429,48429,N/A
8430,48430,N/A
8431,48431,N/A
8432,48432,N/A
8433,48433,N/A
8434,48434,N/A
8435,48435,N/A
8436,48436,N/A
8437,48437,N/A
8438,48438,N/A
8439,48439,N/A
8440,48440,N/A
8441,48441,N/A
8442,48442,N/A
8443,48443,N/A
8444,48444,N/A
8445,48445,N/A
8446,48446,N/A
8447,48447,N/A
8448,48448,N/A
8449,48449,N/A
8450,48450,N/A
8451,48451,N/A
8452,48452,N/A
8453,48453,N/A
8454,48454,N/A
8455,48455,N/A
8456,48456,N/A
8457,48457,N/A
8458,48458,N/A
8459,48459,N/A
8460,48460,N/A
8461,48461,N/A
8462,48462,N/A
8463,48463,N/A
8464,48464,N/A
8465,48465,N/A
8466,48466,N/A
8467,48467,N/A
8468,48468,N/A
8469,48469,N/A
8470,48470,N/A
8471,48471,N/A
8472,48472,N/A
8473,48473,N/A
8474,48474,N/A
8475,48475,N/A
8476,48476,N/A
8477,48477,N/A
8478,48478,N/A
8479,48479,N/A
8480,48480,N/A
8481,48481,N/A
8482,48482,N/A
8483,48483,N/A
8484,48484,N/A
8485,48485,N/A
8486,48486,N/A
8487,48487,N/A
8488,48488,N/A
8489,48489,N/A
8490,48490,N/A
8491,48491,N/A
8492,48492,N/A
8493,48493,N/A
8494,48494,N/A
8495,48495,N/A
8496,48496,N/A
8497,48497,N/A
8498,48498,N/A
8499,48499,N/A
8500,48500,N/A
8501,48501,N/A
8502,48502,N/A
8503,48503,N/A
8504,48504,N/A
8505,48505,N/A
8506,48506,N/A
8507,48507,N/A
8508,48508,N/A
8509,48509,N/A
8510,48510,N/A
8511,48511,N/A
8512,48512,N/A
8513,48513,N/A
8514,48514,N/A
8515,48515,N/A
8516,48516,N/A
8517,48517,N/A
8518,48518,N/A
8519,48519,N/A
8520,48520,N/A
8521,48521,N/A
8522,48522,N/A
8523,48523,N/A
8524,48524,N/A
8525,48525,N/A
8526,48526,N/A
8527,48527,N/A
8528,48528,N/A
8529,48529,N/A
8530,48530,N/A
8531,48531,N/A
8532,48532,N/A
8533,48533,N/A
8534,48534,N/A
8535,48535,N/A
8536,48536,N/A
8537,48537,N/A
8538,48538,N/A
8539,48539,N/A
8540,48540,N/A
8541,48541,N/A
8542,48542,N/A
8543,48543,N/A
8544,48544,N/A
8545,48545,N/A
8546,48546,N/A
8547,48547,N/A
8548,48548,N/A
8549,48549,N/A
8550,48550,N/A
8551,48551,N/A
8552,48552,N/A
8553,48553,N/A
8554,48554,N/A
8555,48555,N/A
8556,48556,N/A
8557,48557,N/A
8558,48558,N/A
8559,48559,N/A
8560,48560,N/A
8561,48561,N/A
8562,48562,N/A
8563,48563,N/A
8564,48564,N/A
8565,48565,N/A
8566,48566,N/A
8567,48567,N/A
8568,48568,N/A
8569,48569,N/A
8570,48570,N/A
8571,48571,N/A
8572,48572,N/A
8573,48573,N/A
8574,48574,N/A
8575,48575,N/A
8576,48576,N/A
8577,48577,N/A
8578,48578,N/A
8579,48579,N/A
8580,48580,N/A
8581,48581,N/A
8582,48582,N/A
8583,48583,N/A
8584,48584,N/A
8585,48585,N/A
8586,48586,N/A
8587,48587,N/A
8588,48588,N/A
8589,48589,N/A
8590,48590,N/A
8591,48591,N/A
8592,48592,N/A
8593,48593,N/A
8594,48594,N/A
8595,48595,N/A
8596,48596,N/A
8597,48597,N/A
8598,48598,N/A
8599,48599,N/A
8600,48600,N/A
8601,48601,N/A
8602,48602,N/A
8603,48603,N/A
8604,48604,N/A
8605,48605,N/A
8606,48606,N/A
8607,48607,N/A
8608,48608,N/A
8609,48609,N/A
8610,48610,N/A
8611,48611,N/A
8612,48612,N/A
8613,48613,N/A
8614,48614,N/A
8615,48615,N/A
8616,48616,N/A
8617,48617,N/A
8618,48618,N/A
8619,48619,N/A
8620,48620,N/A
8621,48621,N/A
8622,48622,N/A
8623,48623,N/A
8624,48624,N/A
8625,48625,N/A
8626,48626,N/A
8627,48627,N/A
8628,48628,N/A
8629,48629,N/A
8630,48630,N/A
8631,48631,N/A
8632,48632,N/A
8633,48633,N/A
8634,48634,N/A
8635,48635,N/A
8636,48636,N/A
8637,48637,N/A
8638,48638,N/A
8639,48639,N/A
8640,48640,N/A
8641,48641,N/A
8642,48642,N/A
8643,48643,N/A
8644,48644,N/A
8645,48645,N/A
8646,48646,N/A
8647,48647,N/A
8648,48648,N/A
8649,48649,N/A
8650,48650,N/A
8651,48651,N/A
8652,48652,N/A
8653,48653,N/A
8654,48654,N/A
8655,48655,N/A
8656,48656,N/A
8657,48657,N/A
8658,48658,N/A
8659,48659,N/A
8660,48660,N/A
8661,48661,N/A
8662,48662,N/A
8663,48663,N/A
8664,48664,N/A
8665,48665,N/A
8666,48666,N/A
8667,48667,N/A
8668,48668,N/A
8669,48669,N/A
8670,48670,N/A
8671,48671,N/A
8672,48672,N/A
8673,48673,N/A
8674,48674,N/A
8675,48675,N/A
8676,48676,N/A
8677,48677,N/A
8678,48678,N/A
8679,48679,N/A
8680,48680,N/A
8681,48681,N/A
8682,48682,N/A
8683,48683,N/A
8684,48684,N/A
8685,48685,N/A
8686,48686,N/A
8687,48687,N/A
8688,48688,N/A
8689,48689,N/A
8690,48690,N/A
8691,48691,N/A
8692,48692,N/A
8693,48693,N/A
8694,48694,N/A
8695,48695,N/A
8696,48696,N/A
8697,48697,N/A
8698,48698,N/A
8699,48699,N/A
8700,48700,N/A
8701,48701,N/A
8702,48702,N/A
8703,48703,N/A
8704,48704,N/A
8705,48705,N/A
8706,48706,N/A
8707,48707,N/A
8708,48708,N/A
8709,48709,N/A
8710,48710,N/A
8711,48711,N/A
8712,48712,N/A
8713,48713,N/A
8714,48714,N/A
8715,48715,N/A
8716,48716,N/A
8717,48717,N/A
8718,48718,N/A
8719,48719,N/A
8720,48720,N/A
8721,48721,N/A
8722,48722,N/A
8723,48723,N/A
8724,48724,N/A
8725,48725,N/A
8726,48726,N/A
8727,48727,N/A
8728,48728,N/A
8729,48729,N/A
8730,48730,N/A
8731,48731,N/A
8732,48732,N/A
8733,48733,N/A
8734,48734,N/A
8735,48735,N/A
8736,48736,N/A
8737,48737,N/A
8738,48738,N/A
8739,48739,N/A
8740,48740,N/A
8741,48741,N/A
8742,48742,N/A
8743,48743,N/A
8744,48744,N/A
8745,48745,N/A
8746,48746,N/A
8747,48747,N/A
8748,48748,N/A
8749,48749,N/A
8750,48750,N/A
8751,48751,N/A
8752,48752,N/A
8753,48753,N/A
8754,48754,N/A
8755,48755,N/A
8756,48756,N/A
8757,48757,N/A
8758,48758,N/A
8759,48759,N/A
8760,48760,N/A
8761,48761,N/A
8762,48762,N/A
8763,48763,N/A
8764,48764,N/A
8765,48765,N/A
8766,48766,N/A
8767,48767,N/A
8768,48768,N/A
8769,48769,N/A
8770,48770,N/A
8771,48771,N/A
8772,48772,N/A
8773,48773,N/A
8774,48774,N/A
8775,48775,N/A
8776,48776,N/A
8777,48777,N/A
8778,48778,N/A
8779,48779,N/A
8780,48780,N/A
8781,48781,N/A
8782,48782,N/A
8783,48783,N/A
8784,48784,N/A
8785,48785,N/A
8786,48786,N/A
8787,48787,N/A
8788,48788,N/A
8789,48789,N/A
8790,48790,N/A
8791,48791,N/A
8792,48792,N/A
8793,48793,N/A
8794,48794,N/A
8795,48795,N/A
8796,48796,N/A
8797,48797,N/A
8798,48798,N/A
8799,48799,N/A
8800,48800,N/A
8801,48801,N/A
8802,48802,N/A
8803,48803,N/A
8804,48804,N/A
8805,48805,N/A
8806,48806,N/A
8807,48807,N/A
8808,48808,N/A
8809,48809,N/A
8810,48810,N/A
8811,48811,N/A
8812,48812,N/A
8813,48813,N/A
8814,48814,N/A
8815,48815,N/A
8816,48816,N/A
8817,48817,N/A
8818,48818,N/A
8819,48819,N/A
8820,48820,N/A
8821,48821,N/A
8822,48822,N/A
8823,48823,N/A
8824,48824,N/A
8825,48825,N/A
8826,48826,N/A
8827,48827,N/A
8828,48828,N/A
8829,48829,N/A
8830,48830,N/A
8831,48831,N/A
8832,48832,N/A
8833,48833,N/A
8834,48834,N/A
8835,48835,N/A
8836,48836,N/A
8837,48837,N/A
8838,48838,N/A
8839,48839,N/A
8840,48840,N/A
8841,48841,N/A
8842,48842,N/A
8843,48843,N/A
8844,48844,N/A
8845,48845,N/A
8846,48846,N/A
8847,48847,N/A
8848,48848,N/A
8849,48849,N/A
8850,48850,N/A
8851,48851,N/A
8852,48852,N/A
8853,48853,N/A
8854,48854,N/A
8855,48855,N/A
8856,48856,N/A
8857,48857,N/A
8858,48858,N/A
8859,48859,N/A
8860,48860,N/A
8861,48861,N/A
8862,48862,N/A
8863,48863,N/A
8864,48864,N/A
8865,48865,N/A
8866,48866,N/A
8867,48867,N/A
8868,48868,N/A
8869,48869,N/A
8870,48870,N/A
8871,48871,N/A
8872,48872,N/A
8873,48873,N/A
8874,48874,N/A
8875,48875,N/A
8876,48876,N/A
8877,48877,N/A
8878,48878,N/A
8879,48879,N/A
8880,48880,N/A
8881,48881,N/A
8882,48882,N/A
8883,48883,N/A
8884,48884,N/A
8885,48885,N/A
8886,48886,N/A
8887,48887,N/A
8888,48888,N/A
8889,48889,N/A
8890,48890,N/A
8891,48891,N/A
8892,48892,N/A
8893,48893,N/A
8894,48894,N/A
8895,48895,N/A
8896,48896,N/A
8897,48897,N/A
8898,48898,N/A
8899,48899,N/A
8900,48900,N/A
8901,48901,N/A
8902,48902,N/A
8903,48903,N/A
8904,48904,N/A
8905,48905,N/A
8906,48906,N/A
8907,48907,N/A
8908,48908,N/A
8909,48909,N/A
8910,48910,N/A
8911,48911,N/A
8912,48912,N/A
8913,48913,N/A
8914,48914,N/A
8915,48915,N/A
8916,48916,N/A
8917,48917,N/A
8918,48918,N/A
8919,48919,N/A
8920,48920,N/A
8921,48921,N/A
8922,48922,N/A
8923,48923,N/A
8924,48924,N/A
8925,48925,N/A
8926,48926,N/A
8927,48927,N/A
8928,48928,N/A
8929,48929,N/A
8930,48930,N/A
8931,48931,N/A
8932,48932,N/A
8933,48933,N/A
8934,48934,N/A
8935,48935,N/A
8936,48936,N/A
8937,48937,N/A
8938,48938,N/A
8939,48939,N/A
8940,48940,N/A
8941,48941,N/A
8942,48942,N/A
8943,48943,N/A
8944,48944,N/A
8945,48945,N/A
8946,48946,N/A
8947,48947,N/A
8948,48948,N/A
8949,48949,N/A
8950,48950,N/A
8951,48951,N/A
8952,48952,N/A
8953,48953,N/A
8954,48954,N/A
8955,48955,N/A
8956,48956,N/A
8957,48957,N/A
8958,48958,N/A
8959,48959,N/A
8960,48960,N/A
8961,48961,N/A
8962,48962,N/A
8963,48963,N/A
8964,48964,N/A
8965,48965,N/A
8966,48966,N/A
8967,48967,N/A
8968,48968,N/A
8969,48969,N/A
8970,48970,N/A
8971,48971,N/A
8972,48972,N/A
8973,48973,N/A
8974,48974,N/A
8975,48975,N/A
8976,48976,N/A
8977,48977,N/A
8978,48978,N/A
8979,48979,N/A
8980,48980,N/A
8981,48981,N/A
8982,48982,N/A
8983,48983,N/A
8984,48984,N/A
8985,48985,N/A
8986,48986,N/A
8987,48987,N/A
8988,48988,N/A
8989,48989,N/A
8990,48990,N/A
8991,48991,N/A
8992,48992,N/A
8993,48993,N/A
8994,48994,N/A
8995,48995,N/A
8996,48996,N/A
8997,48997,N/A
8998,48998,N/A
8999,48999,N/A
9000,49000,N/A
9001,49001,N/A
9002,49002,N/A
9003,49003,N/A
9004,49004,N/A
9005,49005,N/A
9006,49006,N/A
9007,49007,N/A
9008,49008,N/A
9009,49009,N/A
9010,49010,N/A
9011,49011,N/A
9012,49012,N/A
9013,49013,N/A
9014,49014,N/A
9015,49015,N/A
9016,49016,N/A
9017,49017,N/A
9018,49018,N/A
9019,49019,N/A
9020,49020,N/A
9021,49021,N/A
9022,49022,N/A
9023,49023,N/A
9024,49024,N/A
9025,49025,N/A
9026,49026,N/A
9027,49027,N/A
9028,49028,N/A
9029,49029,N/A
9030,49030,N/A
9031,49031,N/A
9032,49032,N/A
9033,49033,N/A
9034,49034,N/A
9035,49035,N/A
9036,49036,N/A
9037,49037,N/A
9038,49038,N/A
9039,49039,N/A
9040,49040,N/A
9041,49041,N/A
9042,49042,N/A
9043,49043,N/A
9044,49044,N/A
9045,49045,N/A
9046,49046,N/A
9047,49047,N/A
9048,49048,N/A
9049,49049,N/A
9050,49050,N/A
9051,49051,N/A
9052,49052,N/A
9053,49053,N/A
9054,49054,N/A
9055,49055,N/A
9056,49056,N/A
9057,49057,N/A
9058,49058,N/A
9059,49059,N/A
9060,49060,N/A
9061,49061,N/A
9062,49062,N/A
9063,49063,N/A
9064,49064,N/A
9065,49065,N/A
9066,49066,N/A
9067,49067,N/A
9068,49068,N/A
9069,49069,N/A
9070,49070,N/A
9071,49071,N/A
9072,49072,N/A
9073,49073,N/A
9074,49074,N/A
9075,49075,N/A
9076,49076,N/A
9077,49077,N/A
9078,49078,N/A
9079,49079,N/A
9080,49080,N/A
9081,49081,N/A
9082,49082,N/A
9083,49083,N/A
9084,49084,N/A
9085,49085,N/A
9086,49086,N/A
9087,49087,N/A
9088,49088,N/A
9089,49089,N/A
9090,49090,N/A
9091,49091,N/A
9092,49092,N/A
9093,49093,N/A
9094,49094,N/A
9095,49095,N/A
9096,49096,N/A
9097,49097,N/A
9098,49098,N/A
9099,49099,N/A
9100,49100,N/A
9101,49101,N/A
9102,49102,N/A
9103,49103,N/A
9104,49104,N/A
9105,49105,N/A
9106,49106,N/A
9107,49107,N/A
9108,49108,N/A
9109,49109,N/A
9110,49110,N/A
9111,49111,N/A
9112,49112,N/A
9113,49113,N/A
9114,49114,N/A
9115,49115,N/A
9116,49116,N/A
9117,49117,N/A
9118,49118,N/A
9119,49119,N/A
9120,49120,N/A
9121,49121,N/A
9122,49122,N/A
9123,49123,N/A
9124,49124,N/A
9125,49125,N/A
9126,49126,N/A
9127,49127,N/A
9128,49128,N/A
9129,49129,N/A
9130,49130,N/A
9131,49131,N/A
9132,49132,N/A
9133,49133,N/A
9134,49134,N/A
9135,49135,N/A
9136,49136,N/A
9137,49137,N/A
9138,49138,N/A
9139,49139,N/A
9140,49140,N/A
9141,49141,N/A
9142,49142,N/A
9143,49143,N/A
9144,49144,N/A
9145,49145,N/A
9146,49146,N/A
9147,49147,N/A
9148,49148,N/A
9149,49149,N/A
9150,49150,N/A
9151,49151,N/A
9152,49152,N/A
9153,49153,N/A
9154,49154,N/A
9155,49155,N/A
9156,49156,N/A
9157,49157,N/A
9158,49158,N/A
9159,49159,N/A
9160,49160,N/A
9161,49161,N/A
9162,49162,N/A
9163,49163,N/A
9164,49164,N/A
9165,49165,N/A
9166,49166,N/A
9167,49167,N/A
9168,49168,N/A
9169,49169,N/A
9170,49170,N/A
9171,49171,N/A
9172,49172,N/A
9173,49173,N/A
9174,49174,N/A
9175,49175,N/A
9176,49176,N/A
9177,49177,N/A
9178,49178,N/A
9179,49179,N/A
9180,49180,N/A
9181,49181,N/A
9182,49182,N/A
9183,49183,N/A
9184,49184,N/A
9185,49185,N/A
9186,49186,N/A
9187,49187,N/A
9188,49188,N/A
9189,49189,N/A
9190,49190,N/A
9191,49191,N/A
9192,49192,N/A
9193,49193,N/A
9194,49194,N/A
9195,49195,N/A
9196,49196,N/A
9197,49197,N/A
9198,49198,N/A
9199,49199,N/A
9200,49200,N/A
9201,49201,N/A
9202,49202,N/A
9203,49203,N/A
9204,49204,N/A
9205,49205,N/A
9206,49206,N/A
9207,49207,N/A
9208,49208,N/A
9209,49209,N/A
9210,49210,N/A
9211,49211,N/A
9212,49212,N/A
9213,49213,N/A
9214,49214,N/A
9215,49215,N/A
9216,49216,N/A
9217,49217,N/A
9218,49218,N/A
9219,49219,N/A
9220,49220,N/A
9221,49221,N/A
9222,49222,N/A
9223,49223,N/A
9224,49224,N/A
9225,49225,N/A
9226,49226,N/A
9227,49227,N/A
9228,49228,N/A
9229,49229,N/A
9230,49230,N/A
9231,49231,N/A
9232,49232,N/A
9233,49233,N/A
9234,49234,N/A
9235,49235,N/A
9236,49236,N/A
9237,49237,N/A
9238,49238,N/A
9239,49239,N/A
9240,49240,N/A
9241,49241,N/A
9242,49242,N/A
9243,49243,N/A
9244,49244,N/A
9245,49245,N/A
9246,49246,N/A
9247,49247,N/A
9248,49248,N/A
9249,49249,N/A
9250,49250,N/A
9251,49251,N/A
9252,49252,N/A
9253,49253,N/A
9254,49254,N/A
9255,49255,N/A
9256,49256,N/A
9257,49257,N/A
9258,49258,N/A
9259,49259,N/A
9260,49260,N/A
9261,49261,N/A
9262,49262,N/A
9263,49263,N/A
9264,49264,N/A
9265,49265,N/A
9266,49266,N/A
9267,49267,N/A
9268,49268,N/A
9269,49269,N/A
9270,49270,N/A
9271,49271,N/A
9272,49272,N/A
9273,49273,N/A
9274,49274,N/A
9275,49275,N/A
9276,49276,N/A
9277,49277,N/A
9278,49278,N/A
9279,49279,N/A
9280,49280,N/A
9281,49281,N/A
9282,49282,N/A
9283,49283,N/A
9284,49284,N/A
9285,49285,N/A
9286,49286,N/A
9287,49287,N/A
9288,49288,N/A
9289,49289,N/A
9290,49290,N/A
9291,49291,N/A
9292,49292,N/A
9293,49293,N/A
9294,49294,N/A
9295,49295,N/A
9296,49296,N/A
9297,49297,N/A
9298,49298,N/A
9299,49299,N/A
9300,49300,N/A
9301,49301,N/A
9302,49302,N/A
9303,49303,N/A
9304,49304,N/A
9305,49305,N/A
9306,49306,N/A
9307,49307,N/A
9308,49308,N/A
9309,49309,N/A
9310,49310,N/A
9311,49311,N/A
9312,49312,N/A
9313,49313,N/A
9314,49314,N/A
9315,49315,N/A
9316,49316,N/A
9317,49317,N/A
9318,49318,N/A
9319,49319,N/A
9320,49320,N/A
9321,49321,N/A
9322,49322,N/A
9323,49323,N/A
9324,49324,N/A
9325,49325,N/A
9326,49326,N/A
9327,49327,N/A
9328,49328,N/A
9329,49329,N/A
9330,49330,N/A
9331,49331,N/A
9332,49332,N/A
9333,49333,N/A
9334,49334,N/A
9335,49335,N/A
9336,49336,N/A
9337,49337,N/A
9338,49338,N/A
9339,49339,N/A
9340,49340,N/A
9341,49341,N/A
9342,49342,N/A
9343,49343,N/A
9344,49344,N/A
9345,49345,N/A
9346,49346,N/A
9347,49347,N/A
9348,49348,N/A
9349,49349,N/A
9350,49350,N/A
9351,49351,N/A
9352,49352,N/A
9353,49353,N/A
9354,49354,N/A
9355,49355,N/A
9356,49356,N/A
9357,49357,N/A
9358,49358,N/A
9359,49359,N/A
9360,49360,N/A
9361,49361,N/A
9362,49362,N/A
9363,49363,N/A
9364,49364,N/A
9365,49365,N/A
9366,49366,N/A
9367,49367,N/A
9368,49368,N/A
9369,49369,N/A
9370,49370,N/A
9371,49371,N/A
9372,49372,N/A
9373,49373,N/A
9374,49374,N/A
9375,49375,N/A
9376,49376,N/A
9377,49377,N/A
9378,49378,N/A
9379,49379,N/A
9380,49380,N/A
9381,49381,N/A
9382,49382,N/A
9383,49383,N/A
9384,49384,N/A
9385,49385,N/A
9386,49386,N/A
9387,49387,N/A
9388,49388,N/A
9389,49389,N/A
9390,49390,N/A
9391,49391,N/A
9392,49392,N/A
9393,49393,N/A
9394,49394,N/A
9395,49395,N/A
9396,49396,N/A
9397,49397,N/A
9398,49398,N/A
9399,49399,N/A
9400,49400,N/A
9401,49401,N/A
9402,49402,N/A
9403,49403,N/A
9404,49404,N/A
9405,49405,N/A
9406,49406,N/A
9407,49407,N/A
9408,49408,N/A
9409,49409,N/A
9410,49410,N/A
9411,49411,N/A
9412,49412,N/A
9413,49413,N/A
9414,49414,N/A
9415,49415,N/A
9416,49416,N/A
9417,49417,N/A
9418,49418,N/A
9419,49419,N/A
9420,49420,N/A
9421,49421,N/A
9422,49422,N/A
9423,49423,N/A
9424,49424,N/A
9425,49425,N/A
9426,49426,N/A
9427,49427,N/A
9428,49428,N/A
9429,49429,N/A
9430,49430,N/A
9431,49431,N/A
9432,49432,N/A
9433,49433,N/A
9434,49434,N/A
9435,49435,N/A
9436,49436,N/A
9437,49437,N/A
9438,49438,N/A
9439,49439,N/A
9440,49440,N/A
9441,49441,N/A
9442,49442,N/A
9443,49443,N/A
9444,49444,N/A
9445,49445,N/A
9446,49446,N/A
9447,49447,N/A
9448,49448,N/A
9449,49449,N/A
9450,49450,N/A
9451,49451,N/A
9452,49452,N/A
9453,49453,N/A
9454,49454,N/A
9455,49455,N/A
9456,49456,N/A
9457,49457,N/A
9458,49458,N/A
9459,49459,N/A
9460,49460,N/A
9461,49461,N/A
9462,49462,N/A
9463,49463,N/A
9464,49464,N/A
9465,49465,N/A
9466,49466,N/A
9467,49467,N/A
9468,49468,N/A
9469,49469,N/A
9470,49470,N/A
9471,49471,N/A
9472,49472,N/A
9473,49473,N/A
9474,49474,N/A
9475,49475,N/A
9476,49476,N/A
9477,49477,N/A
9478,49478,N/A
9479,49479,N/A
9480,49480,N/A
9481,49481,N/A
9482,49482,N/A
9483,49483,N/A
9484,49484,N/A
9485,49485,N/A
9486,49486,N/A
9487,49487,N/A
9488,49488,N/A
9489,49489,N/A
9490,49490,N/A
9491,49491,N/A
9492,49492,N/A
9493,49493,N/A
9494,49494,N/A
9495,49495,N/A
9496,49496,N/A
9497,49497,N/A
9498,49498,N/A
9499,49499,N/A
9500,49500,N/A
9501,49501,N/A
9502,49502,N/A
9503,49503,N/A
9504,49504,N/A
9505,49505,N/A
9506,49506,N/A
9507,49507,N/A
9508,49508,N/A
9509,49509,N/A
9510,49510,N/A
9511,49511,N/A
9512,49512,N/A
9513,49513,N/A
9514,49514,N/A
9515,49515,N/A
9516,49516,N/A
9517,49517,N/A
9518,49518,N/A
9519,49519,N/A
9520,49520,N/A
9521,49521,N/A
9522,49522,N/A
9523,49523,N/A
9524,49524,N/A
9525,49525,N/A
9526,49526,N/A
9527,49527,N/A
9528,49528,N/A
9529,49529,N/A
9530,49530,N/A
9531,49531,N/A
9532,49532,N/A
9533,49533,N/A
9534,49534,N/A
9535,49535,N/A
9536,49536,N/A
9537,49537,N/A
9538,49538,N/A
9539,49539,N/A
9540,49540,N/A
9541,49541,N/A
9542,49542,N/A
9543,49543,N/A
9544,49544,N/A
9545,49545,N/A
9546,49546,N/A
9547,49547,N/A
9548,49548,N/A
9549,49549,N/A
9550,49550,N/A
9551,49551,N/A
9552,49552,N/A
9553,49553,N/A
9554,49554,N/A
9555,49555,N/A
9556,49556,N/A
9557,49557,N/A
9558,49558,N/A
9559,49559,N/A
9560,49560,N/A
9561,49561,N/A
9562,49562,N/A
9563,49563,N/A
9564,49564,N/A
9565,49565,N/A
9566,49566,N/A
9567,49567,N/A
9568,49568,N/A
9569,49569,N/A
9570,49570,N/A
9571,49571,N/A
9572,49572,N/A
9573,49573,N/A
9574,49574,N/A
9575,49575,N/A
9576,49576,N/A
9577,49577,N/A
9578,49578,N/A
9579,49579,N/A
9580,49580,N/A
9581,49581,N/A
9582,49582,N/A
9583,49583,N/A
9584,49584,N/A
9585,49585,N/A
9586,49586,N/A
9587,49587,N/A
9588,49588,N/A
9589,49589,N/A
9590,49590,N/A
9591,49591,N/A
9592,49592,N/A
9593,49593,N/A
9594,49594,N/A
9595,49595,N/A
9596,49596,N/A
9597,49597,N/A
9598,49598,N/A
9599,49599,N/A
9600,49600,N/A
9601,49601,N/A
9602,49602,N/A
9603,49603,N/A
9604,49604,N/A
9605,49605,N/A
9606,49606,N/A
9607,49607,N/A
9608,49608,N/A
9609,49609,N/A
9610,49610,N/A
9611,49611,N/A
9612,49612,N/A
9613,49613,N/A
9614,49614,N/A
9615,49615,N/A
9616,49616,N/A
9617,49617,N/A
9618,49618,N/A
9619,49619,N/A
9620,49620,N/A
9621,49621,N/A
9622,49622,N/A
9623,49623,N/A
9624,49624,N/A
9625,49625,N/A
9626,49626,N/A
9627,49627,N/A
9628,49628,N/A
9629,49629,N/A
9630,49630,N/A
9631,49631,N/A
9632,49632,N/A
9633,49633,N/A
9634,49634,N/A
9635,49635,N/A
9636,49636,N/A
9637,49637,N/A
9638,49638,N/A
9639,49639,N/A
9640,49640,N/A
9641,49641,N/A
9642,49642,N/A
9643,49643,N/A
9644,49644,N/A
9645,49645,N/A
9646,49646,N/A
9647,49647,N/A
9648,49648,N/A
9649,49649,N/A
9650,49650,N/A
9651,49651,N/A
9652,49652,N/A
9653,49653,N/A
9654,49654,N/A
9655,49655,N/A
9656,49656,N/A
9657,49657,N/A
9658,49658,N/A
9659,49659,N/A
9660,49660,N/A
9661,49661,N/A
9662,49662,N/A
9663,49663,N/A
9664,49664,N/A
9665,49665,N/A
9666,49666,N/A
9667,49667,N/A
9668,49668,N/A
9669,49669,N/A
9670,49670,N/A
9671,49671,N/A
9672,49672,N/A
9673,49673,N/A
9674,49674,N/A
9675,49675,N/A
9676,49676,N/A
9677,49677,N/A
9678,49678,N/A
9679,49679,N/A
9680,49680,N/A
9681,49681,N/A
9682,49682,N/A
9683,49683,N/A
9684,49684,N/A
9685,49685,N/A
9686,49686,N/A
9687,49687,N/A
9688,49688,N/A
9689,49689,N/A
9690,49690,N/A
9691,49691,N/A
9692,49692,N/A
9693,49693,N/A
9694,49694,N/A
9695,49695,N/A
9696,49696,N/A
9697,49697,N/A
9698,49698,N/A
9699,49699,N/A
9700,49700,N/A
9701,49701,N/A
9702,49702,N/A
9703,49703,N/A
9704,49704,N/A
9705,49705,N/A
9706,49706,N/A
9707,49707,N/A
9708,49708,N/A
9709,49709,N/A
9710,49710,N/A
9711,49711,N/A
9712,49712,N/A
9713,49713,N/A
9714,49714,N/A
9715,49715,N/A
9716,49716,N/A
9717,49717,N/A
9718,49718,N/A
9719,49719,N/A
9720,49720,N/A
9721,49721,N/A
9722,49722,N/A
9723,49723,N/A
9724,49724,N/A
9725,49725,N/A
9726,49726,N/A
9727,49727,N/A
9728,49728,N/A
9729,49729,N/A
9730,49730,N/A
9731,49731,N/A
9732,49732,N/A
9733,49733,N/A
9734,49734,N/A
9735,49735,N/A
9736,49736,N/A
9737,49737,N/A
9738,49738,N/A
9739,49739,N/A
9740,49740,N/A
9741,49741,N/A
9742,49742,N/A
9743,49743,N/A
9744,49744,N/A
9745,49745,N/A
9746,49746,N/A
9747,49747,N/A
9748,49748,N/A
9749,49749,N/A
9750,49750,N/A
9751,49751,N/A
9752,49752,N/A
9753,49753,N/A
9754,49754,N/A
9755,49755,N/A
9756,49756,N/A
9757,49757,N/A
9758,49758,N/A
9759,49759,N/A
9760,49760,N/A
9761,49761,N/A
9762,49762,N/A
9763,49763,N/A
9764,49764,N/A
9765,49765,N/A
9766,49766,N/A
9767,49767,N/A
9768,49768,N/A
9769,49769,N/A
9770,49770,N/A
9771,49771,N/A
9772,49772,N/A
9773,49773,N/A
9774,49774,N/A
9775,49775,N/A
9776,49776,N/A
9777,49777,N/A
9778,49778,N/A
9779,49779,N/A
9780,49780,N/A
9781,49781,N/A
9782,49782,N/A
9783,49783,N/A
9784,49784,N/A
9785,49785,N/A
9786,49786,N/A
9787,49787,N/A
9788,49788,N/A
9789,49789,N/A
9790,49790,N/A
9791,49791,N/A
9792,49792,N/A
9793,49793,N/A
9794,49794,N/A
9795,49795,N/A
9796,49796,N/A
9797,49797,N/A
9798,49798,N/A
9799,49799,N/A
9800,49800,N/A
9801,49801,N/A
9802,49802,N/A
9803,49803,N/A
9804,49804,N/A
9805,49805,N/A
9806,49806,N/A
9807,49807,N/A
9808,49808,N/A
9809,49809,N/A
9810,49810,N/A
9811,49811,N/A
9812,49812,N/A
9813,49813,N/A
9814,49814,N/A
9815,49815,N/A
9816,49816,N/A
9817,49817,N/A
9818,49818,N/A
9819,49819,N/A
9820,49820,N/A
9821,49821,N/A
9822,49822,N/A
9823,49823,N/A
9824,49824,N/A
9825,49825,N/A
9826,49826,N/A
9827,49827,N/A
9828,49828,N/A
9829,49829,N/A
9830,49830,N/A
9831,49831,N/A
9832,49832,N/A
9833,49833,N/A
9834,49834,N/A
9835,49835,N/A
9836,49836,N/A
9837,49837,N/A
9838,49838,N/A
9839,49839,N/A
9840,49840,N/A
9841,49841,N/A
9842,49842,N/A
9843,49843,N/A
9844,49844,N/A
9845,49845,N/A
9846,49846,N/A
9847,49847,N/A
9848,49848,N/A
9849,49849,N/A
9850,49850,N/A
9851,49851,N/A
9852,49852,N/A
9853,49853,N/A
9854,49854,N/A
9855,49855,N/A
9856,49856,N/A
9857,49857,N/A
9858,49858,N/A
9859,49859,N/A
9860,49860,N/A
9861,49861,N/A
9862,49862,N/A
9863,49863,N/A
9864,49864,N/A
9865,49865,N/A
9866,49866,N/A
9867,49867,N/A
9868,49868,N/A
9869,49869,N/A
9870,49870,N/A
9871,49871,N/A
9872,49872,N/A
9873,49873,N/A
9874,49874,N/A
9875,49875,N/A
9876,49876,N/A
9877,49877,N/A
9878,49878,N/A
9879,49879,N/A
9880,49880,N/A
9881,49881,N/A
9882,49882,N/A
9883,49883,N/A
9884,49884,N/A
9885,49885,N/A
9886,49886,N/A
9887,49887,N/A
9888,49888,N/A
9889,49889,N/A
9890,49890,N/A
9891,49891,N/A
9892,49892,N/A
9893,49893,N/A
9894,49894,N/A
9895,49895,N/A
9896,49896,N/A
9897,49897,N/A
9898,49898,N/A
9899,49899,N/A
9900,49900,N/A
9901,49901,N/A
9902,49902,N/A
9903,49903,N/A
9904,49904,N/A
9905,49905,N/A
9906,49906,N/A
9907,49907,N/A
9908,49908,N/A
9909,49909,N/A
9910,49910,N/A
9911,49911,N/A
9912,49912,N/A
9913,49913,N/A
9914,49914,N/A
9915,49915,N/A
9916,49916,N/A
9917,49917,N/A
9918,49918,N/A
9919,49919,N/A
9920,49920,N/A
9921,49921,N/A
9922,49922,N/A
9923,49923,N/A
9924,49924,N/A
9925,49925,N/A
9926,49926,N/A
9927,49927,N/A
9928,49928,N/A
9929,49929,N/A
9930,49930,N/A
9931,49931,N/A
9932,49932,N/A
9933,49933,N/A
9934,49934,N/A
9935,49935,N/A
9936,49936,N/A
9937,49937,N/A
9938,49938,N/A
9939,49939,N/A
9940,49940,N/A
9941,49941,N/A
9942,49942,N/A
9943,49943,N/A
9944,49944,N/A
9945,49945,N/A
9946,49946,N/A
9947,49947,N/A
9948,49948,N/A
9949,49949,N/A
9950,49950,N/A
9951,49951,N/A
9952,49952,N/A
9953,49953,N/A
9954,49954,N/A
9955,49955,N/A
9956,49956,N/A
9957,49957,N/A
9958,49958,N/A
9959,49959,N/A
9960,49960,N/A
9961,49961,N/A
9962,49962,N/A
9963,49963,N/A
9964,49964,N/A
9965,49965,N/A
9966,49966,N/A
9967,49967,N/A
9968,49968,N/A
9969,49969,N/A
9970,49970,N/A
9971,49971,N/A
9972,49972,N/A
9973,49973,N/A
9974,49974,N/A
9975,49975,N/A
9976,49976,N/A
9977,49977,N/A
9978,49978,N/A
9979,49979,N/A
9980,49980,N/A
9981,49981,N/A
9982,49982,N/A
9983,49983,N/A
9984,49984,N/A
9985,49985,N/A
9986,49986,N/A
9987,49987,N/A
9988,49988,N/A
9989,49989,N/A
9990,49990,N/A
9991,49991,N/A
9992,49992,N/A
9993,49993,N/A
9994,49994,N/A
9995,49995,N/A
9996,49996,N/A
9997,49997,N/A
9998,49998,N/A
9999,49999,N/A
10000,50000,N/A
10001,50001,N/A
10002,50002,N/A
10003,50003,N/A
10004,50004,N/A
10005,50005,N/A
10006,50006,N/A
10007,50007,N/A
10008,50008,N/A
10009,50009,N/A
10010,50010,N/A
10011,50011,N/A
10012,50012,N/A
10013,50013,N/A
10014,50014,N/A
10015,50015,N/A
10016,50016,N/A
10017,50017,N/A
10018,50018,N/A
10019,50019,N/A
10020,50020,N/A
10021,50021,N/A
10022,50022,N/A
10023,50023,N/A
10024,50024,N/A
10025,50025,N/A
10026,50026,N/A
10027,50027,N/A
10028,50028,N/A
10029,50029,N/A
10030,50030,N/A
10031,50031,N/A
10032,50032,N/A
10033,50033,N/A
10034,50034,N/A
10035,50035,N/A
10036,50036,N/A
10037,50037,N/A
10038,50038,N/A
10039,50039,N/A
10040,50040,N/A
10041,50041,N/A
10042,50042,N/A
10043,50043,N/A
10044,50044,N/A
10045,50045,N/A
10046,50046,N/A
10047,50047,N/A
10048,50048,N/A
10049,50049,N/A
10050,50050,N/A
10051,50051,N/A
10052,50052,N/A
10053,50053,N/A
10054,50054,N/A
10055,50055,N/A
10056,50056,N/A
10057,50057,N/A
10058,50058,N/A
10059,50059,N/A
10060,50060,N/A
10061,50061,N/A
10062,50062,N/A
10063,50063,N/A
10064,50064,N/A
10065,50065,N/A
10066,50066,N/A
10067,50067,N/A
10068,50068,N/A
10069,50069,N/A
10070,50070,N/A
10071,50071,N/A
10072,50072,N/A
10073,50073,N/A
10074,50074,N/A
10075,50075,N/A
10076,50076,N/A
10077,50077,N/A
10078,50078,N/A
10079,50079,N/A
10080,50080,N/A
10081,50081,N/A
10082,50082,N/A
10083,50083,N/A
10084,50084,N/A
10085,50085,N/A
10086,50086,N/A
10087,50087,N/A
10088,50088,N/A
10089,50089,N/A
10090,50090,N/A
10091,50091,N/A
10092,50092,N/A
10093,50093,N/A
10094,50094,N/A
10095,50095,N/A
10096,50096,N/A
10097,50097,N/A
10098,50098,N/A
10099,50099,N/A
10100,50100,N/A
10101,50101,N/A
10102,50102,N/A
10103,50103,N/A
10104,50104,N/A
10105,50105,N/A
10106,50106,N/A
10107,50107,N/A
10108,50108,N/A
10109,50109,N/A
10110,50110,N/A
10111,50111,N/A
10112,50112,N/A
10113,50113,N/A
10114,50114,N/A
10115,50115,N/A
10116,50116,N/A
10117,50117,N/A
10118,50118,N/A
10119,50119,N/A
10120,50120,N/A
10121,50121,N/A
10122,50122,N/A
10123,50123,N/A
10124,50124,N/A
10125,50125,N/A
10126,50126,N/A
10127,50127,N/A
10128,50128,N/A
10129,50129,N/A
10130,50130,N/A
10131,50131,N/A
10132,50132,N/A
10133,50133,N/A
10134,50134,N/A
10135,50135,N/A
10136,50136,N/A
10137,50137,N/A
10138,50138,N/A
10139,50139,N/A
10140,50140,N/A
10141,50141,N/A
10142,50142,N/A
10143,50143,N/A
10144,50144,N/A
10145,50145,N/A
10146,50146,N/A
10147,50147,N/A
10148,50148,N/A
10149,50149,N/A
10150,50150,N/A
10151,50151,N/A
10152,50152,N/A
10153,50153,N/A
10154,50154,N/A
10155,50155,N/A
10156,50156,N/A
10157,50157,N/A
10158,50158,N/A
10159,50159,N/A
10160,50160,N/A
10161,50161,N/A
10162,50162,N/A
10163,50163,N/A
10164,50164,N/A
10165,50165,N/A
10166,50166,N/A
10167,50167,N/A
10168,50168,N/A
10169,50169,N/A
10170,50170,N/A
10171,50171,N/A
10172,50172,N/A
10173,50173,N/A
10174,50174,N/A
10175,50175,N/A
10176,50176,N/A
10177,50177,N/A
10178,50178,N/A
10179,50179,N/A
10180,50180,N/A
10181,50181,N/A
10182,50182,N/A
10183,50183,N/A
10184,50184,N/A
10185,50185,N/A
10186,50186,N/A
10187,50187,N/A
10188,50188,N/A
10189,50189,N/A
10190,50190,N/A
10191,50191,N/A
10192,50192,N/A
10193,50193,N/A
10194,50194,N/A
10195,50195,N/A
10196,50196,N/A
10197,50197,N/A
10198,50198,N/A
10199,50199,N/A
10200,50200,N/A
10201,50201,N/A
10202,50202,N/A
10203,50203,N/A
10204,50204,N/A
10205,50205,N/A
10206,50206,N/A
10207,50207,N/A
10208,50208,N/A
10209,50209,N/A
10210,50210,N/A
10211,50211,N/A
10212,50212,N/A
10213,50213,N/A
10214,50214,N/A
10215,50215,N/A
10216,50216,N/A
10217,50217,N/A
10218,50218,N/A
10219,50219,N/A
10220,50220,N/A
10221,50221,N/A
10222,50222,N/A
10223,50223,N/A
10224,50224,N/A
10225,50225,N/A
10226,50226,N/A
10227,50227,N/A
10228,50228,N/A
10229,50229,N/A
10230,50230,N/A
10231,50231,N/A
10232,50232,N/A
10233,50233,N/A
10234,50234,N/A
10235,50235,N/A
10236,50236,N/A
10237,50237,N/A
10238,50238,N/A
10239,50239,N/A
10240,50240,N/A
10241,50241,N/A
10242,50242,N/A
10243,50243,N/A
10244,50244,N/A
10245,50245,N/A
10246,50246,N/A
10247,50247,N/A
10248,50248,N/A
10249,50249,N/A
10250,50250,N/A
10251,50251,N/A
10252,50252,N/A
10253,50253,N/A
10254,50254,N/A
10255,50255,N/A
10256,50256,N/A
10257,50257,N/A
10258,50258,N/A
10259,50259,N/A
10260,50260,N/A
10261,50261,N/A
10262,50262,N/A
10263,50263,N/A
10264,50264,N/A
10265,50265,N/A
10266,50266,N/A
10267,50267,N/A
10268,50268,N/A
10269,50269,N/A
10270,50270,N/A
10271,50271,N/A
10272,50272,N/A
10273,50273,N/A
10274,50274,N/A
10275,50275,N/A
10276,50276,N/A
10277,50277,N/A
10278,50278,N/A
10279,50279,N/A
10280,50280,N/A
10281,50281,N/A
10282,50282,N/A
10283,50283,N/A
10284,50284,N/A
10285,50285,N/A
10286,50286,N/A
10287,50287,N/A
10288,50288,N/A
10289,50289,N/A
10290,50290,N/A
10291,50291,N/A
10292,50292,N/A
10293,50293,N/A
10294,50294,N/A
10295,50295,N/A
10296,50296,N/A
10297,50297,N/A
10298,50298,N/A
10299,50299,N/A
10300,50300,N/A
10301,50301,N/A
10302,50302,N/A
10303,50303,N/A
10304,50304,N/A
10305,50305,N/A
10306,50306,N/A
10307,50307,N/A
10308,50308,N/A
10309,50309,N/A
10310,50310,N/A
10311,50311,N/A
10312,50312,N/A
10313,50313,N/A
10314,50314,N/A
10315,50315,N/A
10316,50316,N/A
10317,50317,N/A
10318,50318,N/A
10319,50319,N/A
10320,50320,N/A
10321,50321,N/A
10322,50322,N/A
10323,50323,N/A
10324,50324,N/A
10325,50325,N/A
10326,50326,N/A
10327,50327,N/A
10328,50328,N/A
10329,50329,N/A
10330,50330,N/A
10331,50331,N/A
10332,50332,N/A
10333,50333,N/A
10334,50334,N/A
10335,50335,N/A
10336,50336,N/A
10337,50337,N/A
10338,50338,N/A
10339,50339,N/A
10340,50340,N/A
10341,50341,N/A
10342,50342,N/A
10343,50343,N/A
10344,50344,N/A
10345,50345,N/A
10346,50346,N/A
10347,50347,N/A
10348,50348,N/A
10349,50349,N/A
10350,50350,N/A
10351,50351,N/A
10352,50352,N/A
10353,50353,N/A
10354,50354,N/A
10355,50355,N/A
10356,50356,N/A
10357,50357,N/A
10358,50358,N/A
10359,50359,N/A
10360,50360,N/A
10361,50361,N/A
10362,50362,N/A
10363,50363,N/A
10364,50364,N/A
10365,50365,N/A
10366,50366,N/A
10367,50367,N/A
10368,50368,N/A
10369,50369,N/A
10370,50370,N/A
10371,50371,N/A
10372,50372,N/A
10373,50373,N/A
10374,50374,N/A
10375,50375,N/A
10376,50376,N/A
10377,50377,N/A
10378,50378,N/A
10379,50379,N/A
10380,50380,N/A
10381,50381,N/A
10382,50382,N/A
10383,50383,N/A
10384,50384,N/A
10385,50385,N/A
10386,50386,N/A
10387,50387,N/A
10388,50388,N/A
10389,50389,N/A
10390,50390,N/A
10391,50391,N/A
10392,50392,N/A
10393,50393,N/A
10394,50394,N/A
10395,50395,N/A
10396,50396,N/A
10397,50397,N/A
10398,50398,N/A
10399,50399,N/A
10400,50400,N/A
10401,50401,N/A
10402,50402,N/A
10403,50403,N/A
10404,50404,N/A
10405,50405,N/A
10406,50406,N/A
10407,50407,N/A
10408,50408,N/A
10409,50409,N/A
10410,50410,N/A
10411,50411,N/A
10412,50412,N/A
10413,50413,N/A
10414,50414,N/A
10415,50415,N/A
10416,50416,N/A
10417,50417,N/A
10418,50418,N/A
10419,50419,N/A
10420,50420,N/A
10421,50421,N/A
10422,50422,N/A
10423,50423,N/A
10424,50424,N/A
10425,50425,N/A
10426,50426,N/A
10427,50427,N/A
10428,50428,N/A
10429,50429,N/A
10430,50430,N/A
10431,50431,N/A
10432,50432,N/A
10433,50433,N/A
10434,50434,N/A
10435,50435,N/A
10436,50436,N/A
10437,50437,N/A
10438,50438,N/A
10439,50439,N/A
10440,50440,N/A
10441,50441,N/A
10442,50442,N/A
10443,50443,N/A
10444,50444,N/A
10445,50445,N/A
10446,50446,N/A
10447,50447,N/A
10448,50448,N/A
10449,50449,N/A
10450,50450,N/A
10451,50451,N/A
10452,50452,N/A
10453,50453,N/A
10454,50454,N/A
10455,50455,N/A
10456,50456,N/A
10457,50457,N/A
10458,50458,N/A
10459,50459,N/A
10460,50460,N/A
10461,50461,N/A
10462,50462,N/A
10463,50463,N/A
10464,50464,N/A
10465,50465,N/A
10466,50466,N/A
10467,50467,N/A
10468,50468,N/A
10469,50469,N/A
10470,50470,N/A
10471,50471,N/A
10472,50472,N/A
10473,50473,N/A
10474,50474,N/A
10475,50475,N/A
10476,50476,N/A
10477,50477,N/A
10478,50478,N/A
10479,50479,N/A
10480,50480,N/A
10481,50481,N/A
10482,50482,N/A
10483,50483,N/A
10484,50484,N/A
10485,50485,N/A
10486,50486,N/A
10487,50487,N/A
10488,50488,N/A
10489,50489,N/A
10490,50490,N/A
10491,50491,N/A
10492,50492,N/A
10493,50493,N/A
10494,50494,N/A
10495,50495,N/A
10496,50496,N/A
10497,50497,N/A
10498,50498,N/A
10499,50499,N/A
10500,50500,N/A
10501,50501,N/A
10502,50502,N/A
10503,50503,N/A
10504,50504,N/A
10505,50505,N/A
10506,50506,N/A
10507,50507,N/A
10508,50508,N/A
10509,50509,N/A
10510,50510,N/A
10511,50511,N/A
10512,50512,N/A
10513,50513,N/A
10514,50514,N/A
10515,50515,N/A
10516,50516,N/A
10517,50517,N/A
10518,50518,N/A
10519,50519,N/A
10520,50520,N/A
10521,50521,N/A
10522,50522,N/A
10523,50523,N/A
10524,50524,N/A
10525,50525,N/A
10526,50526,N/A
10527,50527,N/A
10528,50528,N/A
10529,50529,N/A
10530,50530,N/A
10531,50531,N/A
10532,50532,N/A
10533,50533,N/A
10534,50534,N/A
10535,50535,N/A
10536,50536,N/A
10537,50537,N/A
10538,50538,N/A
10539,50539,N/A
10540,50540,N/A
10541,50541,N/A
10542,50542,N/A
10543,50543,N/A
10544,50544,N/A
10545,50545,N/A
10546,50546,N/A
10547,50547,N/A
10548,50548,N/A
10549,50549,N/A
10550,50550,N/A
10551,50551,N/A
10552,50552,N/A
10553,50553,N/A
10554,50554,N/A
10555,50555,N/A
10556,50556,N/A
10557,50557,N/A
10558,50558,N/A
10559,50559,N/A
10560,50560,N/A
10561,50561,N/A
10562,50562,N/A
10563,50563,N/A
10564,50564,N/A
10565,50565,N/A
10566,50566,N/A
10567,50567,N/A
10568,50568,N/A
10569,50569,N/A
10570,50570,N/A
10571,50571,N/A
10572,50572,N/A
10573,50573,N/A
10574,50574,N/A
10575,50575,N/A
10576,50576,N/A
10577,50577,N/A
10578,50578,N/A
10579,50579,N/A
10580,50580,N/A
10581,50581,N/A
10582,50582,N/A
10583,50583,N/A
10584,50584,N/A
10585,50585,N/A
10586,50586,N/A
10587,50587,N/A
10588,50588,N/A
10589,50589,N/A
10590,50590,N/A
10591,50591,N/A
10592,50592,N/A
10593,50593,N/A
10594,50594,N/A
10595,50595,N/A
10596,50596,N/A
10597,50597,N/A
10598,50598,N/A
10599,50599,N/A
10600,50600,N/A
10601,50601,N/A
10602,50602,N/A
10603,50603,N/A
10604,50604,N/A
10605,50605,N/A
10606,50606,N/A
10607,50607,N/A
10608,50608,N/A
10609,50609,N/A
10610,50610,N/A
10611,50611,N/A
10612,50612,N/A
10613,50613,N/A
10614,50614,N/A
10615,50615,N/A
10616,50616,N/A
10617,50617,N/A
10618,50618,N/A
10619,50619,N/A
10620,50620,N/A
10621,50621,N/A
10622,50622,N/A
10623,50623,N/A
10624,50624,N/A
10625,50625,N/A
10626,50626,N/A
10627,50627,N/A
10628,50628,N/A
10629,50629,N/A
10630,50630,N/A
10631,50631,N/A
10632,50632,N/A
10633,50633,N/A
10634,50634,N/A
10635,50635,N/A
10636,50636,N/A
10637,50637,N/A
10638,50638,N/A
10639,50639,N/A
10640,50640,N/A
10641,50641,N/A
10642,50642,N/A
10643,50643,N/A
10644,50644,N/A
10645,50645,N/A
10646,50646,N/A
10647,50647,N/A
10648,50648,N/A
10649,50649,N/A
10650,50650,N/A
10651,50651,N/A
10652,50652,N/A
10653,50653,N/A
10654,50654,N/A
10655,50655,N/A
10656,50656,N/A
10657,50657,N/A
10658,50658,N/A
10659,50659,N/A
10660,50660,N/A
10661,50661,N/A
10662,50662,N/A
10663,50663,N/A
10664,50664,N/A
10665,50665,N/A
10666,50666,N/A
10667,50667,N/A
10668,50668,N/A
10669,50669,N/A
10670,50670,N/A
10671,50671,N/A
10672,50672,N/A
10673,50673,N/A
10674,50674,N/A
10675,50675,N/A
10676,50676,N/A
10677,50677,N/A
10678,50678,N/A
10679,50679,N/A
10680,50680,N/A
10681,50681,N/A
10682,50682,N/A
10683,50683,N/A
10684,50684,N/A
10685,50685,N/A
10686,50686,N/A
10687,50687,N/A
10688,50688,N/A
10689,50689,N/A
10690,50690,N/A
10691,50691,N/A
10692,50692,N/A
10693,50693,N/A
10694,50694,N/A
10695,50695,N/A
10696,50696,N/A
10697,50697,N/A
10698,50698,N/A
10699,50699,N/A
10700,50700,N/A
10701,50701,N/A
10702,50702,N/A
10703,50703,N/A
10704,50704,N/A
10705,50705,N/A
10706,50706,N/A
10707,50707,N/A
10708,50708,N/A
10709,50709,N/A
10710,50710,N/A
10711,50711,N/A
10712,50712,N/A
10713,50713,N/A
10714,50714,N/A
10715,50715,N/A
10716,50716,N/A
10717,50717,N/A
10718,50718,N/A
10719,50719,N/A
10720,50720,N/A
10721,50721,N/A
10722,50722,N/A
10723,50723,N/A
10724,50724,N/A
10725,50725,N/A
10726,50726,N/A
10727,50727,N/A
10728,50728,N/A
10729,50729,N/A
10730,50730,N/A
10731,50731,N/A
10732,50732,N/A
10733,50733,N/A
10734,50734,N/A
10735,50735,N/A
10736,50736,N/A
10737,50737,N/A
10738,50738,N/A
10739,50739,N/A
10740,50740,N/A
10741,50741,N/A
10742,50742,N/A
10743,50743,N/A
10744,50744,N/A
10745,50745,N/A
10746,50746,N/A
10747,50747,N/A
10748,50748,N/A
10749,50749,N/A
10750,50750,N/A
10751,50751,N/A
10752,50752,N/A
10753,50753,N/A
10754,50754,N/A
10755,50755,N/A
10756,50756,N/A
10757,50757,N/A
10758,50758,N/A
10759,50759,N/A
10760,50760,N/A
10761,50761,N/A
10762,50762,N/A
10763,50763,N/A
10764,50764,N/A
10765,50765,N/A
10766,50766,N/A
10767,50767,N/A
10768,50768,N/A
10769,50769,N/A
10770,50770,N/A
10771,50771,N/A
10772,50772,N/A
10773,50773,N/A
10774,50774,N/A
10775,50775,N/A
10776,50776,N/A
10777,50777,N/A
10778,50778,N/A
10779,50779,N/A
10780,50780,N/A
10781,50781,N/A
10782,50782,N/A
10783,50783,N/A
10784,50784,N/A
10785,50785,N/A
10786,50786,N/A
10787,50787,N/A
10788,50788,N/A
10789,50789,N/A
10790,50790,N/A
10791,50791,N/A
10792,50792,N/A
10793,50793,N/A
10794,50794,N/A
10795,50795,N/A
10796,50796,N/A
10797,50797,N/A
10798,50798,N/A
10799,50799,N/A
10800,50800,N/A
10801,50801,N/A
10802,50802,N/A
10803,50803,N/A
10804,50804,N/A
10805,50805,N/A
10806,50806,N/A
10807,50807,N/A
10808,50808,N/A
10809,50809,N/A
10810,50810,N/A
10811,50811,N/A
10812,50812,N/A
10813,50813,N/A
10814,50814,N/A
10815,50815,N/A
10816,50816,N/A
10817,50817,N/A
10818,50818,N/A
10819,50819,N/A
10820,50820,N/A
10821,50821,N/A
10822,50822,N/A
10823,50823,N/A
10824,50824,N/A
10825,50825,N/A
10826,50826,N/A
10827,50827,N/A
10828,50828,N/A
10829,50829,N/A
10830,50830,N/A
10831,50831,N/A
10832,50832,N/A
10833,50833,N/A
10834,50834,N/A
10835,50835,N/A
10836,50836,N/A
10837,50837,N/A
10838,50838,N/A
10839,50839,N/A
10840,50840,N/A
10841,50841,N/A
10842,50842,N/A
10843,50843,N/A
10844,50844,N/A
10845,50845,N/A
10846,50846,N/A
10847,50847,N/A
10848,50848,N/A
10849,50849,N/A
10850,50850,N/A
10851,50851,N/A
10852,50852,N/A
10853,50853,N/A
10854,50854,N/A
10855,50855,N/A
10856,50856,N/A
10857,50857,N/A
10858,50858,N/A
10859,50859,N/A
10860,50860,N/A
10861,50861,N/A
10862,50862,N/A
10863,50863,N/A
10864,50864,N/A
10865,50865,N/A
10866,50866,N/A
10867,50867,N/A
10868,50868,N/A
10869,50869,N/A
10870,50870,N/A
10871,50871,N/A
10872,50872,N/A
10873,50873,N/A
10874,50874,N/A
10875,50875,N/A
10876,50876,N/A
10877,50877,N/A
10878,50878,N/A
10879,50879,N/A
10880,50880,N/A
10881,50881,N/A
10882,50882,N/A
10883,50883,N/A
10884,50884,N/A
10885,50885,N/A
10886,50886,N/A
10887,50887,N/A
10888,50888,N/A
10889,50889,N/A
10890,50890,N/A
10891,50891,N/A
10892,50892,N/A
10893,50893,N/A
10894,50894,N/A
10895,50895,N/A
10896,50896,N/A
10897,50897,N/A
10898,50898,N/A
10899,50899,N/A
10900,50900,N/A
10901,50901,N/A
10902,50902,N/A
10903,50903,N/A
10904,50904,N/A
10905,50905,N/A
10906,50906,N/A
10907,50907,N/A
10908,50908,N/A
10909,50909,N/A
10910,50910,N/A
10911,50911,N/A
10912,50912,N/A
10913,50913,N/A
10914,50914,N/A
10915,50915,N/A
10916,50916,N/A
10917,50917,N/A
10918,50918,N/A
10919,50919,N/A
10920,50920,N/A
10921,50921,N/A
10922,50922,N/A
10923,50923,N/A
10924,50924,N/A
10925,50925,N/A
10926,50926,N/A
10927,50927,N/A
10928,50928,N/A
10929,50929,N/A
10930,50930,N/A
10931,50931,N/A
10932,50932,N/A
10933,50933,N/A
10934,50934,N/A
10935,50935,N/A
10936,50936,N/A
10937,50937,N/A
10938,50938,N/A
10939,50939,N/A
10940,50940,N/A
10941,50941,N/A
10942,50942,N/A
10943,50943,N/A
10944,50944,N/A
10945,50945,N/A
10946,50946,N/A
10947,50947,N/A
10948,50948,N/A
10949,50949,N/A
10950,50950,N/A
10951,50951,N/A
10952,50952,N/A
10953,50953,N/A
10954,50954,N/A
10955,50955,N/A
10956,50956,N/A
10957,50957,N/A
10958,50958,N/A
10959,50959,N/A
10960,50960,N/A
10961,50961,N/A
10962,50962,N/A
10963,50963,N/A
10964,50964,N/A
10965,50965,N/A
10966,50966,N/A
10967,50967,N/A
10968,50968,N/A
10969,50969,N/A
10970,50970,N/A
10971,50971,N/A
10972,50972,N/A
10973,50973,N/A
10974,50974,N/A
10975,50975,N/A
10976,50976,N/A
10977,50977,N/A
10978,50978,N/A
10979,50979,N/A
10980,50980,N/A
10981,50981,N/A
10982,50982,N/A
10983,50983,N/A
10984,50984,N/A
10985,50985,N/A
10986,50986,N/A
10987,50987,N/A
10988,50988,N/A
10989,50989,N/A
10990,50990,N/A
10991,50991,N/A
10992,50992,N/A
10993,50993,N/A
10994,50994,N/A
10995,50995,N/A
10996,50996,N/A
10997,50997,N/A
10998,50998,N/A
10999,50999,N/A
11000,51000,N/A
11001,51001,N/A
11002,51002,N/A
11003,51003,N/A
11004,51004,N/A
11005,51005,N/A
11006,51006,N/A
11007,51007,N/A
11008,51008,N/A
11009,51009,N/A
11010,51010,N/A
11011,51011,N/A
11012,51012,N/A
11013,51013,N/A
11014,51014,N/A
11015,51015,N/A
11016,51016,N/A
11017,51017,N/A
11018,51018,N/A
11019,51019,N/A
11020,51020,N/A
11021,51021,N/A
11022,51022,N/A
11023,51023,N/A
11024,51024,N/A
11025,51025,N/A
11026,51026,N/A
11027,51027,N/A
11028,51028,N/A
11029,51029,N/A
11030,51030,N/A
11031,51031,N/A
11032,51032,N/A
11033,51033,N/A
11034,51034,N/A
11035,51035,N/A
11036,51036,N/A
11037,51037,N/A
11038,51038,N/A
11039,51039,N/A
11040,51040,N/A
11041,51041,N/A
11042,51042,N/A
11043,51043,N/A
11044,51044,N/A
11045,51045,N/A
11046,51046,N/A
11047,51047,N/A
11048,51048,N/A
11049,51049,N/A
11050,51050,N/A
11051,51051,N/A
11052,51052,N/A
11053,51053,N/A
11054,51054,N/A
11055,51055,N/A
11056,51056,N/A
11057,51057,N/A
11058,51058,N/A
11059,51059,N/A
11060,51060,N/A
11061,51061,N/A
11062,51062,N/A
11063,51063,N/A
11064,51064,N/A
11065,51065,N/A
11066,51066,N/A
11067,51067,N/A
11068,51068,N/A
11069,51069,N/A
11070,51070,N/A
11071,51071,N/A
11072,51072,N/A
11073,51073,N/A
11074,51074,N/A
11075,51075,N/A
11076,51076,N/A
11077,51077,N/A
11078,51078,N/A
11079,51079,N/A
11080,51080,N/A
11081,51081,N/A
11082,51082,N/A
11083,51083,N/A
11084,51084,N/A
11085,51085,N/A
11086,51086,N/A
11087,51087,N/A
11088,51088,N/A
11089,51089,N/A
11090,51090,N/A
11091,51091,N/A
11092,51092,N/A
11093,51093,N/A
11094,51094,N/A
11095,51095,N/A
11096,51096,N/A
11097,51097,N/A
11098,51098,N/A
11099,51099,N/A
11100,51100,N/A
11101,51101,N/A
11102,51102,N/A
11103,51103,N/A
11104,51104,N/A
11105,51105,N/A
11106,51106,N/A
11107,51107,N/A
11108,51108,N/A
11109,51109,N/A
11110,51110,N/A
11111,51111,N/A
11112,51112,N/A
11113,51113,N/A
11114,51114,N/A
11115,51115,N/A
11116,51116,N/A
11117,51117,N/A
11118,51118,N/A
11119,51119,N/A
11120,51120,N/A
11121,51121,N/A
11122,51122,N/A
11123,51123,N/A
11124,51124,N/A
11125,51125,N/A
11126,51126,N/A
11127,51127,N/A
11128,51128,N/A
11129,51129,N/A
11130,51130,N/A
11131,51131,N/A
11132,51132,N/A
11133,51133,N/A
11134,51134,N/A
11135,51135,N/A
11136,51136,N/A
11137,51137,N/A
11138,51138,N/A
11139,51139,N/A
11140,51140,N/A
11141,51141,N/A
11142,51142,N/A
11143,51143,N/A
11144,51144,N/A
11145,51145,N/A
11146,51146,N/A
11147,51147,N/A
11148,51148,N/A
11149,51149,N/A
11150,51150,N/A
11151,51151,N/A
11152,51152,N/A
11153,51153,N/A
11154,51154,N/A
11155,51155,N/A
11156,51156,N/A
11157,51157,N/A
11158,51158,N/A
11159,51159,N/A
11160,51160,N/A
11161,51161,N/A
11162,51162,N/A
11163,51163,N/A
11164,51164,N/A
11165,51165,N/A
11166,51166,N/A
11167,51167,N/A
11168,51168,N/A
11169,51169,N/A
11170,51170,N/A
11171,51171,N/A
11172,51172,N/A
11173,51173,N/A
11174,51174,N/A
11175,51175,N/A
11176,51176,N/A
11177,51177,N/A
11178,51178,N/A
11179,51179,N/A
11180,51180,N/A
11181,51181,N/A
11182,51182,N/A
11183,51183,N/A
11184,51184,N/A
11185,51185,N/A
11186,51186,N/A
11187,51187,N/A
11188,51188,N/A
11189,51189,N/A
11190,51190,N/A
11191,51191,N/A
11192,51192,N/A
11193,51193,N/A
11194,51194,N/A
11195,51195,N/A
11196,51196,N/A
11197,51197,N/A
11198,51198,N/A
11199,51199,N/A
11200,51200,N/A
11201,51201,N/A
11202,51202,N/A
11203,51203,N/A
11204,51204,N/A
11205,51205,N/A
11206,51206,N/A
11207,51207,N/A
11208,51208,N/A
11209,51209,N/A
11210,51210,N/A
11211,51211,N/A
11212,51212,N/A
11213,51213,N/A
11214,51214,N/A
11215,51215,N/A
11216,51216,N/A
11217,51217,N/A
11218,51218,N/A
11219,51219,N/A
11220,51220,N/A
11221,51221,N/A
11222,51222,N/A
11223,51223,N/A
11224,51224,N/A
11225,51225,N/A
11226,51226,N/A
11227,51227,N/A
11228,51228,N/A
11229,51229,N/A
11230,51230,N/A
11231,51231,N/A
11232,51232,N/A
11233,51233,N/A
11234,51234,N/A
11235,51235,N/A
11236,51236,N/A
11237,51237,N/A
11238,51238,N/A
11239,51239,N/A
11240,51240,N/A
11241,51241,N/A
11242,51242,N/A
11243,51243,N/A
11244,51244,N/A
11245,51245,N/A
11246,51246,N/A
11247,51247,N/A
11248,51248,N/A
11249,51249,N/A
11250,51250,N/A
11251,51251,N/A
11252,51252,N/A
11253,51253,N/A
11254,51254,N/A
11255,51255,N/A
11256,51256,N/A
11257,51257,N/A
11258,51258,N/A
11259,51259,N/A
11260,51260,N/A
11261,51261,N/A
11262,51262,N/A
11263,51263,N/A
11264,51264,N/A
11265,51265,N/A
11266,51266,N/A
11267,51267,N/A
11268,51268,N/A
11269,51269,N/A
11270,51270,N/A
11271,51271,N/A
11272,51272,N/A
11273,51273,N/A
11274,51274,N/A
11275,51275,N/A
11276,51276,N/A
11277,51277,N/A
11278,51278,N/A
11279,51279,N/A
11280,51280,N/A
11281,51281,N/A
11282,51282,N/A
11283,51283,N/A
11284,51284,N/A
11285,51285,N/A
11286,51286,N/A
11287,51287,N/A
11288,51288,N/A
11289,51289,N/A
11290,51290,N/A
11291,51291,N/A
11292,51292,N/A
11293,51293,N/A
11294,51294,N/A
11295,51295,N/A
11296,51296,N/A
11297,51297,N/A
11298,51298,N/A
11299,51299,N/A
11300,51300,N/A
11301,51301,N/A
11302,51302,N/A
11303,51303,N/A
11304,51304,N/A
11305,51305,N/A
11306,51306,N/A
11307,51307,N/A
11308,51308,N/A
11309,51309,N/A
11310,51310,N/A
11311,51311,N/A
11312,51312,N/A
11313,51313,N/A
11314,51314,N/A
11315,51315,N/A
11316,51316,N/A
11317,51317,N/A
11318,51318,N/A
11319,51319,N/A
11320,51320,N/A
11321,51321,N/A
11322,51322,N/A
11323,51323,N/A
11324,51324,N/A
11325,51325,N/A
11326,51326,N/A
11327,51327,N/A
11328,51328,N/A
11329,51329,N/A
11330,51330,N/A
11331,51331,N/A
11332,51332,N/A
11333,51333,N/A
11334,51334,N/A
11335,51335,N/A
11336,51336,N/A
11337,51337,N/A
11338,51338,N/A
11339,51339,N/A
11340,51340,N/A
11341,51341,N/A
11342,51342,N/A
11343,51343,N/A
11344,51344,N/A
11345,51345,N/A
11346,51346,N/A
11347,51347,N/A
11348,51348,N/A
11349,51349,N/A
11350,51350,N/A
11351,51351,N/A
11352,51352,N/A
11353,51353,N/A
11354,51354,N/A
11355,51355,N/A
11356,51356,N/A
11357,51357,N/A
11358,51358,N/A
11359,51359,N/A
11360,51360,N/A
11361,51361,N/A
11362,51362,N/A
11363,51363,N/A
11364,51364,N/A
11365,51365,N/A
11366,51366,N/A
11367,51367,N/A
11368,51368,N/A
11369,51369,N/A
11370,51370,N/A
11371,51371,N/A
11372,51372,N/A
11373,51373,N/A
11374,51374,N/A
11375,51375,N/A
11376,51376,N/A
11377,51377,N/A
11378,51378,N/A
11379,51379,N/A
11380,51380,N/A
11381,51381,N/A
11382,51382,N/A
11383,51383,N/A
11384,51384,N/A
11385,51385,N/A
11386,51386,N/A
11387,51387,N/A
11388,51388,N/A
11389,51389,N/A
11390,51390,N/A
11391,51391,N/A
11392,51392,N/A
11393,51393,N/A
11394,51394,N/A
11395,51395,N/A
11396,51396,N/A
11397,51397,N/A
11398,51398,N/A
11399,51399,N/A
11400,51400,N/A
11401,51401,N/A
11402,51402,N/A
11403,51403,N/A
11404,51404,N/A
11405,51405,N/A
11406,51406,N/A
11407,51407,N/A
11408,51408,N/A
11409,51409,N/A
11410,51410,N/A
11411,51411,N/A
11412,51412,N/A
11413,51413,N/A
11414,51414,N/A
11415,51415,N/A
11416,51416,N/A
11417,51417,N/A
11418,51418,N/A
11419,51419,N/A
11420,51420,N/A
11421,51421,N/A
11422,51422,N/A
11423,51423,N/A
11424,51424,N/A
11425,51425,N/A
11426,51426,N/A
11427,51427,N/A
11428,51428,N/A
11429,51429,N/A
11430,51430,N/A
11431,51431,N/A
11432,51432,N/A
11433,51433,N/A
11434,51434,N/A
11435,51435,N/A
11436,51436,N/A
11437,51437,N/A
11438,51438,N/A
11439,51439,N/A
11440,51440,N/A
11441,51441,N/A
11442,51442,N/A
11443,51443,N/A
11444,51444,N/A
11445,51445,N/A
11446,51446,N/A
11447,51447,N/A
11448,51448,N/A
11449,51449,N/A
11450,51450,N/A
11451,51451,N/A
11452,51452,N/A
11453,51453,N/A
11454,51454,N/A
11455,51455,N/A
11456,51456,N/A
11457,51457,N/A
11458,51458,N/A
11459,51459,N/A
11460,51460,N/A
11461,51461,N/A
11462,51462,N/A
11463,51463,N/A
11464,51464,N/A
11465,51465,N/A
11466,51466,N/A
11467,51467,N/A
11468,51468,N/A
11469,51469,N/A
11470,51470,N/A
11471,51471,N/A
11472,51472,N/A
11473,51473,N/A
11474,51474,N/A
11475,51475,N/A
11476,51476,N/A
11477,51477,N/A
11478,51478,N/A
11479,51479,N/A
11480,51480,N/A
11481,51481,N/A
11482,51482,N/A
11483,51483,N/A
11484,51484,N/A
11485,51485,N/A
11486,51486,N/A
11487,51487,N/A
11488,51488,N/A
11489,51489,N/A
11490,51490,N/A
11491,51491,N/A
11492,51492,N/A
11493,51493,N/A
11494,51494,N/A
11495,51495,N/A
11496,51496,N/A
11497,51497,N/A
11498,51498,N/A
11499,51499,N/A
11500,51500,N/A
11501,51501,N/A
11502,51502,N/A
11503,51503,N/A
11504,51504,N/A
11505,51505,N/A
11506,51506,N/A
11507,51507,N/A
11508,51508,N/A
11509,51509,N/A
11510,51510,N/A
11511,51511,N/A
11512,51512,N/A
11513,51513,N/A
11514,51514,N/A
11515,51515,N/A
11516,51516,N/A
11517,51517,N/A
11518,51518,N/A
11519,51519,N/A
11520,51520,N/A
11521,51521,N/A
11522,51522,N/A
11523,51523,N/A
11524,51524,N/A
11525,51525,N/A
11526,51526,N/A
11527,51527,N/A
11528,51528,N/A
11529,51529,N/A
11530,51530,N/A
11531,51531,N/A
11532,51532,N/A
11533,51533,N/A
11534,51534,N/A
11535,51535,N/A
11536,51536,N/A
11537,51537,N/A
11538,51538,N/A
11539,51539,N/A
11540,51540,N/A
11541,51541,N/A
11542,51542,N/A
11543,51543,N/A
11544,51544,N/A
11545,51545,N/A
11546,51546,N/A
11547,51547,N/A
11548,51548,N/A
11549,51549,N/A
11550,51550,N/A
11551,51551,N/A
11552,51552,N/A
11553,51553,N/A
11554,51554,N/A
11555,51555,N/A
11556,51556,N/A
11557,51557,N/A
11558,51558,N/A
11559,51559,N/A
11560,51560,N/A
11561,51561,N/A
11562,51562,N/A
11563,51563,N/A
11564,51564,N/A
11565,51565,N/A
11566,51566,N/A
11567,51567,N/A
11568,51568,N/A
11569,51569,N/A
11570,51570,N/A
11571,51571,N/A
11572,51572,N/A
11573,51573,N/A
11574,51574,N/A
11575,51575,N/A
11576,51576,N/A
11577,51577,N/A
11578,51578,N/A
11579,51579,N/A
11580,51580,N/A
11581,51581,N/A
11582,51582,N/A
11583,51583,N/A
11584,51584,N/A
11585,51585,N/A
11586,51586,N/A
11587,51587,N/A
11588,51588,N/A
11589,51589,N/A
11590,51590,N/A
11591,51591,N/A
11592,51592,N/A
11593,51593,N/A
11594,51594,N/A
11595,51595,N/A
11596,51596,N/A
11597,51597,N/A
11598,51598,N/A
11599,51599,N/A
11600,51600,N/A
11601,51601,N/A
11602,51602,N/A
11603,51603,N/A
11604,51604,N/A
11605,51605,N/A
11606,51606,N/A
11607,51607,N/A
11608,51608,N/A
11609,51609,N/A
11610,51610,N/A
11611,51611,N/A
11612,51612,N/A
11613,51613,N/A
11614,51614,N/A
11615,51615,N/A
11616,51616,N/A
11617,51617,N/A
11618,51618,N/A
11619,51619,N/A
11620,51620,N/A
11621,51621,N/A
11622,51622,N/A
11623,51623,N/A
11624,51624,N/A
11625,51625,N/A
11626,51626,N/A
11627,51627,N/A
11628,51628,N/A
11629,51629,N/A
11630,51630,N/A
11631,51631,N/A
11632,51632,N/A
11633,51633,N/A
11634,51634,N/A
11635,51635,N/A
11636,51636,N/A
11637,51637,N/A
11638,51638,N/A
11639,51639,N/A
11640,51640,N/A
11641,51641,N/A
11642,51642,N/A
11643,51643,N/A
11644,51644,N/A
11645,51645,N/A
11646,51646,N/A
11647,51647,N/A
11648,51648,N/A
11649,51649,N/A
11650,51650,N/A
11651,51651,N/A
11652,51652,N/A
11653,51653,N/A
11654,51654,N/A
11655,51655,N/A
11656,51656,N/A
11657,51657,N/A
11658,51658,N/A
11659,51659,N/A
11660,51660,N/A
11661,51661,N/A
11662,51662,N/A
11663,51663,N/A
11664,51664,N/A
11665,51665,N/A
11666,51666,N/A
11667,51667,N/A
11668,51668,N/A
11669,51669,N/A
11670,51670,N/A
11671,51671,N/A
11672,51672,N/A
11673,51673,N/A
11674,51674,N/A
11675,51675,N/A
11676,51676,N/A
11677,51677,N/A
11678,51678,N/A
11679,51679,N/A
11680,51680,N/A
11681,51681,N/A
11682,51682,N/A
11683,51683,N/A
11684,51684,N/A
11685,51685,N/A
11686,51686,N/A
11687,51687,N/A
11688,51688,N/A
11689,51689,N/A
11690,51690,N/A
11691,51691,N/A
11692,51692,N/A
11693,51693,N/A
11694,51694,N/A
11695,51695,N/A
11696,51696,N/A
11697,51697,N/A
11698,51698,N/A
11699,51699,N/A
11700,51700,N/A
11701,51701,N/A
11702,51702,N/A
11703,51703,N/A
11704,51704,N/A
11705,51705,N/A
11706,51706,N/A
11707,51707,N/A
11708,51708,N/A
11709,51709,N/A
11710,51710,N/A
11711,51711,N/A
11712,51712,N/A
11713,51713,N/A
11714,51714,N/A
11715,51715,N/A
11716,51716,N/A
11717,51717,N/A
11718,51718,N/A
11719,51719,N/A
11720,51720,N/A
11721,51721,N/A
11722,51722,N/A
11723,51723,N/A
11724,51724,N/A
11725,51725,N/A
11726,51726,N/A
11727,51727,N/A
11728,51728,N/A
11729,51729,N/A
11730,51730,N/A
11731,51731,N/A
11732,51732,N/A
11733,51733,N/A
11734,51734,N/A
11735,51735,N/A
11736,51736,N/A
11737,51737,N/A
11738,51738,N/A
11739,51739,N/A
11740,51740,N/A
11741,51741,N/A
11742,51742,N/A
11743,51743,N/A
11744,51744,N/A
11745,51745,N/A
11746,51746,N/A
11747,51747,N/A
11748,51748,N/A
11749,51749,N/A
11750,51750,N/A
11751,51751,N/A
11752,51752,N/A
11753,51753,N/A
11754,51754,N/A
11755,51755,N/A
11756,51756,N/A
11757,51757,N/A
11758,51758,N/A
11759,51759,N/A
11760,51760,N/A
11761,51761,N/A
11762,51762,N/A
11763,51763,N/A
11764,51764,N/A
11765,51765,N/A
11766,51766,N/A
11767,51767,N/A
11768,51768,N/A
11769,51769,N/A
11770,51770,N/A
11771,51771,N/A
11772,51772,N/A
11773,51773,N/A
11774,51774,N/A
11775,51775,N/A
11776,51776,N/A
11777,51777,N/A
11778,51778,N/A
11779,51779,N/A
11780,51780,N/A
11781,51781,N/A
11782,51782,N/A
11783,51783,N/A
11784,51784,N/A
11785,51785,N/A
11786,51786,N/A
11787,51787,N/A
11788,51788,N/A
11789,51789,N/A
11790,51790,N/A
11791,51791,N/A
11792,51792,N/A
11793,51793,N/A
11794,51794,N/A
11795,51795,N/A
11796,51796,N/A
11797,51797,N/A
11798,51798,N/A
11799,51799,N/A
11800,51800,N/A
11801,51801,N/A
11802,51802,N/A
11803,51803,N/A
11804,51804,N/A
11805,51805,N/A
11806,51806,N/A
11807,51807,N/A
11808,51808,N/A
11809,51809,N/A
11810,51810,N/A
11811,51811,N/A
11812,51812,N/A
11813,51813,N/A
11814,51814,N/A
11815,51815,N/A
11816,51816,N/A
11817,51817,N/A
11818,51818,N/A
11819,51819,N/A
11820,51820,N/A
11821,51821,N/A
11822,51822,N/A
11823,51823,N/A
11824,51824,N/A
11825,51825,N/A
11826,51826,N/A
11827,51827,N/A
11828,51828,N/A
11829,51829,N/A
11830,51830,N/A
11831,51831,N/A
11832,51832,N/A
11833,51833,N/A
11834,51834,N/A
11835,51835,N/A
11836,51836,N/A
11837,51837,N/A
11838,51838,N/A
11839,51839,N/A
11840,51840,N/A
11841,51841,N/A
11842,51842,N/A
11843,51843,N/A
11844,51844,N/A
11845,51845,N/A
11846,51846,N/A
11847,51847,N/A
11848,51848,N/A
11849,51849,N/A
11850,51850,N/A
11851,51851,N/A
11852,51852,N/A
11853,51853,N/A
11854,51854,N/A
11855,51855,N/A
11856,51856,N/A
11857,51857,N/A
11858,51858,N/A
11859,51859,N/A
11860,51860,N/A
11861,51861,N/A
11862,51862,N/A
11863,51863,N/A
11864,51864,N/A
11865,51865,N/A
11866,51866,N/A
11867,51867,N/A
11868,51868,N/A
11869,51869,N/A
11870,51870,N/A
11871,51871,N/A
11872,51872,N/A
11873,51873,N/A
11874,51874,N/A
11875,51875,N/A
11876,51876,N/A
11877,51877,N/A
11878,51878,N/A
11879,51879,N/A
11880,51880,N/A
11881,51881,N/A
11882,51882,N/A
11883,51883,N/A
11884,51884,N/A
11885,51885,N/A
11886,51886,N/A
11887,51887,N/A
11888,51888,N/A
11889,51889,N/A
11890,51890,N/A
11891,51891,N/A
11892,51892,N/A
11893,51893,N/A
11894,51894,N/A
11895,51895,N/A
11896,51896,N/A
11897,51897,N/A
11898,51898,N/A
11899,51899,N/A
11900,51900,N/A
11901,51901,N/A
11902,51902,N/A
11903,51903,N/A
11904,51904,N/A
11905,51905,N/A
11906,51906,N/A
11907,51907,N/A
11908,51908,N/A
11909,51909,N/A
11910,51910,N/A
11911,51911,N/A
11912,51912,N/A
11913,51913,N/A
11914,51914,N/A
11915,51915,N/A
11916,51916,N/A
11917,51917,N/A
11918,51918,N/A
11919,51919,N/A
11920,51920,N/A
11921,51921,N/A
11922,51922,N/A
11923,51923,N/A
11924,51924,N/A
11925,51925,N/A
11926,51926,N/A
11927,51927,N/A
11928,51928,N/A
11929,51929,N/A
11930,51930,N/A
11931,51931,N/A
11932,51932,N/A
11933,51933,N/A
11934,51934,N/A
11935,51935,N/A
11936,51936,N/A
11937,51937,N/A
11938,51938,N/A
11939,51939,N/A
11940,51940,N/A
11941,51941,N/A
11942,51942,N/A
11943,51943,N/A
11944,51944,N/A
11945,51945,N/A
11946,51946,N/A
11947,51947,N/A
11948,51948,N/A
11949,51949,N/A
11950,51950,N/A
11951,51951,N/A
11952,51952,N/A
11953,51953,N/A
11954,51954,N/A
11955,51955,N/A
11956,51956,N/A
11957,51957,N/A
11958,51958,N/A
11959,51959,N/A
11960,51960,N/A
11961,51961,N/A
11962,51962,N/A
11963,51963,N/A
11964,51964,N/A
11965,51965,N/A
11966,51966,N/A
11967,51967,N/A
11968,51968,N/A
11969,51969,N/A
11970,51970,N/A
11971,51971,N/A
11972,51972,N/A
11973,51973,N/A
11974,51974,N/A
11975,51975,N/A
11976,51976,N/A
11977,51977,N/A
11978,51978,N/A
11979,51979,N/A
11980,51980,N/A
11981,51981,N/A
11982,51982,N/A
11983,51983,N/A
11984,51984,N/A
11985,51985,N/A
11986,51986,N/A
11987,51987,N/A
11988,51988,N/A
11989,51989,N/A
11990,51990,N/A
11991,51991,N/A
11992,51992,N/A
11993,51993,N/A
11994,51994,N/A
11995,51995,N/A
11996,51996,N/A
11997,51997,N/A
11998,51998,N/A
11999,51999,N/A
12000,52000,N/A
12001,52001,N/A
12002,52002,N/A
12003,52003,N/A
12004,52004,N/A
12005,52005,N/A
12006,52006,N/A
12007,52007,N/A
12008,52008,N/A
12009,52009,N/A
12010,52010,N/A
12011,52011,N/A
12012,52012,N/A
12013,52013,N/A
12014,52014,N/A
12015,52015,N/A
12016,52016,N/A
12017,52017,N/A
12018,52018,N/A
12019,52019,N/A
12020,52020,N/A
12021,52021,N/A
12022,52022,N/A
12023,52023,N/A
12024,52024,N/A
12025,52025,N/A
12026,52026,N/A
12027,52027,N/A
12028,52028,N/A
12029,52029,N/A
12030,52030,N/A
12031,52031,N/A
12032,52032,N/A
12033,52033,N/A
12034,52034,N/A
12035,52035,N/A
12036,52036,N/A
12037,52037,N/A
12038,52038,N/A
12039,52039,N/A
12040,52040,N/A
12041,52041,N/A
12042,52042,N/A
12043,52043,N/A
12044,52044,N/A
12045,52045,N/A
12046,52046,N/A
12047,52047,N/A
12048,52048,N/A
12049,52049,N/A
12050,52050,N/A
12051,52051,N/A
12052,52052,N/A
12053,52053,N/A
12054,52054,N/A
12055,52055,N/A
12056,52056,N/A
12057,52057,N/A
12058,52058,N/A
12059,52059,N/A
12060,52060,N/A
12061,52061,N/A
12062,52062,N/A
12063,52063,N/A
12064,52064,N/A
12065,52065,N/A
12066,52066,N/A
12067,52067,N/A
12068,52068,N/A
12069,52069,N/A
12070,52070,N/A
12071,52071,N/A
12072,52072,N/A
12073,52073,N/A
12074,52074,N/A
12075,52075,N/A
12076,52076,N/A
12077,52077,N/A
12078,52078,N/A
12079,52079,N/A
12080,52080,N/A
12081,52081,N/A
12082,52082,N/A
12083,52083,N/A
12084,52084,N/A
12085,52085,N/A
12086,52086,N/A
12087,52087,N/A
12088,52088,N/A
12089,52089,N/A
12090,52090,N/A
12091,52091,N/A
12092,52092,N/A
12093,52093,N/A
12094,52094,N/A
12095,52095,N/A
12096,52096,N/A
12097,52097,N/A
12098,52098,N/A
12099,52099,N/A
12100,52100,N/A
12101,52101,N/A
12102,52102,N/A
12103,52103,N/A
12104,52104,N/A
12105,52105,N/A
12106,52106,N/A
12107,52107,N/A
12108,52108,N/A
12109,52109,N/A
12110,52110,N/A
12111,52111,N/A
12112,52112,N/A
12113,52113,N/A
12114,52114,N/A
12115,52115,N/A
12116,52116,N/A
12117,52117,N/A
12118,52118,N/A
12119,52119,N/A
12120,52120,N/A
12121,52121,N/A
12122,52122,N/A
12123,52123,N/A
12124,52124,N/A
12125,52125,N/A
12126,52126,N/A
12127,52127,N/A
12128,52128,N/A
12129,52129,N/A
12130,52130,N/A
12131,52131,N/A
12132,52132,N/A
12133,52133,N/A
12134,52134,N/A
12135,52135,N/A
12136,52136,N/A
12137,52137,N/A
12138,52138,N/A
12139,52139,N/A
12140,52140,N/A
12141,52141,N/A
12142,52142,N/A
12143,52143,N/A
12144,52144,N/A
12145,52145,N/A
12146,52146,N/A
12147,52147,N/A
12148,52148,N/A
12149,52149,N/A
12150,52150,N/A
12151,52151,N/A
12152,52152,N/A
12153,52153,N/A
12154,52154,N/A
12155,52155,N/A
12156,52156,N/A
12157,52157,N/A
12158,52158,N/A
12159,52159,N/A
12160,52160,N/A
12161,52161,N/A
12162,52162,N/A
12163,52163,N/A
12164,52164,N/A
12165,52165,N/A
12166,52166,N/A
12167,52167,N/A
12168,52168,N/A
12169,52169,N/A
12170,52170,N/A
12171,52171,N/A
12172,52172,N/A
12173,52173,N/A
12174,52174,N/A
12175,52175,N/A
12176,52176,N/A
12177,52177,N/A
12178,52178,N/A
12179,52179,N/A
12180,52180,N/A
12181,52181,N/A
12182,52182,N/A
12183,52183,N/A
12184,52184,N/A
12185,52185,N/A
12186,52186,N/A
12187,52187,N/A
12188,52188,N/A
12189,52189,N/A
12190,52190,N/A
12191,52191,N/A
12192,52192,N/A
12193,52193,N/A
12194,52194,N/A
12195,52195,N/A
12196,52196,N/A
12197,52197,N/A
12198,52198,N/A
12199,52199,N/A
12200,52200,N/A
12201,52201,N/A
12202,52202,N/A
12203,52203,N/A
12204,52204,N/A
12205,52205,N/A
12206,52206,N/A
12207,52207,N/A
12208,52208,N/A
12209,52209,N/A
12210,52210,N/A
12211,52211,N/A
12212,52212,N/A
12213,52213,N/A
12214,52214,N/A
12215,52215,N/A
12216,52216,N/A
12217,52217,N/A
12218,52218,N/A
12219,52219,N/A
12220,52220,N/A
12221,52221,N/A
12222,52222,N/A
12223,52223,N/A
12224,52224,N/A
12225,52225,N/A
12226,52226,N/A
12227,52227,N/A
12228,52228,N/A
12229,52229,N/A
12230,52230,N/A
12231,52231,N/A
12232,52232,N/A
12233,52233,N/A
12234,52234,N/A
12235,52235,N/A
12236,52236,N/A
12237,52237,N/A
12238,52238,N/A
12239,52239,N/A
12240,52240,N/A
12241,52241,N/A
12242,52242,N/A
12243,52243,N/A
12244,52244,N/A
12245,52245,N/A
12246,52246,N/A
12247,52247,N/A
12248,52248,N/A
12249,52249,N/A
12250,52250,N/A
12251,52251,N/A
12252,52252,N/A
12253,52253,N/A
12254,52254,N/A
12255,52255,N/A
12256,52256,N/A
12257,52257,N/A
12258,52258,N/A
12259,52259,N/A
12260,52260,N/A
12261,52261,N/A
12262,52262,N/A
12263,52263,N/A
12264,52264,N/A
12265,52265,N/A
12266,52266,N/A
12267,52267,N/A
12268,52268,N/A
12269,52269,N/A
12270,52270,N/A
12271,52271,N/A
12272,52272,N/A
12273,52273,N/A
12274,52274,N/A
12275,52275,N/A
12276,52276,N/A
12277,52277,N/A
12278,52278,N/A
12279,52279,N/A
12280,52280,N/A
12281,52281,N/A
12282,52282,N/A
12283,52283,N/A
12284,52284,N/A
12285,52285,N/A
12286,52286,N/A
12287,52287,N/A
12288,52288,N/A
12289,52289,N/A
12290,52290,N/A
12291,52291,N/A
12292,52292,N/A
12293,52293,N/A
12294,52294,N/A
12295,52295,N/A
12296,52296,N/A
12297,52297,N/A
12298,52298,N/A
12299,52299,N/A
12300,52300,N/A
12301,52301,N/A
12302,52302,N/A
12303,52303,N/A
12304,52304,N/A
12305,52305,N/A
12306,52306,N/A
12307,52307,N/A
12308,52308,N/A
12309,52309,N/A
12310,52310,N/A
12311,52311,N/A
12312,52312,N/A
12313,52313,N/A
12314,52314,N/A
12315,52315,N/A
12316,52316,N/A
12317,52317,N/A
12318,52318,N/A
12319,52319,N/A
12320,52320,N/A
12321,52321,N/A
12322,52322,N/A
12323,52323,N/A
12324,52324,N/A
12325,52325,N/A
12326,52326,N/A
12327,52327,N/A
12328,52328,N/A
12329,52329,N/A
12330,52330,N/A
12331,52331,N/A
12332,52332,N/A
12333,52333,N/A
12334,52334,N/A
12335,52335,N/A
12336,52336,N/A
12337,52337,N/A
12338,52338,N/A
12339,52339,N/A
12340,52340,N/A
12341,52341,N/A
12342,52342,N/A
12343,52343,N/A
12344,52344,N/A
12345,52345,N/A
12346,52346,N/A
12347,52347,N/A
12348,52348,N/A
12349,52349,N/A
12350,52350,N/A
12351,52351,N/A
12352,52352,N/A
12353,52353,N/A
12354,52354,N/A
12355,52355,N/A
12356,52356,N/A
12357,52357,N/A
12358,52358,N/A
12359,52359,N/A
12360,52360,N/A
12361,52361,N/A
12362,52362,N/A
12363,52363,N/A
12364,52364,N/A
12365,52365,N/A
12366,52366,N/A
12367,52367,N/A
12368,52368,N/A
12369,52369,N/A
12370,52370,N/A
12371,52371,N/A
12372,52372,N/A
12373,52373,N/A
12374,52374,N/A
12375,52375,N/A
12376,52376,N/A
12377,52377,N/A
12378,52378,N/A
12379,52379,N/A
12380,52380,N/A
12381,52381,N/A
12382,52382,N/A
12383,52383,N/A
12384,52384,N/A
12385,52385,N/A
12386,52386,N/A
12387,52387,N/A
12388,52388,N/A
12389,52389,N/A
12390,52390,N/A
12391,52391,N/A
12392,52392,N/A
12393,52393,N/A
12394,52394,N/A
12395,52395,N/A
12396,52396,N/A
12397,52397,N/A
12398,52398,N/A
12399,52399,N/A
12400,52400,N/A
12401,52401,N/A
12402,52402,N/A
12403,52403,N/A
12404,52404,N/A
12405,52405,N/A
12406,52406,N/A
12407,52407,N/A
12408,52408,N/A
12409,52409,N/A
12410,52410,N/A
12411,52411,N/A
12412,52412,N/A
12413,52413,N/A
12414,52414,N/A
12415,52415,N/A
12416,52416,N/A
12417,52417,N/A
12418,52418,N/A
12419,52419,N/A
12420,52420,N/A
12421,52421,N/A
12422,52422,N/A
12423,52423,N/A
12424,52424,N/A
12425,52425,N/A
12426,52426,N/A
12427,52427,N/A
12428,52428,N/A
12429,52429,N/A
12430,52430,N/A
12431,52431,N/A
12432,52432,N/A
12433,52433,N/A
12434,52434,N/A
12435,52435,N/A
12436,52436,N/A
12437,52437,N/A
12438,52438,N/A
12439,52439,N/A
12440,52440,N/A
12441,52441,N/A
12442,52442,N/A
12443,52443,N/A
12444,52444,N/A
12445,52445,N/A
12446,52446,N/A
12447,52447,N/A
12448,52448,N/A
12449,52449,N/A
12450,52450,N/A
12451,52451,N/A
12452,52452,N/A
12453,52453,N/A
12454,52454,N/A
12455,52455,N/A
12456,52456,N/A
12457,52457,N/A
12458,52458,N/A
12459,52459,N/A
12460,52460,N/A
12461,52461,N/A
12462,52462,N/A
12463,52463,N/A
12464,52464,N/A
12465,52465,N/A
12466,52466,N/A
12467,52467,N/A
12468,52468,N/A
12469,52469,N/A
12470,52470,N/A
12471,52471,N/A
12472,52472,N/A
12473,52473,N/A
12474,52474,N/A
12475,52475,N/A
12476,52476,N/A
12477,52477,N/A
12478,52478,N/A
12479,52479,N/A
12480,52480,N/A
12481,52481,N/A
12482,52482,N/A
12483,52483,N/A
12484,52484,N/A
12485,52485,N/A
12486,52486,N/A
12487,52487,N/A
12488,52488,N/A
12489,52489,N/A
12490,52490,N/A
12491,52491,N/A
12492,52492,N/A
12493,52493,N/A
12494,52494,N/A
12495,52495,N/A
12496,52496,N/A
12497,52497,N/A
12498,52498,N/A
12499,52499,N/A
12500,52500,N/A
12501,52501,N/A
12502,52502,N/A
12503,52503,N/A
12504,52504,N/A
12505,52505,N/A
12506,52506,N/A
12507,52507,N/A
12508,52508,N/A
12509,52509,N/A
12510,52510,N/A
12511,52511,N/A
12512,52512,N/A
12513,52513,N/A
12514,52514,N/A
12515,52515,N/A
12516,52516,N/A
12517,52517,N/A
12518,52518,N/A
12519,52519,N/A
12520,52520,N/A
12521,52521,N/A
12522,52522,N/A
12523,52523,N/A
12524,52524,N/A
12525,52525,N/A
12526,52526,N/A
12527,52527,N/A
12528,52528,N/A
12529,52529,N/A
12530,52530,N/A
12531,52531,N/A
12532,52532,N/A
12533,52533,N/A
12534,52534,N/A
12535,52535,N/A
12536,52536,N/A
12537,52537,N/A
12538,52538,N/A
12539,52539,N/A
12540,52540,N/A
12541,52541,N/A
12542,52542,N/A
12543,52543,N/A
12544,52544,N/A
12545,52545,N/A
12546,52546,N/A
12547,52547,N/A
12548,52548,N/A
12549,52549,N/A
12550,52550,N/A
12551,52551,N/A
12552,52552,N/A
12553,52553,N/A
12554,52554,N/A
12555,52555,N/A
12556,52556,N/A
12557,52557,N/A
12558,52558,N/A
12559,52559,N/A
12560,52560,N/A
12561,52561,N/A
12562,52562,N/A
12563,52563,N/A
12564,52564,N/A
12565,52565,N/A
12566,52566,N/A
12567,52567,N/A
12568,52568,N/A
12569,52569,N/A
12570,52570,N/A
12571,52571,N/A
12572,52572,N/A
12573,52573,N/A
12574,52574,N/A
12575,52575,N/A
12576,52576,N/A
12577,52577,N/A
12578,52578,N/A
12579,52579,N/A
12580,52580,N/A
12581,52581,N/A
12582,52582,N/A
12583,52583,N/A
12584,52584,N/A
12585,52585,N/A
12586,52586,N/A
12587,52587,N/A
12588,52588,N/A
12589,52589,N/A
12590,52590,N/A
12591,52591,N/A
12592,52592,N/A
12593,52593,N/A
12594,52594,N/A
12595,52595,N/A
12596,52596,N/A
12597,52597,N/A
12598,52598,N/A
12599,52599,N/A
12600,52600,N/A
12601,52601,N/A
12602,52602,N/A
12603,52603,N/A
12604,52604,N/A
12605,52605,N/A
12606,52606,N/A
12607,52607,N/A
12608,52608,N/A
12609,52609,N/A
12610,52610,N/A
12611,52611,N/A
12612,52612,N/A
12613,52613,N/A
12614,52614,N/A
12615,52615,N/A
12616,52616,N/A
12617,52617,N/A
12618,52618,N/A
12619,52619,N/A
12620,52620,N/A
12621,52621,N/A
12622,52622,N/A
12623,52623,N/A
12624,52624,N/A
12625,52625,N/A
12626,52626,N/A
12627,52627,N/A
12628,52628,N/A
12629,52629,N/A
12630,52630,N/A
12631,52631,N/A
12632,52632,N/A
12633,52633,N/A
12634,52634,N/A
12635,52635,N/A
12636,52636,N/A
12637,52637,N/A
12638,52638,N/A
12639,52639,N/A
12640,52640,N/A
12641,52641,N/A
12642,52642,N/A
12643,52643,N/A
12644,52644,N/A
12645,52645,N/A
12646,52646,N/A
12647,52647,N/A
12648,52648,N/A
12649,52649,N/A
12650,52650,N/A
12651,52651,N/A
12652,52652,N/A
12653,52653,N/A
12654,52654,N/A
12655,52655,N/A
12656,52656,N/A
12657,52657,N/A
12658,52658,N/A
12659,52659,N/A
12660,52660,N/A
12661,52661,N/A
12662,52662,N/A
12663,52663,N/A
12664,52664,N/A
12665,52665,N/A
12666,52666,N/A
12667,52667,N/A
12668,52668,N/A
12669,52669,N/A
12670,52670,N/A
12671,52671,N/A
12672,52672,N/A
12673,52673,N/A
12674,52674,N/A
12675,52675,N/A
12676,52676,N/A
12677,52677,N/A
12678,52678,N/A
12679,52679,N/A
12680,52680,N/A
12681,52681,N/A
12682,52682,N/A
12683,52683,N/A
12684,52684,N/A
12685,52685,N/A
12686,52686,N/A
12687,52687,N/A
12688,52688,N/A
12689,52689,N/A
12690,52690,N/A
12691,52691,N/A
12692,52692,N/A
12693,52693,N/A
12694,52694,N/A
12695,52695,N/A
12696,52696,N/A
12697,52697,N/A
12698,52698,N/A
12699,52699,N/A
12700,52700,N/A
12701,52701,N/A
12702,52702,N/A
12703,52703,N/A
12704,52704,N/A
12705,52705,N/A
12706,52706,N/A
12707,52707,N/A
12708,52708,N/A
12709,52709,N/A
12710,52710,N/A
12711,52711,N/A
12712,52712,N/A
12713,52713,N/A
12714,52714,N/A
12715,52715,N/A
12716,52716,N/A
12717,52717,N/A
12718,52718,N/A
12719,52719,N/A
12720,52720,N/A
12721,52721,N/A
12722,52722,N/A
12723,52723,N/A
12724,52724,N/A
12725,52725,N/A
12726,52726,N/A
12727,52727,N/A
12728,52728,N/A
12729,52729,N/A
12730,52730,N/A
12731,52731,N/A
12732,52732,N/A
12733,52733,N/A
12734,52734,N/A
12735,52735,N/A
12736,52736,N/A
12737,52737,N/A
12738,52738,N/A
12739,52739,N/A
12740,52740,N/A
12741,52741,N/A
12742,52742,N/A
12743,52743,N/A
12744,52744,N/A
12745,52745,N/A
12746,52746,N/A
12747,52747,N/A
12748,52748,N/A
12749,52749,N/A
12750,52750,N/A
12751,52751,N/A
12752,52752,N/A
12753,52753,N/A
12754,52754,N/A
12755,52755,N/A
12756,52756,N/A
12757,52757,N/A
12758,52758,N/A
12759,52759,N/A
12760,52760,N/A
12761,52761,N/A
12762,52762,N/A
12763,52763,N/A
12764,52764,N/A
12765,52765,N/A
12766,52766,N/A
12767,52767,N/A
12768,52768,N/A
12769,52769,N/A
12770,52770,N/A
12771,52771,N/A
12772,52772,N/A
12773,52773,N/A
12774,52774,N/A
12775,52775,N/A
12776,52776,N/A
12777,52777,N/A
12778,52778,N/A
12779,52779,N/A
12780,52780,N/A
12781,52781,N/A
12782,52782,N/A
12783,52783,N/A
12784,52784,N/A
12785,52785,N/A
12786,52786,N/A
12787,52787,N/A
12788,52788,N/A
12789,52789,N/A
12790,52790,N/A
12791,52791,N/A
12792,52792,N/A
12793,52793,N/A
12794,52794,N/A
12795,52795,N/A
12796,52796,N/A
12797,52797,N/A
12798,52798,N/A
12799,52799,N/A
12800,52800,N/A
12801,52801,N/A
12802,52802,N/A
12803,52803,N/A
12804,52804,N/A
12805,52805,N/A
12806,52806,N/A
12807,52807,N/A
12808,52808,N/A
12809,52809,N/A
12810,52810,N/A
12811,52811,N/A
12812,52812,N/A
12813,52813,N/A
12814,52814,N/A
12815,52815,N/A
12816,52816,N/A
12817,52817,N/A
12818,52818,N/A
12819,52819,N/A
12820,52820,N/A
12821,52821,N/A
12822,52822,N/A
12823,52823,N/A
12824,52824,N/A
12825,52825,N/A
12826,52826,N/A
12827,52827,N/A
12828,52828,N/A
12829,52829,N/A
12830,52830,N/A
12831,52831,N/A
12832,52832,N/A
12833,52833,N/A
12834,52834,N/A
12835,52835,N/A
12836,52836,N/A
12837,52837,N/A
12838,52838,N/A
12839,52839,N/A
12840,52840,N/A
12841,52841,N/A
12842,52842,N/A
12843,52843,N/A
12844,52844,N/A
12845,52845,N/A
12846,52846,N/A
12847,52847,N/A
12848,52848,N/A
12849,52849,N/A
12850,52850,N/A
12851,52851,N/A
12852,52852,N/A
12853,52853,N/A
12854,52854,N/A
12855,52855,N/A
12856,52856,N/A
12857,52857,N/A
12858,52858,N/A
12859,52859,N/A
12860,52860,N/A
12861,52861,N/A
12862,52862,N/A
12863,52863,N/A
12864,52864,N/A
12865,52865,N/A
12866,52866,N/A
12867,52867,N/A
12868,52868,N/A
12869,52869,N/A
12870,52870,N/A
12871,52871,N/A
12872,52872,N/A
12873,52873,N/A
12874,52874,N/A
12875,52875,N/A
12876,52876,N/A
12877,52877,N/A
12878,52878,N/A
12879,52879,N/A
12880,52880,N/A
12881,52881,N/A
12882,52882,N/A
12883,52883,N/A
12884,52884,N/A
12885,52885,N/A
12886,52886,N/A
12887,52887,N/A
12888,52888,N/A
12889,52889,N/A
12890,52890,N/A
12891,52891,N/A
12892,52892,N/A
12893,52893,N/A
12894,52894,N/A
12895,52895,N/A
12896,52896,N/A
12897,52897,N/A
12898,52898,N/A
12899,52899,N/A
12900,52900,N/A
12901,52901,N/A
12902,52902,N/A
12903,52903,N/A
12904,52904,N/A
12905,52905,N/A
12906,52906,N/A
12907,52907,N/A
12908,52908,N/A
12909,52909,N/A
12910,52910,N/A
12911,52911,N/A
12912,52912,N/A
12913,52913,N/A
12914,52914,N/A
12915,52915,N/A
12916,52916,N/A
12917,52917,N/A
12918,52918,N/A
12919,52919,N/A
12920,52920,N/A
12921,52921,N/A
12922,52922,N/A
12923,52923,N/A
12924,52924,N/A
12925,52925,N/A
12926,52926,N/A
12927,52927,N/A
12928,52928,N/A
12929,52929,N/A
12930,52930,N/A
12931,52931,N/A
12932,52932,N/A
12933,52933,N/A
12934,52934,N/A
12935,52935,N/A
12936,52936,N/A
12937,52937,N/A
12938,52938,N/A
12939,52939,N/A
12940,52940,N/A
12941,52941,N/A
12942,52942,N/A
12943,52943,N/A
12944,52944,N/A
12945,52945,N/A
12946,52946,N/A
12947,52947,N/A
12948,52948,N/A
12949,52949,N/A
12950,52950,N/A
12951,52951,N/A
12952,52952,N/A
12953,52953,N/A
12954,52954,N/A
12955,52955,N/A
12956,52956,N/A
12957,52957,N/A
12958,52958,N/A
12959,52959,N/A
12960,52960,N/A
12961,52961,N/A
12962,52962,N/A
12963,52963,N/A
12964,52964,N/A
12965,52965,N/A
12966,52966,N/A
12967,52967,N/A
12968,52968,N/A
12969,52969,N/A
12970,52970,N/A
12971,52971,N/A
12972,52972,N/A
12973,52973,N/A
12974,52974,N/A
12975,52975,N/A
12976,52976,N/A
12977,52977,N/A
12978,52978,N/A
12979,52979,N/A
12980,52980,N/A
12981,52981,N/A
12982,52982,N/A
12983,52983,N/A
12984,52984,N/A
12985,52985,N/A
12986,52986,N/A
12987,52987,N/A
12988,52988,N/A
12989,52989,N/A
12990,52990,N/A
12991,52991,N/A
12992,52992,N/A
12993,52993,N/A
12994,52994,N/A
12995,52995,N/A
12996,52996,N/A
12997,52997,N/A
12998,52998,N/A
12999,52999,N/A
13000,53000,N/A
13001,53001,N/A
13002,53002,N/A
13003,53003,N/A
13004,53004,N/A
13005,53005,N/A
13006,53006,N/A
13007,53007,N/A
13008,53008,N/A
13009,53009,N/A
13010,53010,N/A
13011,53011,N/A
13012,53012,N/A
13013,53013,N/A
13014,53014,N/A
13015,53015,N/A
13016,53016,N/A
13017,53017,N/A
13018,53018,N/A
13019,53019,N/A
13020,53020,N/A
13021,53021,N/A
13022,53022,N/A
13023,53023,N/A
13024,53024,N/A
13025,53025,N/A
13026,53026,N/A
13027,53027,N/A
13028,53028,N/A
13029,53029,N/A
13030,53030,N/A
13031,53031,N/A
13032,53032,N/A
13033,53033,N/A
13034,53034,N/A
13035,53035,N/A
13036,53036,N/A
13037,53037,N/A
13038,53038,N/A
13039,53039,N/A
13040,53040,N/A
13041,53041,N/A
13042,53042,N/A
13043,53043,N/A
13044,53044,N/A
13045,53045,N/A
13046,53046,N/A
13047,53047,N/A
13048,53048,N/A
13049,53049,N/A
13050,53050,N/A
13051,53051,N/A
13052,53052,N/A
13053,53053,N/A
13054,53054,N/A
13055,53055,N/A
13056,53056,N/A
13057,53057,N/A
13058,53058,N/A
13059,53059,N/A
13060,53060,N/A
13061,53061,N/A
13062,53062,N/A
13063,53063,N/A
13064,53064,N/A
13065,53065,N/A
13066,53066,N/A
13067,53067,N/A
13068,53068,N/A
13069,53069,N/A
13070,53070,N/A
13071,53071,N/A
13072,53072,N/A
13073,53073,N/A
13074,53074,N/A
13075,53075,N/A
13076,53076,N/A
13077,53077,N/A
13078,53078,N/A
13079,53079,N/A
13080,53080,N/A
13081,53081,N/A
13082,53082,N/A
13083,53083,N/A
13084,53084,N/A
13085,53085,N/A
13086,53086,N/A
13087,53087,N/A
13088,53088,N/A
13089,53089,N/A
13090,53090,N/A
13091,53091,N/A
13092,53092,N/A
13093,53093,N/A
13094,53094,N/A
13095,53095,N/A
13096,53096,N/A
13097,53097,N/A
13098,53098,N/A
13099,53099,N/A
13100,53100,N/A
13101,53101,N/A
13102,53102,N/A
13103,53103,N/A
13104,53104,N/A
13105,53105,N/A
13106,53106,N/A
13107,53107,N/A
13108,53108,N/A
13109,53109,N/A
13110,53110,N/A
13111,53111,N/A
13112,53112,N/A
13113,53113,N/A
13114,53114,N/A
13115,53115,N/A
13116,53116,N/A
13117,53117,N/A
13118,53118,N/A
13119,53119,N/A
13120,53120,N/A
13121,53121,N/A
13122,53122,N/A
13123,53123,N/A
13124,53124,N/A
13125,53125,N/A
13126,53126,N/A
13127,53127,N/A
13128,53128,N/A
13129,53129,N/A
13130,53130,N/A
13131,53131,N/A
13132,53132,N/A
13133,53133,N/A
13134,53134,N/A
13135,53135,N/A
13136,53136,N/A
13137,53137,N/A
13138,53138,N/A
13139,53139,N/A
13140,53140,N/A
13141,53141,N/A
13142,53142,N/A
13143,53143,N/A
13144,53144,N/A
13145,53145,N/A
13146,53146,N/A
13147,53147,N/A
13148,53148,N/A
13149,53149,N/A
13150,53150,N/A
13151,53151,N/A
13152,53152,N/A
13153,53153,N/A
13154,53154,N/A
13155,53155,N/A
13156,53156,N/A
13157,53157,N/A
13158,53158,N/A
13159,53159,N/A
13160,53160,N/A
13161,53161,N/A
13162,53162,N/A
13163,53163,N/A
13164,53164,N/A
13165,53165,N/A
13166,53166,N/A
13167,53167,N/A
13168,53168,N/A
13169,53169,N/A
13170,53170,N/A
13171,53171,N/A
13172,53172,N/A
13173,53173,N/A
13174,53174,N/A
13175,53175,N/A
13176,53176,N/A
13177,53177,N/A
13178,53178,N/A
13179,53179,N/A
13180,53180,N/A
13181,53181,N/A
13182,53182,N/A
13183,53183,N/A
13184,53184,N/A
13185,53185,N/A
13186,53186,N/A
13187,53187,N/A
13188,53188,N/A
13189,53189,N/A
13190,53190,N/A
13191,53191,N/A
13192,53192,N/A
13193,53193,N/A
13194,53194,N/A
13195,53195,N/A
13196,53196,N/A
13197,53197,N/A
13198,53198,N/A
13199,53199,N/A
13200,53200,N/A
13201,53201,N/A
13202,53202,N/A
13203,53203,N/A
13204,53204,N/A
13205,53205,N/A
13206,53206,N/A
13207,53207,N/A
13208,53208,N/A
13209,53209,N/A
13210,53210,N/A
13211,53211,N/A
13212,53212,N/A
13213,53213,N/A
13214,53214,N/A
13215,53215,N/A
13216,53216,N/A
13217,53217,N/A
13218,53218,N/A
13219,53219,N/A
13220,53220,N/A
13221,53221,N/A
13222,53222,N/A
13223,53223,N/A
13224,53224,N/A
13225,53225,N/A
13226,53226,N/A
13227,53227,N/A
13228,53228,N/A
13229,53229,N/A
13230,53230,N/A
13231,53231,N/A
13232,53232,N/A
13233,53233,N/A
13234,53234,N/A
13235,53235,N/A
13236,53236,N/A
13237,53237,N/A
13238,53238,N/A
13239,53239,N/A
13240,53240,N/A
13241,53241,N/A
13242,53242,N/A
13243,53243,N/A
13244,53244,N/A
13245,53245,N/A
13246,53246,N/A
13247,53247,N/A
13248,53248,N/A
13249,53249,N/A
13250,53250,N/A
13251,53251,N/A
13252,53252,N/A
13253,53253,N/A
13254,53254,N/A
13255,53255,N/A
13256,53256,N/A
13257,53257,N/A
13258,53258,N/A
13259,53259,N/A
13260,53260,N/A
13261,53261,N/A
13262,53262,N/A
13263,53263,N/A
13264,53264,N/A
13265,53265,N/A
13266,53266,N/A
13267,53267,N/A
13268,53268,N/A
13269,53269,N/A
13270,53270,N/A
13271,53271,N/A
13272,53272,N/A
13273,53273,N/A
13274,53274,N/A
13275,53275,N/A
13276,53276,N/A
13277,53277,N/A
13278,53278,N/A
13279,53279,N/A
13280,53280,N/A
13281,53281,N/A
13282,53282,N/A
13283,53283,N/A
13284,53284,N/A
13285,53285,N/A
13286,53286,N/A
13287,53287,N/A
13288,53288,N/A
13289,53289,N/A
13290,53290,N/A
13291,53291,N/A
13292,53292,N/A
13293,53293,N/A
13294,53294,N/A
13295,53295,N/A
13296,53296,N/A
13297,53297,N/A
13298,53298,N/A
13299,53299,N/A
13300,53300,N/A
13301,53301,N/A
13302,53302,N/A
13303,53303,N/A
13304,53304,N/A
13305,53305,N/A
13306,53306,N/A
13307,53307,N/A
13308,53308,N/A
13309,53309,N/A
13310,53310,N/A
13311,53311,N/A
13312,53312,N/A
13313,53313,N/A
13314,53314,N/A
13315,53315,N/A
13316,53316,N/A
13317,53317,N/A
13318,53318,N/A
13319,53319,N/A
13320,53320,N/A
13321,53321,N/A
13322,53322,N/A
13323,53323,N/A
13324,53324,N/A
13325,53325,N/A
13326,53326,N/A
13327,53327,N/A
13328,53328,N/A
13329,53329,N/A
13330,53330,N/A
13331,53331,N/A
13332,53332,N/A
13333,53333,N/A
13334,53334,N/A
13335,53335,N/A
13336,53336,N/A
13337,53337,N/A
13338,53338,N/A
13339,53339,N/A
13340,53340,N/A
13341,53341,N/A
13342,53342,N/A
13343,53343,N/A
13344,53344,N/A
13345,53345,N/A
13346,53346,N/A
13347,53347,N/A
13348,53348,N/A
13349,53349,N/A
13350,53350,N/A
13351,53351,N/A
13352,53352,N/A
13353,53353,N/A
13354,53354,N/A
13355,53355,N/A
13356,53356,N/A
13357,53357,N/A
13358,53358,N/A
13359,53359,N/A
13360,53360,N/A
13361,53361,N/A
13362,53362,N/A
13363,53363,N/A
13364,53364,N/A
13365,53365,N/A
13366,53366,N/A
13367,53367,N/A
13368,53368,N/A
13369,53369,N/A
13370,53370,N/A
13371,53371,N/A
13372,53372,N/A
13373,53373,N/A
13374,53374,N/A
13375,53375,N/A
13376,53376,N/A
13377,53377,N/A
13378,53378,N/A
13379,53379,N/A
13380,53380,N/A
13381,53381,N/A
13382,53382,N/A
13383,53383,N/A
13384,53384,N/A
13385,53385,N/A
13386,53386,N/A
13387,53387,N/A
13388,53388,N/A
13389,53389,N/A
13390,53390,N/A
13391,53391,N/A
13392,53392,N/A
13393,53393,N/A
13394,53394,N/A
13395,53395,N/A
13396,53396,N/A
13397,53397,N/A
13398,53398,N/A
13399,53399,N/A
13400,53400,N/A
13401,53401,N/A
13402,53402,N/A
13403,53403,N/A
13404,53404,N/A
13405,53405,N/A
13406,53406,N/A
13407,53407,N/A
13408,53408,N/A
13409,53409,N/A
13410,53410,N/A
13411,53411,N/A
13412,53412,N/A
13413,53413,N/A
13414,53414,N/A
13415,53415,N/A
13416,53416,N/A
13417,53417,N/A
13418,53418,N/A
13419,53419,N/A
13420,53420,N/A
13421,53421,N/A
13422,53422,N/A
13423,53423,N/A
13424,53424,N/A
13425,53425,N/A
13426,53426,N/A
13427,53427,N/A
13428,53428,N/A
13429,53429,N/A
13430,53430,N/A
13431,53431,N/A
13432,53432,N/A
13433,53433,N/A
13434,53434,N/A
13435,53435,N/A
13436,53436,N/A
13437,53437,N/A
13438,53438,N/A
13439,53439,N/A
13440,53440,N/A
13441,53441,N/A
13442,53442,N/A
13443,53443,N/A
13444,53444,N/A
13445,53445,N/A
13446,53446,N/A
13447,53447,N/A
13448,53448,N/A
13449,53449,N/A
13450,53450,N/A
13451,53451,N/A
13452,53452,N/A
13453,53453,N/A
13454,53454,N/A
13455,53455,N/A
13456,53456,N/A
13457,53457,N/A
13458,53458,N/A
13459,53459,N/A
13460,53460,N/A
13461,53461,N/A
13462,53462,N/A
13463,53463,N/A
13464,53464,N/A
13465,53465,N/A
13466,53466,N/A
13467,53467,N/A
13468,53468,N/A
13469,53469,N/A
13470,53470,N/A
13471,53471,N/A
13472,53472,N/A
13473,53473,N/A
13474,53474,N/A
13475,53475,N/A
13476,53476,N/A
13477,53477,N/A
13478,53478,N/A
13479,53479,N/A
13480,53480,N/A
13481,53481,N/A
13482,53482,N/A
13483,53483,N/A
13484,53484,N/A
13485,53485,N/A
13486,53486,N/A
13487,53487,N/A
13488,53488,N/A
13489,53489,N/A
13490,53490,N/A
13491,53491,N/A
13492,53492,N/A
13493,53493,N/A
13494,53494,N/A
13495,53495,N/A
13496,53496,N/A
13497,53497,N/A
13498,53498,N/A
13499,53499,N/A
13500,53500,N/A
13501,53501,N/A
13502,53502,N/A
13503,53503,N/A
13504,53504,N/A
13505,53505,N/A
13506,53506,N/A
13507,53507,N/A
13508,53508,N/A
13509,53509,N/A
13510,53510,N/A
13511,53511,N/A
13512,53512,N/A
13513,53513,N/A
13514,53514,N/A
13515,53515,N/A
13516,53516,N/A
13517,53517,N/A
13518,53518,N/A
13519,53519,N/A
13520,53520,N/A
13521,53521,N/A
13522,53522,N/A
13523,53523,N/A
13524,53524,N/A
13525,53525,N/A
13526,53526,N/A
13527,53527,N/A
13528,53528,N/A
13529,53529,N/A
13530,53530,N/A
13531,53531,N/A
13532,53532,N/A
13533,53533,N/A
13534,53534,N/A
13535,53535,N/A
13536,53536,N/A
13537,53537,N/A
13538,53538,N/A
13539,53539,N/A
13540,53540,N/A
13541,53541,N/A
13542,53542,N/A
13543,53543,N/A
13544,53544,N/A
13545,53545,N/A
13546,53546,N/A
13547,53547,N/A
13548,53548,N/A
13549,53549,N/A
13550,53550,N/A
13551,53551,N/A
13552,53552,N/A
13553,53553,N/A
13554,53554,N/A
13555,53555,N/A
13556,53556,N/A
13557,53557,N/A
13558,53558,N/A
13559,53559,N/A
13560,53560,N/A
13561,53561,N/A
13562,53562,N/A
13563,53563,N/A
13564,53564,N/A
13565,53565,N/A
13566,53566,N/A
13567,53567,N/A
13568,53568,N/A
13569,53569,N/A
13570,53570,N/A
13571,53571,N/A
13572,53572,N/A
13573,53573,N/A
13574,53574,N/A
13575,53575,N/A
13576,53576,N/A
13577,53577,N/A
13578,53578,N/A
13579,53579,N/A
13580,53580,N/A
13581,53581,N/A
13582,53582,N/A
13583,53583,N/A
13584,53584,N/A
13585,53585,N/A
13586,53586,N/A
13587,53587,N/A
13588,53588,N/A
13589,53589,N/A
13590,53590,N/A
13591,53591,N/A
13592,53592,N/A
13593,53593,N/A
13594,53594,N/A
13595,53595,N/A
13596,53596,N/A
13597,53597,N/A
13598,53598,N/A
13599,53599,N/A
13600,53600,N/A
13601,53601,N/A
13602,53602,N/A
13603,53603,N/A
13604,53604,N/A
13605,53605,N/A
13606,53606,N/A
13607,53607,N/A
13608,53608,N/A
13609,53609,N/A
13610,53610,N/A
13611,53611,N/A
13612,53612,N/A
13613,53613,N/A
13614,53614,N/A
13615,53615,N/A
13616,53616,N/A
13617,53617,N/A
13618,53618,N/A
13619,53619,N/A
13620,53620,N/A
13621,53621,N/A
13622,53622,N/A
13623,53623,N/A
13624,53624,N/A
13625,53625,N/A
13626,53626,N/A
13627,53627,N/A
13628,53628,N/A
13629,53629,N/A
13630,53630,N/A
13631,53631,N/A
13632,53632,N/A
13633,53633,N/A
13634,53634,N/A
13635,53635,N/A
13636,53636,N/A
13637,53637,N/A
13638,53638,N/A
13639,53639,N/A
13640,53640,N/A
13641,53641,N/A
13642,53642,N/A
13643,53643,N/A
13644,53644,N/A
13645,53645,N/A
13646,53646,N/A
13647,53647,N/A
13648,53648,N/A
13649,53649,N/A
13650,53650,N/A
13651,53651,N/A
13652,53652,N/A
13653,53653,N/A
13654,53654,N/A
13655,53655,N/A
13656,53656,N/A
13657,53657,N/A
13658,53658,N/A
13659,53659,N/A
13660,53660,N/A
13661,53661,N/A
13662,53662,N/A
13663,53663,N/A
13664,53664,N/A
13665,53665,N/A
13666,53666,N/A
13667,53667,N/A
13668,53668,N/A
13669,53669,N/A
13670,53670,N/A
13671,53671,N/A
13672,53672,N/A
13673,53673,N/A
13674,53674,N/A
13675,53675,N/A
13676,53676,N/A
13677,53677,N/A
13678,53678,N/A
13679,53679,N/A
13680,53680,N/A
13681,53681,N/A
13682,53682,N/A
13683,53683,N/A
13684,53684,N/A
13685,53685,N/A
13686,53686,N/A
13687,53687,N/A
13688,53688,N/A
13689,53689,N/A
13690,53690,N/A
13691,53691,N/A
13692,53692,N/A
13693,53693,N/A
13694,53694,N/A
13695,53695,N/A
13696,53696,N/A
13697,53697,N/A
13698,53698,N/A
13699,53699,N/A
13700,53700,N/A
13701,53701,N/A
13702,53702,N/A
13703,53703,N/A
13704,53704,N/A
13705,53705,N/A
13706,53706,N/A
13707,53707,N/A
13708,53708,N/A
13709,53709,N/A
13710,53710,N/A
13711,53711,N/A
13712,53712,N/A
13713,53713,N/A
13714,53714,N/A
13715,53715,N/A
13716,53716,N/A
13717,53717,N/A
13718,53718,N/A
13719,53719,N/A
13720,53720,N/A
13721,53721,N/A
13722,53722,N/A
13723,53723,N/A
13724,53724,N/A
13725,53725,N/A
13726,53726,N/A
13727,53727,N/A
13728,53728,N/A
13729,53729,N/A
13730,53730,N/A
13731,53731,N/A
13732,53732,N/A
13733,53733,N/A
13734,53734,N/A
13735,53735,N/A
13736,53736,N/A
13737,53737,N/A
13738,53738,N/A
13739,53739,N/A
13740,53740,N/A
13741,53741,N/A
13742,53742,N/A
13743,53743,N/A
13744,53744,N/A
13745,53745,N/A
13746,53746,N/A
13747,53747,N/A
13748,53748,N/A
13749,53749,N/A
13750,53750,N/A
13751,53751,N/A
13752,53752,N/A
13753,53753,N/A
13754,53754,N/A
13755,53755,N/A
13756,53756,N/A
13757,53757,N/A
13758,53758,N/A
13759,53759,N/A
13760,53760,N/A
13761,53761,N/A
13762,53762,N/A
13763,53763,N/A
13764,53764,N/A
13765,53765,N/A
13766,53766,N/A
13767,53767,N/A
13768,53768,N/A
13769,53769,N/A
13770,53770,N/A
13771,53771,N/A
13772,53772,N/A
13773,53773,N/A
13774,53774,N/A
13775,53775,N/A
13776,53776,N/A
13777,53777,N/A
13778,53778,N/A
13779,53779,N/A
13780,53780,N/A
13781,53781,N/A
13782,53782,N/A
13783,53783,N/A
13784,53784,N/A
13785,53785,N/A
13786,53786,N/A
13787,53787,N/A
13788,53788,N/A
13789,53789,N/A
13790,53790,N/A
13791,53791,N/A
13792,53792,N/A
13793,53793,N/A
13794,53794,N/A
13795,53795,N/A
13796,53796,N/A
13797,53797,N/A
13798,53798,N/A
13799,53799,N/A
13800,53800,N/A
13801,53801,N/A
13802,53802,N/A
13803,53803,N/A
13804,53804,N/A
13805,53805,N/A
13806,53806,N/A
13807,53807,N/A
13808,53808,N/A
13809,53809,N/A
13810,53810,N/A
13811,53811,N/A
13812,53812,N/A
13813,53813,N/A
13814,53814,N/A
13815,53815,N/A
13816,53816,N/A
13817,53817,N/A
13818,53818,N/A
13819,53819,N/A
13820,53820,N/A
13821,53821,N/A
13822,53822,N/A
13823,53823,N/A
13824,53824,N/A
13825,53825,N/A
13826,53826,N/A
13827,53827,N/A
13828,53828,N/A
13829,53829,N/A
13830,53830,N/A
13831,53831,N/A
13832,53832,N/A
13833,53833,N/A
13834,53834,N/A
13835,53835,N/A
13836,53836,N/A
13837,53837,N/A
13838,53838,N/A
13839,53839,N/A
13840,53840,N/A
13841,53841,N/A
13842,53842,N/A
13843,53843,N/A
13844,53844,N/A
13845,53845,N/A
13846,53846,N/A
13847,53847,N/A
13848,53848,N/A
13849,53849,N/A
13850,53850,N/A
13851,53851,N/A
13852,53852,N/A
13853,53853,N/A
13854,53854,N/A
13855,53855,N/A
13856,53856,N/A
13857,53857,N/A
13858,53858,N/A
13859,53859,N/A
13860,53860,N/A
13861,53861,N/A
13862,53862,N/A
13863,53863,N/A
13864,53864,N/A
13865,53865,N/A
13866,53866,N/A
13867,53867,N/A
13868,53868,N/A
13869,53869,N/A
13870,53870,N/A
13871,53871,N/A
13872,53872,N/A
13873,53873,N/A
13874,53874,N/A
13875,53875,N/A
13876,53876,N/A
13877,53877,N/A
13878,53878,N/A
13879,53879,N/A
13880,53880,N/A
13881,53881,N/A
13882,53882,N/A
13883,53883,N/A
13884,53884,N/A
13885,53885,N/A
13886,53886,N/A
13887,53887,N/A
13888,53888,N/A
13889,53889,N/A
13890,53890,N/A
13891,53891,N/A
13892,53892,N/A
13893,53893,N/A
13894,53894,N/A
13895,53895,N/A
13896,53896,N/A
13897,53897,N/A
13898,53898,N/A
13899,53899,N/A
13900,53900,N/A
13901,53901,N/A
13902,53902,N/A
13903,53903,N/A
13904,53904,N/A
13905,53905,N/A
13906,53906,N/A
13907,53907,N/A
13908,53908,N/A
13909,53909,N/A
13910,53910,N/A
13911,53911,N/A
13912,53912,N/A
13913,53913,N/A
13914,53914,N/A
13915,53915,N/A
13916,53916,N/A
13917,53917,N/A
13918,53918,N/A
13919,53919,N/A
13920,53920,N/A
13921,53921,N/A
13922,53922,N/A
13923,53923,N/A
13924,53924,N/A
13925,53925,N/A
13926,53926,N/A
13927,53927,N/A
13928,53928,N/A
13929,53929,N/A
13930,53930,N/A
13931,53931,N/A
13932,53932,N/A
13933,53933,N/A
13934,53934,N/A
13935,53935,N/A
13936,53936,N/A
13937,53937,N/A
13938,53938,N/A
13939,53939,N/A
13940,53940,N/A
13941,53941,N/A
13942,53942,N/A
13943,53943,N/A
13944,53944,N/A
13945,53945,N/A
13946,53946,N/A
13947,53947,N/A
13948,53948,N/A
13949,53949,N/A
13950,53950,N/A
13951,53951,N/A
13952,53952,N/A
13953,53953,N/A
13954,53954,N/A
13955,53955,N/A
13956,53956,N/A
13957,53957,N/A
13958,53958,N/A
13959,53959,N/A
13960,53960,N/A
13961,53961,N/A
13962,53962,N/A
13963,53963,N/A
13964,53964,N/A
13965,53965,N/A
13966,53966,N/A
13967,53967,N/A
13968,53968,N/A
13969,53969,N/A
13970,53970,N/A
13971,53971,N/A
13972,53972,N/A
13973,53973,N/A
13974,53974,N/A
13975,53975,N/A
13976,53976,N/A
13977,53977,N/A
13978,53978,N/A
13979,53979,N/A
13980,53980,N/A
13981,53981,N/A
13982,53982,N/A
13983,53983,N/A
13984,53984,N/A
13985,53985,N/A
13986,53986,N/A
13987,53987,N/A
13988,53988,N/A
13989,53989,N/A
13990,53990,N/A
13991,53991,N/A
13992,53992,N/A
13993,53993,N/A
13994,53994,N/A
13995,53995,N/A
13996,53996,N/A
13997,53997,N/A
13998,53998,N/A
13999,53999,N/A
14000,54000,N/A
14001,54001,N/A
14002,54002,N/A
14003,54003,N/A
14004,54004,N/A
14005,54005,N/A
14006,54006,N/A
14007,54007,N/A
14008,54008,N/A
14009,54009,N/A
14010,54010,N/A
14011,54011,N/A
14012,54012,N/A
14013,54013,N/A
14014,54014,N/A
14015,54015,N/A
14016,54016,N/A
14017,54017,N/A
14018,54018,N/A
14019,54019,N/A
14020,54020,N/A
14021,54021,N/A
14022,54022,N/A
14023,54023,N/A
14024,54024,N/A
14025,54025,N/A
14026,54026,N/A
14027,54027,N/A
14028,54028,N/A
14029,54029,N/A
14030,54030,N/A
14031,54031,N/A
14032,54032,N/A
14033,54033,N/A
14034,54034,N/A
14035,54035,N/A
14036,54036,N/A
14037,54037,N/A
14038,54038,N/A
14039,54039,N/A
14040,54040,N/A
14041,54041,N/A
14042,54042,N/A
14043,54043,N/A
14044,54044,N/A
14045,54045,N/A
14046,54046,N/A
14047,54047,N/A
14048,54048,N/A
14049,54049,N/A
14050,54050,N/A
14051,54051,N/A
14052,54052,N/A
14053,54053,N/A
14054,54054,N/A
14055,54055,N/A
14056,54056,N/A
14057,54057,N/A
14058,54058,N/A
14059,54059,N/A
14060,54060,N/A
14061,54061,N/A
14062,54062,N/A
14063,54063,N/A
14064,54064,N/A
14065,54065,N/A
14066,54066,N/A
14067,54067,N/A
14068,54068,N/A
14069,54069,N/A
14070,54070,N/A
14071,54071,N/A
14072,54072,N/A
14073,54073,N/A
14074,54074,N/A
14075,54075,N/A
14076,54076,N/A
14077,54077,N/A
14078,54078,N/A
14079,54079,N/A
14080,54080,N/A
14081,54081,N/A
14082,54082,N/A
14083,54083,N/A
14084,54084,N/A
14085,54085,N/A
14086,54086,N/A
14087,54087,N/A
14088,54088,N/A
14089,54089,N/A
14090,54090,N/A
14091,54091,N/A
14092,54092,N/A
14093,54093,N/A
14094,54094,N/A
14095,54095,N/A
14096,54096,N/A
14097,54097,N/A
14098,54098,N/A
14099,54099,N/A
14100,54100,N/A
14101,54101,N/A
14102,54102,N/A
14103,54103,N/A
14104,54104,N/A
14105,54105,N/A
14106,54106,N/A
14107,54107,N/A
14108,54108,N/A
14109,54109,N/A
14110,54110,N/A
14111,54111,N/A
14112,54112,N/A
14113,54113,N/A
14114,54114,N/A
14115,54115,N/A
14116,54116,N/A
14117,54117,N/A
14118,54118,N/A
14119,54119,N/A
14120,54120,N/A
14121,54121,N/A
14122,54122,N/A
14123,54123,N/A
14124,54124,N/A
14125,54125,N/A
14126,54126,N/A
14127,54127,N/A
14128,54128,N/A
14129,54129,N/A
14130,54130,N/A
14131,54131,N/A
14132,54132,N/A
14133,54133,N/A
14134,54134,N/A
14135,54135,N/A
14136,54136,N/A
14137,54137,N/A
14138,54138,N/A
14139,54139,N/A
14140,54140,N/A
14141,54141,N/A
14142,54142,N/A
14143,54143,N/A
14144,54144,N/A
14145,54145,N/A
14146,54146,N/A
14147,54147,N/A
14148,54148,N/A
14149,54149,N/A
14150,54150,N/A
14151,54151,N/A
14152,54152,N/A
14153,54153,N/A
14154,54154,N/A
14155,54155,N/A
14156,54156,N/A
14157,54157,N/A
14158,54158,N/A
14159,54159,N/A
14160,54160,N/A
14161,54161,N/A
14162,54162,N/A
14163,54163,N/A
14164,54164,N/A
14165,54165,N/A
14166,54166,N/A
14167,54167,N/A
14168,54168,N/A
14169,54169,N/A
14170,54170,N/A
14171,54171,N/A
14172,54172,N/A
14173,54173,N/A
14174,54174,N/A
14175,54175,N/A
14176,54176,N/A
14177,54177,N/A
14178,54178,N/A
14179,54179,N/A
14180,54180,N/A
14181,54181,N/A
14182,54182,N/A
14183,54183,N/A
14184,54184,N/A
14185,54185,N/A
14186,54186,N/A
14187,54187,N/A
14188,54188,N/A
14189,54189,N/A
14190,54190,N/A
14191,54191,N/A
14192,54192,N/A
14193,54193,N/A
14194,54194,N/A
14195,54195,N/A
14196,54196,N/A
14197,54197,N/A
14198,54198,N/A
14199,54199,N/A
14200,54200,N/A
14201,54201,N/A
14202,54202,N/A
14203,54203,N/A
14204,54204,N/A
14205,54205,N/A
14206,54206,N/A
14207,54207,N/A
14208,54208,N/A
14209,54209,N/A
14210,54210,N/A
14211,54211,N/A
14212,54212,N/A
14213,54213,N/A
14214,54214,N/A
14215,54215,N/A
14216,54216,N/A
14217,54217,N/A
14218,54218,N/A
14219,54219,N/A
14220,54220,N/A
14221,54221,N/A
14222,54222,N/A
14223,54223,N/A
14224,54224,N/A
14225,54225,N/A
14226,54226,N/A
14227,54227,N/A
14228,54228,N/A
14229,54229,N/A
14230,54230,N/A
14231,54231,N/A
14232,54232,N/A
14233,54233,N/A
14234,54234,N/A
14235,54235,N/A
14236,54236,N/A
14237,54237,N/A
14238,54238,N/A
14239,54239,N/A
14240,54240,N/A
14241,54241,N/A
14242,54242,N/A
14243,54243,N/A
14244,54244,N/A
14245,54245,N/A
14246,54246,N/A
14247,54247,N/A
14248,54248,N/A
14249,54249,N/A
14250,54250,N/A
14251,54251,N/A
14252,54252,N/A
14253,54253,N/A
14254,54254,N/A
14255,54255,N/A
14256,54256,N/A
14257,54257,N/A
14258,54258,N/A
14259,54259,N/A
14260,54260,N/A
14261,54261,N/A
14262,54262,N/A
14263,54263,N/A
14264,54264,N/A
14265,54265,N/A
14266,54266,N/A
14267,54267,N/A
14268,54268,N/A
14269,54269,N/A
14270,54270,N/A
14271,54271,N/A
14272,54272,N/A
14273,54273,N/A
14274,54274,N/A
14275,54275,N/A
14276,54276,N/A
14277,54277,N/A
14278,54278,N/A
14279,54279,N/A
14280,54280,N/A
14281,54281,N/A
14282,54282,N/A
14283,54283,N/A
14284,54284,N/A
14285,54285,N/A
14286,54286,N/A
14287,54287,N/A
14288,54288,N/A
14289,54289,N/A
14290,54290,N/A
14291,54291,N/A
14292,54292,N/A
14293,54293,N/A
14294,54294,N/A
14295,54295,N/A
14296,54296,N/A
14297,54297,N/A
14298,54298,N/A
14299,54299,N/A
14300,54300,N/A
14301,54301,N/A
14302,54302,N/A
14303,54303,N/A
14304,54304,N/A
14305,54305,N/A
14306,54306,N/A
14307,54307,N/A
14308,54308,N/A
14309,54309,N/A
14310,54310,N/A
14311,54311,N/A
14312,54312,N/A
14313,54313,N/A
14314,54314,N/A
14315,54315,N/A
14316,54316,N/A
14317,54317,N/A
14318,54318,N/A
14319,54319,N/A
14320,54320,N/A
14321,54321,N/A
14322,54322,N/A
14323,54323,N/A
14324,54324,N/A
14325,54325,N/A
14326,54326,N/A
14327,54327,N/A
14328,54328,N/A
14329,54329,N/A
14330,54330,N/A
14331,54331,N/A
14332,54332,N/A
14333,54333,N/A
14334,54334,N/A
14335,54335,N/A
14336,54336,N/A
14337,54337,N/A
14338,54338,N/A
14339,54339,N/A
14340,54340,N/A
14341,54341,N/A
14342,54342,N/A
14343,54343,N/A
14344,54344,N/A
14345,54345,N/A
14346,54346,N/A
14347,54347,N/A
14348,54348,N/A
14349,54349,N/A
14350,54350,N/A
14351,54351,N/A
14352,54352,N/A
14353,54353,N/A
14354,54354,N/A
14355,54355,N/A
14356,54356,N/A
14357,54357,N/A
14358,54358,N/A
14359,54359,N/A
14360,54360,N/A
14361,54361,N/A
14362,54362,N/A
14363,54363,N/A
14364,54364,N/A
14365,54365,N/A
14366,54366,N/A
14367,54367,N/A
14368,54368,N/A
14369,54369,N/A
14370,54370,N/A
14371,54371,N/A
14372,54372,N/A
14373,54373,N/A
14374,54374,N/A
14375,54375,N/A
14376,54376,N/A
14377,54377,N/A
14378,54378,N/A
14379,54379,N/A
14380,54380,N/A
14381,54381,N/A
14382,54382,N/A
14383,54383,N/A
14384,54384,N/A
14385,54385,N/A
14386,54386,N/A
14387,54387,N/A
14388,54388,N/A
14389,54389,N/A
14390,54390,N/A
14391,54391,N/A
14392,54392,N/A
14393,54393,N/A
14394,54394,N/A
14395,54395,N/A
14396,54396,N/A
14397,54397,N/A
14398,54398,N/A
14399,54399,N/A
14400,54400,N/A
14401,54401,N/A
14402,54402,N/A
14403,54403,N/A
14404,54404,N/A
14405,54405,N/A
14406,54406,N/A
14407,54407,N/A
14408,54408,N/A
14409,54409,N/A
14410,54410,N/A
14411,54411,N/A
14412,54412,N/A
14413,54413,N/A
14414,54414,N/A
14415,54415,N/A
14416,54416,N/A
14417,54417,N/A
14418,54418,N/A
14419,54419,N/A
14420,54420,N/A
14421,54421,N/A
14422,54422,N/A
14423,54423,N/A
14424,54424,N/A
14425,54425,N/A
14426,54426,N/A
14427,54427,N/A
14428,54428,N/A
14429,54429,N/A
14430,54430,N/A
14431,54431,N/A
14432,54432,N/A
14433,54433,N/A
14434,54434,N/A
14435,54435,N/A
14436,54436,N/A
14437,54437,N/A
14438,54438,N/A
14439,54439,N/A
14440,54440,N/A
14441,54441,N/A
14442,54442,N/A
14443,54443,N/A
14444,54444,N/A
14445,54445,N/A
14446,54446,N/A
14447,54447,N/A
14448,54448,N/A
14449,54449,N/A
14450,54450,N/A
14451,54451,N/A
14452,54452,N/A
14453,54453,N/A
14454,54454,N/A
14455,54455,N/A
14456,54456,N/A
14457,54457,N/A
14458,54458,N/A
14459,54459,N/A
14460,54460,N/A
14461,54461,N/A
14462,54462,N/A
14463,54463,N/A
14464,54464,N/A
14465,54465,N/A
14466,54466,N/A
14467,54467,N/A
14468,54468,N/A
14469,54469,N/A
14470,54470,N/A
14471,54471,N/A
14472,54472,N/A
14473,54473,N/A
14474,54474,N/A
14475,54475,N/A
14476,54476,N/A
14477,54477,N/A
14478,54478,N/A
14479,54479,N/A
14480,54480,N/A
14481,54481,N/A
14482,54482,N/A
14483,54483,N/A
14484,54484,N/A
14485,54485,N/A
14486,54486,N/A
14487,54487,N/A
14488,54488,N/A
14489,54489,N/A
14490,54490,N/A
14491,54491,N/A
14492,54492,N/A
14493,54493,N/A
14494,54494,N/A
14495,54495,N/A
14496,54496,N/A
14497,54497,N/A
14498,54498,N/A
14499,54499,N/A
14500,54500,N/A
14501,54501,N/A
14502,54502,N/A
14503,54503,N/A
14504,54504,N/A
14505,54505,N/A
14506,54506,N/A
14507,54507,N/A
14508,54508,N/A
14509,54509,N/A
14510,54510,N/A
14511,54511,N/A
14512,54512,N/A
14513,54513,N/A
14514,54514,N/A
14515,54515,N/A
14516,54516,N/A
14517,54517,N/A
14518,54518,N/A
14519,54519,N/A
14520,54520,N/A
14521,54521,N/A
14522,54522,N/A
14523,54523,N/A
14524,54524,N/A
14525,54525,N/A
14526,54526,N/A
14527,54527,N/A
14528,54528,N/A
14529,54529,N/A
14530,54530,N/A
14531,54531,N/A
14532,54532,N/A
14533,54533,N/A
14534,54534,N/A
14535,54535,N/A
14536,54536,N/A
14537,54537,N/A
14538,54538,N/A
14539,54539,N/A
14540,54540,N/A
14541,54541,N/A
14542,54542,N/A
14543,54543,N/A
14544,54544,N/A
14545,54545,N/A
14546,54546,N/A
14547,54547,N/A
14548,54548,N/A
14549,54549,N/A
14550,54550,N/A
14551,54551,N/A
14552,54552,N/A
14553,54553,N/A
14554,54554,N/A
14555,54555,N/A
14556,54556,N/A
14557,54557,N/A
14558,54558,N/A
14559,54559,N/A
14560,54560,N/A
14561,54561,N/A
14562,54562,N/A
14563,54563,N/A
14564,54564,N/A
14565,54565,N/A
14566,54566,N/A
14567,54567,N/A
14568,54568,N/A
14569,54569,N/A
14570,54570,N/A
14571,54571,N/A
14572,54572,N/A
14573,54573,N/A
14574,54574,N/A
14575,54575,N/A
14576,54576,N/A
14577,54577,N/A
14578,54578,N/A
14579,54579,N/A
14580,54580,N/A
14581,54581,N/A
14582,54582,N/A
14583,54583,N/A
14584,54584,N/A
14585,54585,N/A
14586,54586,N/A
14587,54587,N/A
14588,54588,N/A
14589,54589,N/A
14590,54590,N/A
14591,54591,N/A
14592,54592,N/A
14593,54593,N/A
14594,54594,N/A
14595,54595,N/A
14596,54596,N/A
14597,54597,N/A
14598,54598,N/A
14599,54599,N/A
14600,54600,N/A
14601,54601,N/A
14602,54602,N/A
14603,54603,N/A
14604,54604,N/A
14605,54605,N/A
14606,54606,N/A
14607,54607,N/A
14608,54608,N/A
14609,54609,N/A
14610,54610,N/A
14611,54611,N/A
14612,54612,N/A
14613,54613,N/A
14614,54614,N/A
14615,54615,N/A
14616,54616,N/A
14617,54617,N/A
14618,54618,N/A
14619,54619,N/A
14620,54620,N/A
14621,54621,N/A
14622,54622,N/A
14623,54623,N/A
14624,54624,N/A
14625,54625,N/A
14626,54626,N/A
14627,54627,N/A
14628,54628,N/A
14629,54629,N/A
14630,54630,N/A
14631,54631,N/A
14632,54632,N/A
14633,54633,N/A
14634,54634,N/A
14635,54635,N/A
14636,54636,N/A
14637,54637,N/A
14638,54638,N/A
14639,54639,N/A
14640,54640,N/A
14641,54641,N/A
14642,54642,N/A
14643,54643,N/A
14644,54644,N/A
14645,54645,N/A
14646,54646,N/A
14647,54647,N/A
14648,54648,N/A
14649,54649,N/A
14650,54650,N/A
14651,54651,N/A
14652,54652,N/A
14653,54653,N/A
14654,54654,N/A
14655,54655,N/A
14656,54656,N/A
14657,54657,N/A
14658,54658,N/A
14659,54659,N/A
14660,54660,N/A
14661,54661,N/A
14662,54662,N/A
14663,54663,N/A
14664,54664,N/A
14665,54665,N/A
14666,54666,N/A
14667,54667,N/A
14668,54668,N/A
14669,54669,N/A
14670,54670,N/A
14671,54671,N/A
14672,54672,N/A
14673,54673,N/A
14674,54674,N/A
14675,54675,N/A
14676,54676,N/A
14677,54677,N/A
14678,54678,N/A
14679,54679,N/A
14680,54680,N/A
14681,54681,N/A
14682,54682,N/A
14683,54683,N/A
14684,54684,N/A
14685,54685,N/A
14686,54686,N/A
14687,54687,N/A
14688,54688,N/A
14689,54689,N/A
14690,54690,N/A
14691,54691,N/A
14692,54692,N/A
14693,54693,N/A
14694,54694,N/A
14695,54695,N/A
14696,54696,N/A
14697,54697,N/A
14698,54698,N/A
14699,54699,N/A
14700,54700,N/A
14701,54701,N/A
14702,54702,N/A
14703,54703,N/A
14704,54704,N/A
14705,54705,N/A
14706,54706,N/A
14707,54707,N/A
14708,54708,N/A
14709,54709,N/A
14710,54710,N/A
14711,54711,N/A
14712,54712,N/A
14713,54713,N/A
14714,54714,N/A
14715,54715,N/A
14716,54716,N/A
14717,54717,N/A
14718,54718,N/A
14719,54719,N/A
14720,54720,N/A
14721,54721,N/A
14722,54722,N/A
14723,54723,N/A
14724,54724,N/A
14725,54725,N/A
14726,54726,N/A
14727,54727,N/A
14728,54728,N/A
14729,54729,N/A
14730,54730,N/A
14731,54731,N/A
14732,54732,N/A
14733,54733,N/A
14734,54734,N/A
14735,54735,N/A
14736,54736,N/A
14737,54737,N/A
14738,54738,N/A
14739,54739,N/A
14740,54740,N/A
14741,54741,N/A
14742,54742,N/A
14743,54743,N/A
14744,54744,N/A
14745,54745,N/A
14746,54746,N/A
14747,54747,N/A
14748,54748,N/A
14749,54749,N/A
14750,54750,N/A
14751,54751,N/A
14752,54752,N/A
14753,54753,N/A
14754,54754,N/A
14755,54755,N/A
14756,54756,N/A
14757,54757,N/A
14758,54758,N/A
14759,54759,N/A
14760,54760,N/A
14761,54761,N/A
14762,54762,N/A
14763,54763,N/A
14764,54764,N/A
14765,54765,N/A
14766,54766,N/A
14767,54767,N/A
14768,54768,N/A
14769,54769,N/A
14770,54770,N/A
14771,54771,N/A
14772,54772,N/A
14773,54773,N/A
14774,54774,N/A
14775,54775,N/A
14776,54776,N/A
14777,54777,N/A
14778,54778,N/A
14779,54779,N/A
14780,54780,N/A
14781,54781,N/A
14782,54782,N/A
14783,54783,N/A
14784,54784,N/A
14785,54785,N/A
14786,54786,N/A
14787,54787,N/A
14788,54788,N/A
14789,54789,N/A
14790,54790,N/A
14791,54791,N/A
14792,54792,N/A
14793,54793,N/A
14794,54794,N/A
14795,54795,N/A
14796,54796,N/A
14797,54797,N/A
14798,54798,N/A
14799,54799,N/A
14800,54800,N/A
14801,54801,N/A
14802,54802,N/A
14803,54803,N/A
14804,54804,N/A
14805,54805,N/A
14806,54806,N/A
14807,54807,N/A
14808,54808,N/A
14809,54809,N/A
14810,54810,N/A
14811,54811,N/A
14812,54812,N/A
14813,54813,N/A
14814,54814,N/A
14815,54815,N/A
14816,54816,N/A
14817,54817,N/A
14818,54818,N/A
14819,54819,N/A
14820,54820,N/A
14821,54821,N/A
14822,54822,N/A
14823,54823,N/A
14824,54824,N/A
14825,54825,N/A
14826,54826,N/A
14827,54827,N/A
14828,54828,N/A
14829,54829,N/A
14830,54830,N/A
14831,54831,N/A
14832,54832,N/A
14833,54833,N/A
14834,54834,N/A
14835,54835,N/A
14836,54836,N/A
14837,54837,N/A
14838,54838,N/A
14839,54839,N/A
14840,54840,N/A
14841,54841,N/A
14842,54842,N/A
14843,54843,N/A
14844,54844,N/A
14845,54845,N/A
14846,54846,N/A
14847,54847,N/A
14848,54848,N/A
14849,54849,N/A
14850,54850,N/A
14851,54851,N/A
14852,54852,N/A
14853,54853,N/A
14854,54854,N/A
14855,54855,N/A
14856,54856,N/A
14857,54857,N/A
14858,54858,N/A
14859,54859,N/A
14860,54860,N/A
14861,54861,N/A
14862,54862,N/A
14863,54863,N/A
14864,54864,N/A
14865,54865,N/A
14866,54866,N/A
14867,54867,N/A
14868,54868,N/A
14869,54869,N/A
14870,54870,N/A
14871,54871,N/A
14872,54872,N/A
14873,54873,N/A
14874,54874,N/A
14875,54875,N/A
14876,54876,N/A
14877,54877,N/A
14878,54878,N/A
14879,54879,N/A
14880,54880,N/A
14881,54881,N/A
14882,54882,N/A
14883,54883,N/A
14884,54884,N/A
14885,54885,N/A
14886,54886,N/A
14887,54887,N/A
14888,54888,N/A
14889,54889,N/A
14890,54890,N/A
14891,54891,N/A
14892,54892,N/A
14893,54893,N/A
14894,54894,N/A
14895,54895,N/A
14896,54896,N/A
14897,54897,N/A
14898,54898,N/A
14899,54899,N/A
14900,54900,N/A
14901,54901,N/A
14902,54902,N/A
14903,54903,N/A
14904,54904,N/A
14905,54905,N/A
14906,54906,N/A
14907,54907,N/A
14908,54908,N/A
14909,54909,N/A
14910,54910,N/A
14911,54911,N/A
14912,54912,N/A
14913,54913,N/A
14914,54914,N/A
14915,54915,N/A
14916,54916,N/A
14917,54917,N/A
14918,54918,N/A
14919,54919,N/A
14920,54920,N/A
14921,54921,N/A
14922,54922,N/A
14923,54923,N/A
14924,54924,N/A
14925,54925,N/A
14926,54926,N/A
14927,54927,N/A
14928,54928,N/A
14929,54929,N/A
14930,54930,N/A
14931,54931,N/A
14932,54932,N/A
14933,54933,N/A
14934,54934,N/A
14935,54935,N/A
14936,54936,N/A
14937,54937,N/A
14938,54938,N/A
14939,54939,N/A
14940,54940,N/A
14941,54941,N/A
14942,54942,N/A
14943,54943,N/A
14944,54944,N/A
14945,54945,N/A
14946,54946,N/A
14947,54947,N/A
14948,54948,N/A
14949,54949,N/A
14950,54950,N/A
14951,54951,N/A
14952,54952,N/A
14953,54953,N/A
14954,54954,N/A
14955,54955,N/A
14956,54956,N/A
14957,54957,N/A
14958,54958,N/A
14959,54959,N/A
14960,54960,N/A
14961,54961,N/A
14962,54962,N/A
14963,54963,N/A
14964,54964,N/A
14965,54965,N/A
14966,54966,N/A
14967,54967,N/A
14968,54968,N/A
14969,54969,N/A
14970,54970,N/A
14971,54971,N/A
14972,54972,N/A
14973,54973,N/A
14974,54974,N/A
14975,54975,N/A
14976,54976,N/A
14977,54977,N/A
14978,54978,N/A
14979,54979,N/A
14980,54980,N/A
14981,54981,N/A
14982,54982,N/A
14983,54983,N/A
14984,54984,N/A
14985,54985,N/A
14986,54986,N/A
14987,54987,N/A
14988,54988,N/A
14989,54989,N/A
14990,54990,N/A
14991,54991,N/A
14992,54992,N/A
14993,54993,N/A
14994,54994,N/A
14995,54995,N/A
14996,54996,N/A
14997,54997,N/A
14998,54998,N/A
14999,54999,N/A
15000,55000,N/A
15001,55001,N/A
15002,55002,N/A
15003,55003,N/A
15004,55004,N/A
15005,55005,N/A
15006,55006,N/A
15007,55007,N/A
15008,55008,N/A
15009,55009,N/A
15010,55010,N/A
15011,55011,N/A
15012,55012,N/A
15013,55013,N/A
15014,55014,N/A
15015,55015,N/A
15016,55016,N/A
15017,55017,N/A
15018,55018,N/A
15019,55019,N/A
15020,55020,N/A
15021,55021,N/A
15022,55022,N/A
15023,55023,N/A
15024,55024,N/A
15025,55025,N/A
15026,55026,N/A
15027,55027,N/A
15028,55028,N/A
15029,55029,N/A
15030,55030,N/A
15031,55031,N/A
15032,55032,N/A
15033,55033,N/A
15034,55034,N/A
15035,55035,N/A
15036,55036,N/A
15037,55037,N/A
15038,55038,N/A
15039,55039,N/A
15040,55040,N/A
15041,55041,N/A
15042,55042,N/A
15043,55043,N/A
15044,55044,N/A
15045,55045,N/A
15046,55046,N/A
15047,55047,N/A
15048,55048,N/A
15049,55049,N/A
15050,55050,N/A
15051,55051,N/A
15052,55052,N/A
15053,55053,N/A
15054,55054,N/A
15055,55055,N/A
15056,55056,N/A
15057,55057,N/A
15058,55058,N/A
15059,55059,N/A
15060,55060,N/A
15061,55061,N/A
15062,55062,N/A
15063,55063,N/A
15064,55064,N/A
15065,55065,N/A
15066,55066,N/A
15067,55067,N/A
15068,55068,N/A
15069,55069,N/A
15070,55070,N/A
15071,55071,N/A
15072,55072,N/A
15073,55073,N/A
15074,55074,N/A
15075,55075,N/A
15076,55076,N/A
15077,55077,N/A
15078,55078,N/A
15079,55079,N/A
15080,55080,N/A
15081,55081,N/A
15082,55082,N/A
15083,55083,N/A
15084,55084,N/A
15085,55085,N/A
15086,55086,N/A
15087,55087,N/A
15088,55088,N/A
15089,55089,N/A
15090,55090,N/A
15091,55091,N/A
15092,55092,N/A
15093,55093,N/A
15094,55094,N/A
15095,55095,N/A
15096,55096,N/A
15097,55097,N/A
15098,55098,N/A
15099,55099,N/A
15100,55100,N/A
15101,55101,N/A
15102,55102,N/A
15103,55103,N/A
15104,55104,N/A
15105,55105,N/A
15106,55106,N/A
15107,55107,N/A
15108,55108,N/A
15109,55109,N/A
15110,55110,N/A
15111,55111,N/A
15112,55112,N/A
15113,55113,N/A
15114,55114,N/A
15115,55115,N/A
15116,55116,N/A
15117,55117,N/A
15118,55118,N/A
15119,55119,N/A
15120,55120,N/A
15121,55121,N/A
15122,55122,N/A
15123,55123,N/A
15124,55124,N/A
15125,55125,N/A
15126,55126,N/A
15127,55127,N/A
15128,55128,N/A
15129,55129,N/A
15130,55130,N/A
15131,55131,N/A
15132,55132,N/A
15133,55133,N/A
15134,55134,N/A
15135,55135,N/A
15136,55136,N/A
15137,55137,N/A
15138,55138,N/A
15139,55139,N/A
15140,55140,N/A
15141,55141,N/A
15142,55142,N/A
15143,55143,N/A
15144,55144,N/A
15145,55145,N/A
15146,55146,N/A
15147,55147,N/A
15148,55148,N/A
15149,55149,N/A
15150,55150,N/A
15151,55151,N/A
15152,55152,N/A
15153,55153,N/A
15154,55154,N/A
15155,55155,N/A
15156,55156,N/A
15157,55157,N/A
15158,55158,N/A
15159,55159,N/A
15160,55160,N/A
15161,55161,N/A
15162,55162,N/A
15163,55163,N/A
15164,55164,N/A
15165,55165,N/A
15166,55166,N/A
15167,55167,N/A
15168,55168,N/A
15169,55169,N/A
15170,55170,N/A
15171,55171,N/A
15172,55172,N/A
15173,55173,N/A
15174,55174,N/A
15175,55175,N/A
15176,55176,N/A
15177,55177,N/A
15178,55178,N/A
15179,55179,N/A
15180,55180,N/A
15181,55181,N/A
15182,55182,N/A
15183,55183,N/A
15184,55184,N/A
15185,55185,N/A
15186,55186,N/A
15187,55187,N/A
15188,55188,N/A
15189,55189,N/A
15190,55190,N/A
15191,55191,N/A
15192,55192,N/A
15193,55193,N/A
15194,55194,N/A
15195,55195,N/A
15196,55196,N/A
15197,55197,N/A
15198,55198,N/A
15199,55199,N/A
15200,55200,N/A
15201,55201,N/A
15202,55202,N/A
15203,55203,N/A
15204,55204,N/A
15205,55205,N/A
15206,55206,N/A
15207,55207,N/A
15208,55208,N/A
15209,55209,N/A
15210,55210,N/A
15211,55211,N/A
15212,55212,N/A
15213,55213,N/A
15214,55214,N/A
15215,55215,N/A
15216,55216,N/A
15217,55217,N/A
15218,55218,N/A
15219,55219,N/A
15220,55220,N/A
15221,55221,N/A
15222,55222,N/A
15223,55223,N/A
15224,55224,N/A
15225,55225,N/A
15226,55226,N/A
15227,55227,N/A
15228,55228,N/A
15229,55229,N/A
15230,55230,N/A
15231,55231,N/A
15232,55232,N/A
15233,55233,N/A
15234,55234,N/A
15235,55235,N/A
15236,55236,N/A
15237,55237,N/A
15238,55238,N/A
15239,55239,N/A
15240,55240,N/A
15241,55241,N/A
15242,55242,N/A
15243,55243,N/A
15244,55244,N/A
15245,55245,N/A
15246,55246,N/A
15247,55247,N/A
15248,55248,N/A
15249,55249,N/A
15250,55250,N/A
15251,55251,N/A
15252,55252,N/A
15253,55253,N/A
15254,55254,N/A
15255,55255,N/A
15256,55256,N/A
15257,55257,N/A
15258,55258,N/A
15259,55259,N/A
15260,55260,N/A
15261,55261,N/A
15262,55262,N/A
15263,55263,N/A
15264,55264,N/A
15265,55265,N/A
15266,55266,N/A
15267,55267,N/A
15268,55268,N/A
15269,55269,N/A
15270,55270,N/A
15271,55271,N/A
15272,55272,N/A
15273,55273,N/A
15274,55274,N/A
15275,55275,N/A
15276,55276,N/A
15277,55277,N/A
15278,55278,N/A
15279,55279,N/A
15280,55280,N/A
15281,55281,N/A
15282,55282,N/A
15283,55283,N/A
15284,55284,N/A
15285,55285,N/A
15286,55286,N/A
15287,55287,N/A
15288,55288,N/A
15289,55289,N/A
15290,55290,N/A
15291,55291,N/A
15292,55292,N/A
15293,55293,N/A
15294,55294,N/A
15295,55295,N/A
15296,55296,N/A
15297,55297,N/A
15298,55298,N/A
15299,55299,N/A
15300,55300,N/A
15301,55301,N/A
15302,55302,N/A
15303,55303,N/A
15304,55304,N/A
15305,55305,N/A
15306,55306,N/A
15307,55307,N/A
15308,55308,N/A
15309,55309,N/A
15310,55310,N/A
15311,55311,N/A
15312,55312,N/A
15313,55313,N/A
15314,55314,N/A
15315,55315,N/A
15316,55316,N/A
15317,55317,N/A
15318,55318,N/A
15319,55319,N/A
15320,55320,N/A
15321,55321,N/A
15322,55322,N/A
15323,55323,N/A
15324,55324,N/A
15325,55325,N/A
15326,55326,N/A
15327,55327,N/A
15328,55328,N/A
15329,55329,N/A
15330,55330,N/A
15331,55331,N/A
15332,55332,N/A
15333,55333,N/A
15334,55334,N/A
15335,55335,N/A
15336,55336,N/A
15337,55337,N/A
15338,55338,N/A
15339,55339,N/A
15340,55340,N/A
15341,55341,N/A
15342,55342,N/A
15343,55343,N/A
15344,55344,N/A
15345,55345,N/A
15346,55346,N/A
15347,55347,N/A
15348,55348,N/A
15349,55349,N/A
15350,55350,N/A
15351,55351,N/A
15352,55352,N/A
15353,55353,N/A
15354,55354,N/A
15355,55355,N/A
15356,55356,N/A
15357,55357,N/A
15358,55358,N/A
15359,55359,N/A
15360,55360,N/A
15361,55361,N/A
15362,55362,N/A
15363,55363,N/A
15364,55364,N/A
15365,55365,N/A
15366,55366,N/A
15367,55367,N/A
15368,55368,N/A
15369,55369,N/A
15370,55370,N/A
15371,55371,N/A
15372,55372,N/A
15373,55373,N/A
15374,55374,N/A
15375,55375,N/A
15376,55376,N/A
15377,55377,N/A
15378,55378,N/A
15379,55379,N/A
15380,55380,N/A
15381,55381,N/A
15382,55382,N/A
15383,55383,N/A
15384,55384,N/A
15385,55385,N/A
15386,55386,N/A
15387,55387,N/A
15388,55388,N/A
15389,55389,N/A
15390,55390,N/A
15391,55391,N/A
15392,55392,N/A
15393,55393,N/A
15394,55394,N/A
15395,55395,N/A
15396,55396,N/A
15397,55397,N/A
15398,55398,N/A
15399,55399,N/A
15400,55400,N/A
15401,55401,N/A
15402,55402,N/A
15403,55403,N/A
15404,55404,N/A
15405,55405,N/A
15406,55406,N/A
15407,55407,N/A
15408,55408,N/A
15409,55409,N/A
15410,55410,N/A
15411,55411,N/A
15412,55412,N/A
15413,55413,N/A
15414,55414,N/A
15415,55415,N/A
15416,55416,N/A
15417,55417,N/A
15418,55418,N/A
15419,55419,N/A
15420,55420,N/A
15421,55421,N/A
15422,55422,N/A
15423,55423,N/A
15424,55424,N/A
15425,55425,N/A
15426,55426,N/A
15427,55427,N/A
15428,55428,N/A
15429,55429,N/A
15430,55430,N/A
15431,55431,N/A
15432,55432,N/A
15433,55433,N/A
15434,55434,N/A
15435,55435,N/A
15436,55436,N/A
15437,55437,N/A
15438,55438,N/A
15439,55439,N/A
15440,55440,N/A
15441,55441,N/A
15442,55442,N/A
15443,55443,N/A
15444,55444,N/A
15445,55445,N/A
15446,55446,N/A
15447,55447,N/A
15448,55448,N/A
15449,55449,N/A
15450,55450,N/A
15451,55451,N/A
15452,55452,N/A
15453,55453,N/A
15454,55454,N/A
15455,55455,N/A
15456,55456,N/A
15457,55457,N/A
15458,55458,N/A
15459,55459,N/A
15460,55460,N/A
15461,55461,N/A
15462,55462,N/A
15463,55463,N/A
15464,55464,N/A
15465,55465,N/A
15466,55466,N/A
15467,55467,N/A
15468,55468,N/A
15469,55469,N/A
15470,55470,N/A
15471,55471,N/A
15472,55472,N/A
15473,55473,N/A
15474,55474,N/A
15475,55475,N/A
15476,55476,N/A
15477,55477,N/A
15478,55478,N/A
15479,55479,N/A
15480,55480,N/A
15481,55481,N/A
15482,55482,N/A
15483,55483,N/A
15484,55484,N/A
15485,55485,N/A
15486,55486,N/A
15487,55487,N/A
15488,55488,N/A
15489,55489,N/A
15490,55490,N/A
15491,55491,N/A
15492,55492,N/A
15493,55493,N/A
15494,55494,N/A
15495,55495,N/A
15496,55496,N/A
15497,55497,N/A
15498,55498,N/A
15499,55499,N/A
15500,55500,N/A
15501,55501,N/A
15502,55502,N/A
15503,55503,N/A
15504,55504,N/A
15505,55505,N/A
15506,55506,N/A
15507,55507,N/A
15508,55508,N/A
15509,55509,N/A
15510,55510,N/A
15511,55511,N/A
15512,55512,N/A
15513,55513,N/A
15514,55514,N/A
15515,55515,N/A
15516,55516,N/A
15517,55517,N/A
15518,55518,N/A
15519,55519,N/A
15520,55520,N/A
15521,55521,N/A
15522,55522,N/A
15523,55523,N/A
15524,55524,N/A
15525,55525,N/A
15526,55526,N/A
15527,55527,N/A
15528,55528,N/A
15529,55529,N/A
15530,55530,N/A
15531,55531,N/A
15532,55532,N/A
15533,55533,N/A
15534,55534,N/A
15535,55535,N/A
15536,55536,N/A
15537,55537,N/A
15538,55538,N/A
15539,55539,N/A
15540,55540,N/A
15541,55541,N/A
15542,55542,N/A
15543,55543,N/A
15544,55544,N/A
15545,55545,N/A
15546,55546,N/A
15547,55547,N/A
15548,55548,N/A
15549,55549,N/A
15550,55550,N/A
15551,55551,N/A
15552,55552,N/A
15553,55553,N/A
15554,55554,N/A
15555,55555,N/A
15556,55556,N/A
15557,55557,N/A
15558,55558,N/A
15559,55559,N/A
15560,55560,N/A
15561,55561,N/A
15562,55562,N/A
15563,55563,N/A
15564,55564,N/A
15565,55565,N/A
15566,55566,N/A
15567,55567,N/A
15568,55568,N/A
15569,55569,N/A
15570,55570,N/A
15571,55571,N/A
15572,55572,N/A
15573,55573,N/A
15574,55574,N/A
15575,55575,N/A
15576,55576,N/A
15577,55577,N/A
15578,55578,N/A
15579,55579,N/A
15580,55580,N/A
15581,55581,N/A
15582,55582,N/A
15583,55583,N/A
15584,55584,N/A
15585,55585,N/A
15586,55586,N/A
15587,55587,N/A
15588,55588,N/A
15589,55589,N/A
15590,55590,N/A
15591,55591,N/A
15592,55592,N/A
15593,55593,N/A
15594,55594,N/A
15595,55595,N/A
15596,55596,N/A
15597,55597,N/A
15598,55598,N/A
15599,55599,N/A
15600,55600,N/A
15601,55601,N/A
15602,55602,N/A
15603,55603,N/A
15604,55604,N/A
15605,55605,N/A
15606,55606,N/A
15607,55607,N/A
15608,55608,N/A
15609,55609,N/A
15610,55610,N/A
15611,55611,N/A
15612,55612,N/A
15613,55613,N/A
15614,55614,N/A
15615,55615,N/A
15616,55616,N/A
15617,55617,N/A
15618,55618,N/A
15619,55619,N/A
15620,55620,N/A
15621,55621,N/A
15622,55622,N/A
15623,55623,N/A
15624,55624,N/A
15625,55625,N/A
15626,55626,N/A
15627,55627,N/A
15628,55628,N/A
15629,55629,N/A
15630,55630,N/A
15631,55631,N/A
15632,55632,N/A
15633,55633,N/A
15634,55634,N/A
15635,55635,N/A
15636,55636,N/A
15637,55637,N/A
15638,55638,N/A
15639,55639,N/A
15640,55640,N/A
15641,55641,N/A
15642,55642,N/A
15643,55643,N/A
15644,55644,N/A
15645,55645,N/A
15646,55646,N/A
15647,55647,N/A
15648,55648,N/A
15649,55649,N/A
15650,55650,N/A
15651,55651,N/A
15652,55652,N/A
15653,55653,N/A
15654,55654,N/A
15655,55655,N/A
15656,55656,N/A
15657,55657,N/A
15658,55658,N/A
15659,55659,N/A
15660,55660,N/A
15661,55661,N/A
15662,55662,N/A
15663,55663,N/A
15664,55664,N/A
15665,55665,N/A
15666,55666,N/A
15667,55667,N/A
15668,55668,N/A
15669,55669,N/A
15670,55670,N/A
15671,55671,N/A
15672,55672,N/A
15673,55673,N/A
15674,55674,N/A
15675,55675,N/A
15676,55676,N/A
15677,55677,N/A
15678,55678,N/A
15679,55679,N/A
15680,55680,N/A
15681,55681,N/A
15682,55682,N/A
15683,55683,N/A
15684,55684,N/A
15685,55685,N/A
15686,55686,N/A
15687,55687,N/A
15688,55688,N/A
15689,55689,N/A
15690,55690,N/A
15691,55691,N/A
15692,55692,N/A
15693,55693,N/A
15694,55694,N/A
15695,55695,N/A
15696,55696,N/A
15697,55697,N/A
15698,55698,N/A
15699,55699,N/A
15700,55700,N/A
15701,55701,N/A
15702,55702,N/A
15703,55703,N/A
15704,55704,N/A
15705,55705,N/A
15706,55706,N/A
15707,55707,N/A
15708,55708,N/A
15709,55709,N/A
15710,55710,N/A
15711,55711,N/A
15712,55712,N/A
15713,55713,N/A
15714,55714,N/A
15715,55715,N/A
15716,55716,N/A
15717,55717,N/A
15718,55718,N/A
15719,55719,N/A
15720,55720,N/A
15721,55721,N/A
15722,55722,N/A
15723,55723,N/A
15724,55724,N/A
15725,55725,N/A
15726,55726,N/A
15727,55727,N/A
15728,55728,N/A
15729,55729,N/A
15730,55730,N/A
15731,55731,N/A
15732,55732,N/A
15733,55733,N/A
15734,55734,N/A
15735,55735,N/A
15736,55736,N/A
15737,55737,N/A
15738,55738,N/A
15739,55739,N/A
15740,55740,N/A
15741,55741,N/A
15742,55742,N/A
15743,55743,N/A
15744,55744,N/A
15745,55745,N/A
15746,55746,N/A
15747,55747,N/A
15748,55748,N/A
15749,55749,N/A
15750,55750,N/A
15751,55751,N/A
15752,55752,N/A
15753,55753,N/A
15754,55754,N/A
15755,55755,N/A
15756,55756,N/A
15757,55757,N/A
15758,55758,N/A
15759,55759,N/A
15760,55760,N/A
15761,55761,N/A
15762,55762,N/A
15763,55763,N/A
15764,55764,N/A
15765,55765,N/A
15766,55766,N/A
15767,55767,N/A
15768,55768,N/A
15769,55769,N/A
15770,55770,N/A
15771,55771,N/A
15772,55772,N/A
15773,55773,N/A
15774,55774,N/A
15775,55775,N/A
15776,55776,N/A
15777,55777,N/A
15778,55778,N/A
15779,55779,N/A
15780,55780,N/A
15781,55781,N/A
15782,55782,N/A
15783,55783,N/A
15784,55784,N/A
15785,55785,N/A
15786,55786,N/A
15787,55787,N/A
15788,55788,N/A
15789,55789,N/A
15790,55790,N/A
15791,55791,N/A
15792,55792,N/A
15793,55793,N/A
15794,55794,N/A
15795,55795,N/A
15796,55796,N/A
15797,55797,N/A
15798,55798,N/A
15799,55799,N/A
15800,55800,N/A
15801,55801,N/A
15802,55802,N/A
15803,55803,N/A
15804,55804,N/A
15805,55805,N/A
15806,55806,N/A
15807,55807,N/A
15808,55808,N/A
15809,55809,N/A
15810,55810,N/A
15811,55811,N/A
15812,55812,N/A
15813,55813,N/A
15814,55814,N/A
15815,55815,N/A
15816,55816,N/A
15817,55817,N/A
15818,55818,N/A
15819,55819,N/A
15820,55820,N/A
15821,55821,N/A
15822,55822,N/A
15823,55823,N/A
15824,55824,N/A
15825,55825,N/A
15826,55826,N/A
15827,55827,N/A
15828,55828,N/A
15829,55829,N/A
15830,55830,N/A
15831,55831,N/A
15832,55832,N/A
15833,55833,N/A
15834,55834,N/A
15835,55835,N/A
15836,55836,N/A
15837,55837,N/A
15838,55838,N/A
15839,55839,N/A
15840,55840,N/A
15841,55841,N/A
15842,55842,N/A
15843,55843,N/A
15844,55844,N/A
15845,55845,N/A
15846,55846,N/A
15847,55847,N/A
15848,55848,N/A
15849,55849,N/A
15850,55850,N/A
15851,55851,N/A
15852,55852,N/A
15853,55853,N/A
15854,55854,N/A
15855,55855,N/A
15856,55856,N/A
15857,55857,N/A
15858,55858,N/A
15859,55859,N/A
15860,55860,N/A
15861,55861,N/A
15862,55862,N/A
15863,55863,N/A
15864,55864,N/A
15865,55865,N/A
15866,55866,N/A
15867,55867,N/A
15868,55868,N/A
15869,55869,N/A
15870,55870,N/A
15871,55871,N/A
15872,55872,N/A
15873,55873,N/A
15874,55874,N/A
15875,55875,N/A
15876,55876,N/A
15877,55877,N/A
15878,55878,N/A
15879,55879,N/A
15880,55880,N/A
15881,55881,N/A
15882,55882,N/A
15883,55883,N/A
15884,55884,N/A
15885,55885,N/A
15886,55886,N/A
15887,55887,N/A
15888,55888,N/A
15889,55889,N/A
15890,55890,N/A
15891,55891,N/A
15892,55892,N/A
15893,55893,N/A
15894,55894,N/A
15895,55895,N/A
15896,55896,N/A
15897,55897,N/A
15898,55898,N/A
15899,55899,N/A
15900,55900,N/A
15901,55901,N/A
15902,55902,N/A
15903,55903,N/A
15904,55904,N/A
15905,55905,N/A
15906,55906,N/A
15907,55907,N/A
15908,55908,N/A
15909,55909,N/A
15910,55910,N/A
15911,55911,N/A
15912,55912,N/A
15913,55913,N/A
15914,55914,N/A
15915,55915,N/A
15916,55916,N/A
15917,55917,N/A
15918,55918,N/A
15919,55919,N/A
15920,55920,N/A
15921,55921,N/A
15922,55922,N/A
15923,55923,N/A
15924,55924,N/A
15925,55925,N/A
15926,55926,N/A
15927,55927,N/A
15928,55928,N/A
15929,55929,N/A
15930,55930,N/A
15931,55931,N/A
15932,55932,N/A
15933,55933,N/A
15934,55934,N/A
15935,55935,N/A
15936,55936,N/A
15937,55937,N/A
15938,55938,N/A
15939,55939,N/A
15940,55940,N/A
15941,55941,N/A
15942,55942,N/A
15943,55943,N/A
15944,55944,N/A
15945,55945,N/A
15946,55946,N/A
15947,55947,N/A
15948,55948,N/A
15949,55949,N/A
15950,55950,N/A
15951,55951,N/A
15952,55952,N/A
15953,55953,N/A
15954,55954,N/A
15955,55955,N/A
15956,55956,N/A
15957,55957,N/A
15958,55958,N/A
15959,55959,N/A
15960,55960,N/A
15961,55961,N/A
15962,55962,N/A
15963,55963,N/A
15964,55964,N/A
15965,55965,N/A
15966,55966,N/A
15967,55967,N/A
15968,55968,N/A
15969,55969,N/A
15970,55970,N/A
15971,55971,N/A
15972,55972,N/A
15973,55973,N/A
15974,55974,N/A
15975,55975,N/A
15976,55976,N/A
15977,55977,N/A
15978,55978,N/A
15979,55979,N/A
15980,55980,N/A
15981,55981,N/A
15982,55982,N/A
15983,55983,N/A
15984,55984,N/A
15985,55985,N/A
15986,55986,N/A
15987,55987,N/A
15988,55988,N/A
15989,55989,N/A
15990,55990,N/A
15991,55991,N/A
15992,55992,N/A
15993,55993,N/A
15994,55994,N/A
15995,55995,N/A
15996,55996,N/A
15997,55997,N/A
15998,55998,N/A
15999,55999,N/A
16000,56000,N/A
16001,56001,N/A
16002,56002,N/A
16003,56003,N/A
16004,56004,N/A
16005,56005,N/A
16006,56006,N/A
16007,56007,N/A
16008,56008,N/A
16009,56009,N/A
16010,56010,N/A
16011,56011,N/A
16012,56012,N/A
16013,56013,N/A
16014,56014,N/A
16015,56015,N/A
16016,56016,N/A
16017,56017,N/A
16018,56018,N/A
16019,56019,N/A
16020,56020,N/A
16021,56021,N/A
16022,56022,N/A
16023,56023,N/A
16024,56024,N/A
16025,56025,N/A
16026,56026,N/A
16027,56027,N/A
16028,56028,N/A
16029,56029,N/A
16030,56030,N/A
16031,56031,N/A
16032,56032,N/A
16033,56033,N/A
16034,56034,N/A
16035,56035,N/A
16036,56036,N/A
16037,56037,N/A
16038,56038,N/A
16039,56039,N/A
16040,56040,N/A
16041,56041,N/A
16042,56042,N/A
16043,56043,N/A
16044,56044,N/A
16045,56045,N/A
16046,56046,N/A
16047,56047,N/A
16048,56048,N/A
16049,56049,N/A
16050,56050,N/A
16051,56051,N/A
16052,56052,N/A
16053,56053,N/A
16054,56054,N/A
16055,56055,N/A
16056,56056,N/A
16057,56057,N/A
16058,56058,N/A
16059,56059,N/A
16060,56060,N/A
16061,56061,N/A
16062,56062,N/A
16063,56063,N/A
16064,56064,N/A
16065,56065,N/A
16066,56066,N/A
16067,56067,N/A
16068,56068,N/A
16069,56069,N/A
16070,56070,N/A
16071,56071,N/A
16072,56072,N/A
16073,56073,N/A
16074,56074,N/A
16075,56075,N/A
16076,56076,N/A
16077,56077,N/A
16078,56078,N/A
16079,56079,N/A
16080,56080,N/A
16081,56081,N/A
16082,56082,N/A
16083,56083,N/A
16084,56084,N/A
16085,56085,N/A
16086,56086,N/A
16087,56087,N/A
16088,56088,N/A
16089,56089,N/A
16090,56090,N/A
16091,56091,N/A
16092,56092,N/A
16093,56093,N/A
16094,56094,N/A
16095,56095,N/A
16096,56096,N/A
16097,56097,N/A
16098,56098,N/A
16099,56099,N/A
16100,56100,N/A
16101,56101,N/A
16102,56102,N/A
16103,56103,N/A
16104,56104,N/A
16105,56105,N/A
16106,56106,N/A
16107,56107,N/A
16108,56108,N/A
16109,56109,N/A
16110,56110,N/A
16111,56111,N/A
16112,56112,N/A
16113,56113,N/A
16114,56114,N/A
16115,56115,N/A
16116,56116,N/A
16117,56117,N/A
16118,56118,N/A
16119,56119,N/A
16120,56120,N/A
16121,56121,N/A
16122,56122,N/A
16123,56123,N/A
16124,56124,N/A
16125,56125,N/A
16126,56126,N/A
16127,56127,N/A
16128,56128,N/A
16129,56129,N/A
16130,56130,N/A
16131,56131,N/A
16132,56132,N/A
16133,56133,N/A
16134,56134,N/A
16135,56135,N/A
16136,56136,N/A
16137,56137,N/A
16138,56138,N/A
16139,56139,N/A
16140,56140,N/A
16141,56141,N/A
16142,56142,N/A
16143,56143,N/A
16144,56144,N/A
16145,56145,N/A
16146,56146,N/A
16147,56147,N/A
16148,56148,N/A
16149,56149,N/A
16150,56150,N/A
16151,56151,N/A
16152,56152,N/A
16153,56153,N/A
16154,56154,N/A
16155,56155,N/A
16156,56156,N/A
16157,56157,N/A
16158,56158,N/A
16159,56159,N/A
16160,56160,N/A
16161,56161,N/A
16162,56162,N/A
16163,56163,N/A
16164,56164,N/A
16165,56165,N/A
16166,56166,N/A
16167,56167,N/A
16168,56168,N/A
16169,56169,N/A
16170,56170,N/A
16171,56171,N/A
16172,56172,N/A
16173,56173,N/A
16174,56174,N/A
16175,56175,N/A
16176,56176,N/A
16177,56177,N/A
16178,56178,N/A
16179,56179,N/A
16180,56180,N/A
16181,56181,N/A
16182,56182,N/A
16183,56183,N/A
16184,56184,N/A
16185,56185,N/A
16186,56186,N/A
16187,56187,N/A
16188,56188,N/A
16189,56189,N/A
16190,56190,N/A
16191,56191,N/A
16192,56192,N/A
16193,56193,N/A
16194,56194,N/A
16195,56195,N/A
16196,56196,N/A
16197,56197,N/A
16198,56198,N/A
16199,56199,N/A
16200,56200,N/A
16201,56201,N/A
16202,56202,N/A
16203,56203,N/A
16204,56204,N/A
16205,56205,N/A
16206,56206,N/A
16207,56207,N/A
16208,56208,N/A
16209,56209,N/A
16210,56210,N/A
16211,56211,N/A
16212,56212,N/A
16213,56213,N/A
16214,56214,N/A
16215,56215,N/A
16216,56216,N/A
16217,56217,N/A
16218,56218,N/A
16219,56219,N/A
16220,56220,N/A
16221,56221,N/A
16222,56222,N/A
16223,56223,N/A
16224,56224,N/A
16225,56225,N/A
16226,56226,N/A
16227,56227,N/A
16228,56228,N/A
16229,56229,N/A
16230,56230,N/A
16231,56231,N/A
16232,56232,N/A
16233,56233,N/A
16234,56234,N/A
16235,56235,N/A
16236,56236,N/A
16237,56237,N/A
16238,56238,N/A
16239,56239,N/A
16240,56240,N/A
16241,56241,N/A
16242,56242,N/A
16243,56243,N/A
16244,56244,N/A
16245,56245,N/A
16246,56246,N/A
16247,56247,N/A
16248,56248,N/A
16249,56249,N/A
16250,56250,N/A
16251,56251,N/A
16252,56252,N/A
16253,56253,N/A
16254,56254,N/A
16255,56255,N/A
16256,56256,N/A
16257,56257,N/A
16258,56258,N/A
16259,56259,N/A
16260,56260,N/A
16261,56261,N/A
16262,56262,N/A
16263,56263,N/A
16264,56264,N/A
16265,56265,N/A
16266,56266,N/A
16267,56267,N/A
16268,56268,N/A
16269,56269,N/A
16270,56270,N/A
16271,56271,N/A
16272,56272,N/A
16273,56273,N/A
16274,56274,N/A
16275,56275,N/A
16276,56276,N/A
16277,56277,N/A
16278,56278,N/A
16279,56279,N/A
16280,56280,N/A
16281,56281,N/A
16282,56282,N/A
16283,56283,N/A
16284,56284,N/A
16285,56285,N/A
16286,56286,N/A
16287,56287,N/A
16288,56288,N/A
16289,56289,N/A
16290,56290,N/A
16291,56291,N/A
16292,56292,N/A
16293,56293,N/A
16294,56294,N/A
16295,56295,N/A
16296,56296,N/A
16297,56297,N/A
16298,56298,N/A
16299,56299,N/A
16300,56300,N/A
16301,56301,N/A
16302,56302,N/A
16303,56303,N/A
16304,56304,N/A
16305,56305,N/A
16306,56306,N/A
16307,56307,N/A
16308,56308,N/A
16309,56309,N/A
16310,56310,N/A
16311,56311,N/A
16312,56312,N/A
16313,56313,N/A
16314,56314,N/A
16315,56315,N/A
16316,56316,N/A
16317,56317,N/A
16318,56318,N/A
16319,56319,N/A
16320,56320,N/A
16321,56321,N/A
16322,56322,N/A
16323,56323,N/A
16324,56324,N/A
16325,56325,N/A
16326,56326,N/A
16327,56327,N/A
16328,56328,N/A
16329,56329,N/A
16330,56330,N/A
16331,56331,N/A
16332,56332,N/A
16333,56333,N/A
16334,56334,N/A
16335,56335,N/A
16336,56336,N/A
16337,56337,N/A
16338,56338,N/A
16339,56339,N/A
16340,56340,N/A
16341,56341,N/A
16342,56342,N/A
16343,56343,N/A
16344,56344,N/A
16345,56345,N/A
16346,56346,N/A
16347,56347,N/A
16348,56348,N/A
16349,56349,N/A
16350,56350,N/A
16351,56351,N/A
16352,56352,N/A
16353,56353,N/A
16354,56354,N/A
16355,56355,N/A
16356,56356,N/A
16357,56357,N/A
16358,56358,N/A
16359,56359,N/A
16360,56360,N/A
16361,56361,N/A
16362,56362,N/A
16363,56363,N/A
16364,56364,N/A
16365,56365,N/A
16366,56366,N/A
16367,56367,N/A
16368,56368,N/A
16369,56369,N/A
16370,56370,N/A
16371,56371,N/A
16372,56372,N/A
16373,56373,N/A
16374,56374,N/A
16375,56375,N/A
16376,56376,N/A
16377,56377,N/A
16378,56378,N/A
16379,56379,N/A
16380,56380,N/A
16381,56381,N/A
16382,56382,N/A
16383,56383,N/A
16384,56384,N/A
16385,56385,N/A
16386,56386,N/A
16387,56387,N/A
16388,56388,N/A
16389,56389,N/A
16390,56390,N/A
16391,56391,N/A
16392,56392,N/A
16393,56393,N/A
16394,56394,N/A
16395,56395,N/A
16396,56396,N/A
16397,56397,N/A
16398,56398,N/A
16399,56399,N/A
16400,56400,N/A
16401,56401,N/A
16402,56402,N/A
16403,56403,N/A
16404,56404,N/A
16405,56405,N/A
16406,56406,N/A
16407,56407,N/A
16408,56408,N/A
16409,56409,N/A
16410,56410,N/A
16411,56411,N/A
16412,56412,N/A
16413,56413,N/A
16414,56414,N/A
16415,56415,N/A
16416,56416,N/A
16417,56417,N/A
16418,56418,N/A
16419,56419,N/A
16420,56420,N/A
16421,56421,N/A
16422,56422,N/A
16423,56423,N/A
16424,56424,N/A
16425,56425,N/A
16426,56426,N/A
16427,56427,N/A
16428,56428,N/A
16429,56429,N/A
16430,56430,N/A
16431,56431,N/A
16432,56432,N/A
16433,56433,N/A
16434,56434,N/A
16435,56435,N/A
16436,56436,N/A
16437,56437,N/A
16438,56438,N/A
16439,56439,N/A
16440,56440,N/A
16441,56441,N/A
16442,56442,N/A
16443,56443,N/A
16444,56444,N/A
16445,56445,N/A
16446,56446,N/A
16447,56447,N/A
16448,56448,N/A
16449,56449,N/A
16450,56450,N/A
16451,56451,N/A
16452,56452,N/A
16453,56453,N/A
16454,56454,N/A
16455,56455,N/A
16456,56456,N/A
16457,56457,N/A
16458,56458,N/A
16459,56459,N/A
16460,56460,N/A
16461,56461,N/A
16462,56462,N/A
16463,56463,N/A
16464,56464,N/A
16465,56465,N/A
16466,56466,N/A
16467,56467,N/A
16468,56468,N/A
16469,56469,N/A
16470,56470,N/A
16471,56471,N/A
16472,56472,N/A
16473,56473,N/A
16474,56474,N/A
16475,56475,N/A
16476,56476,N/A
16477,56477,N/A
16478,56478,N/A
16479,56479,N/A
16480,56480,N/A
16481,56481,N/A
16482,56482,N/A
16483,56483,N/A
16484,56484,N/A
16485,56485,N/A
16486,56486,N/A
16487,56487,N/A
16488,56488,N/A
16489,56489,N/A
16490,56490,N/A
16491,56491,N/A
16492,56492,N/A
16493,56493,N/A
16494,56494,N/A
16495,56495,N/A
16496,56496,N/A
16497,56497,N/A
16498,56498,N/A
16499,56499,N/A
16500,56500,N/A
16501,56501,N/A
16502,56502,N/A
16503,56503,N/A
16504,56504,N/A
16505,56505,N/A
16506,56506,N/A
16507,56507,N/A
16508,56508,N/A
16509,56509,N/A
16510,56510,N/A
16511,56511,N/A
16512,56512,N/A
16513,56513,N/A
16514,56514,N/A
16515,56515,N/A
16516,56516,N/A
16517,56517,N/A
16518,56518,N/A
16519,56519,N/A
16520,56520,N/A
16521,56521,N/A
16522,56522,N/A
16523,56523,N/A
16524,56524,N/A
16525,56525,N/A
16526,56526,N/A
16527,56527,N/A
16528,56528,N/A
16529,56529,N/A
16530,56530,N/A
16531,56531,N/A
16532,56532,N/A
16533,56533,N/A
16534,56534,N/A
16535,56535,N/A
16536,56536,N/A
16537,56537,N/A
16538,56538,N/A
16539,56539,N/A
16540,56540,N/A
16541,56541,N/A
16542,56542,N/A
16543,56543,N/A
16544,56544,N/A
16545,56545,N/A
16546,56546,N/A
16547,56547,N/A
16548,56548,N/A
16549,56549,N/A
16550,56550,N/A
16551,56551,N/A
16552,56552,N/A
16553,56553,N/A
16554,56554,N/A
16555,56555,N/A
16556,56556,N/A
16557,56557,N/A
16558,56558,N/A
16559,56559,N/A
16560,56560,N/A
16561,56561,N/A
16562,56562,N/A
16563,56563,N/A
16564,56564,N/A
16565,56565,N/A
16566,56566,N/A
16567,56567,N/A
16568,56568,N/A
16569,56569,N/A
16570,56570,N/A
16571,56571,N/A
16572,56572,N/A
16573,56573,N/A
16574,56574,N/A
16575,56575,N/A
16576,56576,N/A
16577,56577,N/A
16578,56578,N/A
16579,56579,N/A
16580,56580,N/A
16581,56581,N/A
16582,56582,N/A
16583,56583,N/A
16584,56584,N/A
16585,56585,N/A
16586,56586,N/A
16587,56587,N/A
16588,56588,N/A
16589,56589,N/A
16590,56590,N/A
16591,56591,N/A
16592,56592,N/A
16593,56593,N/A
16594,56594,N/A
16595,56595,N/A
16596,56596,N/A
16597,56597,N/A
16598,56598,N/A
16599,56599,N/A
16600,56600,N/A
16601,56601,N/A
16602,56602,N/A
16603,56603,N/A
16604,56604,N/A
16605,56605,N/A
16606,56606,N/A
16607,56607,N/A
16608,56608,N/A
16609,56609,N/A
16610,56610,N/A
16611,56611,N/A
16612,56612,N/A
16613,56613,N/A
16614,56614,N/A
16615,56615,N/A
16616,56616,N/A
16617,56617,N/A
16618,56618,N/A
16619,56619,N/A
16620,56620,N/A
16621,56621,N/A
16622,56622,N/A
16623,56623,N/A
16624,56624,N/A
16625,56625,N/A
16626,56626,N/A
16627,56627,N/A
16628,56628,N/A
16629,56629,N/A
16630,56630,N/A
16631,56631,N/A
16632,56632,N/A
16633,56633,N/A
16634,56634,N/A
16635,56635,N/A
16636,56636,N/A
16637,56637,N/A
16638,56638,N/A
16639,56639,N/A
16640,56640,N/A
16641,56641,N/A
16642,56642,N/A
16643,56643,N/A
16644,56644,N/A
16645,56645,N/A
16646,56646,N/A
16647,56647,N/A
16648,56648,N/A
16649,56649,N/A
16650,56650,N/A
16651,56651,N/A
16652,56652,N/A
16653,56653,N/A
16654,56654,N/A
16655,56655,N/A
16656,56656,N/A
16657,56657,N/A
16658,56658,N/A
16659,56659,N/A
16660,56660,N/A
16661,56661,N/A
16662,56662,N/A
16663,56663,N/A
16664,56664,N/A
16665,56665,N/A
16666,56666,N/A
16667,56667,N/A
16668,56668,N/A
16669,56669,N/A
16670,56670,N/A
16671,56671,N/A
16672,56672,N/A
16673,56673,N/A
16674,56674,N/A
16675,56675,N/A
16676,56676,N/A
16677,56677,N/A
16678,56678,N/A
16679,56679,N/A
16680,56680,N/A
16681,56681,N/A
16682,56682,N/A
16683,56683,N/A
16684,56684,N/A
16685,56685,N/A
16686,56686,N/A
16687,56687,N/A
16688,56688,N/A
16689,56689,N/A
16690,56690,N/A
16691,56691,N/A
16692,56692,N/A
16693,56693,N/A
16694,56694,N/A
16695,56695,N/A
16696,56696,N/A
16697,56697,N/A
16698,56698,N/A
16699,56699,N/A
16700,56700,N/A
16701,56701,N/A
16702,56702,N/A
16703,56703,N/A
16704,56704,N/A
16705,56705,N/A
16706,56706,N/A
16707,56707,N/A
16708,56708,N/A
16709,56709,N/A
16710,56710,N/A
16711,56711,N/A
16712,56712,N/A
16713,56713,N/A
16714,56714,N/A
16715,56715,N/A
16716,56716,N/A
16717,56717,N/A
16718,56718,N/A
16719,56719,N/A
16720,56720,N/A
16721,56721,N/A
16722,56722,N/A
16723,56723,N/A
16724,56724,N/A
16725,56725,N/A
16726,56726,N/A
16727,56727,N/A
16728,56728,N/A
16729,56729,N/A
16730,56730,N/A
16731,56731,N/A
16732,56732,N/A
16733,56733,N/A
16734,56734,N/A
16735,56735,N/A
16736,56736,N/A
16737,56737,N/A
16738,56738,N/A
16739,56739,N/A
16740,56740,N/A
16741,56741,N/A
16742,56742,N/A
16743,56743,N/A
16744,56744,N/A
16745,56745,N/A
16746,56746,N/A
16747,56747,N/A
16748,56748,N/A
16749,56749,N/A
16750,56750,N/A
16751,56751,N/A
16752,56752,N/A
16753,56753,N/A
16754,56754,N/A
16755,56755,N/A
16756,56756,N/A
16757,56757,N/A
16758,56758,N/A
16759,56759,N/A
16760,56760,N/A
16761,56761,N/A
16762,56762,N/A
16763,56763,N/A
16764,56764,N/A
16765,56765,N/A
16766,56766,N/A
16767,56767,N/A
16768,56768,N/A
16769,56769,N/A
16770,56770,N/A
16771,56771,N/A
16772,56772,N/A
16773,56773,N/A
16774,56774,N/A
16775,56775,N/A
16776,56776,N/A
16777,56777,N/A
16778,56778,N/A
16779,56779,N/A
16780,56780,N/A
16781,56781,N/A
16782,56782,N/A
16783,56783,N/A
16784,56784,N/A
16785,56785,N/A
16786,56786,N/A
16787,56787,N/A
16788,56788,N/A
16789,56789,N/A
16790,56790,N/A
16791,56791,N/A
16792,56792,N/A
16793,56793,N/A
16794,56794,N/A
16795,56795,N/A
16796,56796,N/A
16797,56797,N/A
16798,56798,N/A
16799,56799,N/A
16800,56800,N/A
16801,56801,N/A
16802,56802,N/A
16803,56803,N/A
16804,56804,N/A
16805,56805,N/A
16806,56806,N/A
16807,56807,N/A
16808,56808,N/A
16809,56809,N/A
16810,56810,N/A
16811,56811,N/A
16812,56812,N/A
16813,56813,N/A
16814,56814,N/A
16815,56815,N/A
16816,56816,N/A
16817,56817,N/A
16818,56818,N/A
16819,56819,N/A
16820,56820,N/A
16821,56821,N/A
16822,56822,N/A
16823,56823,N/A
16824,56824,N/A
16825,56825,N/A
16826,56826,N/A
16827,56827,N/A
16828,56828,N/A
16829,56829,N/A
16830,56830,N/A
16831,56831,N/A
16832,56832,N/A
16833,56833,N/A
16834,56834,N/A
16835,56835,N/A
16836,56836,N/A
16837,56837,N/A
16838,56838,N/A
16839,56839,N/A
16840,56840,N/A
16841,56841,N/A
16842,56842,N/A
16843,56843,N/A
16844,56844,N/A
16845,56845,N/A
16846,56846,N/A
16847,56847,N/A
16848,56848,N/A
16849,56849,N/A
16850,56850,N/A
16851,56851,N/A
16852,56852,N/A
16853,56853,N/A
16854,56854,N/A
16855,56855,N/A
16856,56856,N/A
16857,56857,N/A
16858,56858,N/A
16859,56859,N/A
16860,56860,N/A
16861,56861,N/A
16862,56862,N/A
16863,56863,N/A
16864,56864,N/A
16865,56865,N/A
16866,56866,N/A
16867,56867,N/A
16868,56868,N/A
16869,56869,N/A
16870,56870,N/A
16871,56871,N/A
16872,56872,N/A
16873,56873,N/A
16874,56874,N/A
16875,56875,N/A
16876,56876,N/A
16877,56877,N/A
16878,56878,N/A
16879,56879,N/A
16880,56880,N/A
16881,56881,N/A
16882,56882,N/A
16883,56883,N/A
16884,56884,N/A
16885,56885,N/A
16886,56886,N/A
16887,56887,N/A
16888,56888,N/A
16889,56889,N/A
16890,56890,N/A
16891,56891,N/A
16892,56892,N/A
16893,56893,N/A
16894,56894,N/A
16895,56895,N/A
16896,56896,N/A
16897,56897,N/A
16898,56898,N/A
16899,56899,N/A
16900,56900,N/A
16901,56901,N/A
16902,56902,N/A
16903,56903,N/A
16904,56904,N/A
16905,56905,N/A
16906,56906,N/A
16907,56907,N/A
16908,56908,N/A
16909,56909,N/A
16910,56910,N/A
16911,56911,N/A
16912,56912,N/A
16913,56913,N/A
16914,56914,N/A
16915,56915,N/A
16916,56916,N/A
16917,56917,N/A
16918,56918,N/A
16919,56919,N/A
16920,56920,N/A
16921,56921,N/A
16922,56922,N/A
16923,56923,N/A
16924,56924,N/A
16925,56925,N/A
16926,56926,N/A
16927,56927,N/A
16928,56928,N/A
16929,56929,N/A
16930,56930,N/A
16931,56931,N/A
16932,56932,N/A
16933,56933,N/A
16934,56934,N/A
16935,56935,N/A
16936,56936,N/A
16937,56937,N/A
16938,56938,N/A
16939,56939,N/A
16940,56940,N/A
16941,56941,N/A
16942,56942,N/A
16943,56943,N/A
16944,56944,N/A
16945,56945,N/A
16946,56946,N/A
16947,56947,N/A
16948,56948,N/A
16949,56949,N/A
16950,56950,N/A
16951,56951,N/A
16952,56952,N/A
16953,56953,N/A
16954,56954,N/A
16955,56955,N/A
16956,56956,N/A
16957,56957,N/A
16958,56958,N/A
16959,56959,N/A
16960,56960,N/A
16961,56961,N/A
16962,56962,N/A
16963,56963,N/A
16964,56964,N/A
16965,56965,N/A
16966,56966,N/A
16967,56967,N/A
16968,56968,N/A
16969,56969,N/A
16970,56970,N/A
16971,56971,N/A
16972,56972,N/A
16973,56973,N/A
16974,56974,N/A
16975,56975,N/A
16976,56976,N/A
16977,56977,N/A
16978,56978,N/A
16979,56979,N/A
16980,56980,N/A
16981,56981,N/A
16982,56982,N/A
16983,56983,N/A
16984,56984,N/A
16985,56985,N/A
16986,56986,N/A
16987,56987,N/A
16988,56988,N/A
16989,56989,N/A
16990,56990,N/A
16991,56991,N/A
16992,56992,N/A
16993,56993,N/A
16994,56994,N/A
16995,56995,N/A
16996,56996,N/A
16997,56997,N/A
16998,56998,N/A
16999,56999,N/A
17000,57000,N/A
17001,57001,N/A
17002,57002,N/A
17003,57003,N/A
17004,57004,N/A
17005,57005,N/A
17006,57006,N/A
17007,57007,N/A
17008,57008,N/A
17009,57009,N/A
17010,57010,N/A
17011,57011,N/A
17012,57012,N/A
17013,57013,N/A
17014,57014,N/A
17015,57015,N/A
17016,57016,N/A
17017,57017,N/A
17018,57018,N/A
17019,57019,N/A
17020,57020,N/A
17021,57021,N/A
17022,57022,N/A
17023,57023,N/A
17024,57024,N/A
17025,57025,N/A
17026,57026,N/A
17027,57027,N/A
17028,57028,N/A
17029,57029,N/A
17030,57030,N/A
17031,57031,N/A
17032,57032,N/A
17033,57033,N/A
17034,57034,N/A
17035,57035,N/A
17036,57036,N/A
17037,57037,N/A
17038,57038,N/A
17039,57039,N/A
17040,57040,N/A
17041,57041,N/A
17042,57042,N/A
17043,57043,N/A
17044,57044,N/A
17045,57045,N/A
17046,57046,N/A
17047,57047,N/A
17048,57048,N/A
17049,57049,N/A
17050,57050,N/A
17051,57051,N/A
17052,57052,N/A
17053,57053,N/A
17054,57054,N/A
17055,57055,N/A
17056,57056,N/A
17057,57057,N/A
17058,57058,N/A
17059,57059,N/A
17060,57060,N/A
17061,57061,N/A
17062,57062,N/A
17063,57063,N/A
17064,57064,N/A
17065,57065,N/A
17066,57066,N/A
17067,57067,N/A
17068,57068,N/A
17069,57069,N/A
17070,57070,N/A
17071,57071,N/A
17072,57072,N/A
17073,57073,N/A
17074,57074,N/A
17075,57075,N/A
17076,57076,N/A
17077,57077,N/A
17078,57078,N/A
17079,57079,N/A
17080,57080,N/A
17081,57081,N/A
17082,57082,N/A
17083,57083,N/A
17084,57084,N/A
17085,57085,N/A
17086,57086,N/A
17087,57087,N/A
17088,57088,N/A
17089,57089,N/A
17090,57090,N/A
17091,57091,N/A
17092,57092,N/A
17093,57093,N/A
17094,57094,N/A
17095,57095,N/A
17096,57096,N/A
17097,57097,N/A
17098,57098,N/A
17099,57099,N/A
17100,57100,N/A
17101,57101,N/A
17102,57102,N/A
17103,57103,N/A
17104,57104,N/A
17105,57105,N/A
17106,57106,N/A
17107,57107,N/A
17108,57108,N/A
17109,57109,N/A
17110,57110,N/A
17111,57111,N/A
17112,57112,N/A
17113,57113,N/A
17114,57114,N/A
17115,57115,N/A
17116,57116,N/A
17117,57117,N/A
17118,57118,N/A
17119,57119,N/A
17120,57120,N/A
17121,57121,N/A
17122,57122,N/A
17123,57123,N/A
17124,57124,N/A
17125,57125,N/A
17126,57126,N/A
17127,57127,N/A
17128,57128,N/A
17129,57129,N/A
17130,57130,N/A
17131,57131,N/A
17132,57132,N/A
17133,57133,N/A
17134,57134,N/A
17135,57135,N/A
17136,57136,N/A
17137,57137,N/A
17138,57138,N/A
17139,57139,N/A
17140,57140,N/A
17141,57141,N/A
17142,57142,N/A
17143,57143,N/A
17144,57144,N/A
17145,57145,N/A
17146,57146,N/A
17147,57147,N/A
17148,57148,N/A
17149,57149,N/A
17150,57150,N/A
17151,57151,N/A
17152,57152,N/A
17153,57153,N/A
17154,57154,N/A
17155,57155,N/A
17156,57156,N/A
17157,57157,N/A
17158,57158,N/A
17159,57159,N/A
17160,57160,N/A
17161,57161,N/A
17162,57162,N/A
17163,57163,N/A
17164,57164,N/A
17165,57165,N/A
17166,57166,N/A
17167,57167,N/A
17168,57168,N/A
17169,57169,N/A
17170,57170,N/A
17171,57171,N/A
17172,57172,N/A
17173,57173,N/A
17174,57174,N/A
17175,57175,N/A
17176,57176,N/A
17177,57177,N/A
17178,57178,N/A
17179,57179,N/A
17180,57180,N/A
17181,57181,N/A
17182,57182,N/A
17183,57183,N/A
17184,57184,N/A
17185,57185,N/A
17186,57186,N/A
17187,57187,N/A
17188,57188,N/A
17189,57189,N/A
17190,57190,N/A
17191,57191,N/A
17192,57192,N/A
17193,57193,N/A
17194,57194,N/A
17195,57195,N/A
17196,57196,N/A
17197,57197,N/A
17198,57198,N/A
17199,57199,N/A
17200,57200,N/A
17201,57201,N/A
17202,57202,N/A
17203,57203,N/A
17204,57204,N/A
17205,57205,N/A
17206,57206,N/A
17207,57207,N/A
17208,57208,N/A
17209,57209,N/A
17210,57210,N/A
17211,57211,N/A
17212,57212,N/A
17213,57213,N/A
17214,57214,N/A
17215,57215,N/A
17216,57216,N/A
17217,57217,N/A
17218,57218,N/A
17219,57219,N/A
17220,57220,N/A
17221,57221,N/A
17222,57222,N/A
17223,57223,N/A
17224,57224,N/A
17225,57225,N/A
17226,57226,N/A
17227,57227,N/A
17228,57228,N/A
17229,57229,N/A
17230,57230,N/A
17231,57231,N/A
17232,57232,N/A
17233,57233,N/A
17234,57234,N/A
17235,57235,N/A
17236,57236,N/A
17237,57237,N/A
17238,57238,N/A
17239,57239,N/A
17240,57240,N/A
17241,57241,N/A
17242,57242,N/A
17243,57243,N/A
17244,57244,N/A
17245,57245,N/A
17246,57246,N/A
17247,57247,N/A
17248,57248,N/A
17249,57249,N/A
17250,57250,N/A
17251,57251,N/A
17252,57252,N/A
17253,57253,N/A
17254,57254,N/A
17255,57255,N/A
17256,57256,N/A
17257,57257,N/A
17258,57258,N/A
17259,57259,N/A
17260,57260,N/A
17261,57261,N/A
17262,57262,N/A
17263,57263,N/A
17264,57264,N/A
17265,57265,N/A
17266,57266,N/A
17267,57267,N/A
17268,57268,N/A
17269,57269,N/A
17270,57270,N/A
17271,57271,N/A
17272,57272,N/A
17273,57273,N/A
17274,57274,N/A
17275,57275,N/A
17276,57276,N/A
17277,57277,N/A
17278,57278,N/A
17279,57279,N/A
17280,57280,N/A
17281,57281,N/A
17282,57282,N/A
17283,57283,N/A
17284,57284,N/A
17285,57285,N/A
17286,57286,N/A
17287,57287,N/A
17288,57288,N/A
17289,57289,N/A
17290,57290,N/A
17291,57291,N/A
17292,57292,N/A
17293,57293,N/A
17294,57294,N/A
17295,57295,N/A
17296,57296,N/A
17297,57297,N/A
17298,57298,N/A
17299,57299,N/A
17300,57300,N/A
17301,57301,N/A
17302,57302,N/A
17303,57303,N/A
17304,57304,N/A
17305,57305,N/A
17306,57306,N/A
17307,57307,N/A
17308,57308,N/A
17309,57309,N/A
17310,57310,N/A
17311,57311,N/A
17312,57312,N/A
17313,57313,N/A
17314,57314,N/A
17315,57315,N/A
17316,57316,N/A
17317,57317,N/A
17318,57318,N/A
17319,57319,N/A
17320,57320,N/A
17321,57321,N/A
17322,57322,N/A
17323,57323,N/A
17324,57324,N/A
17325,57325,N/A
17326,57326,N/A
17327,57327,N/A
17328,57328,N/A
17329,57329,N/A
17330,57330,N/A
17331,57331,N/A
17332,57332,N/A
17333,57333,N/A
17334,57334,N/A
17335,57335,N/A
17336,57336,N/A
17337,57337,N/A
17338,57338,N/A
17339,57339,N/A
17340,57340,N/A
17341,57341,N/A
17342,57342,N/A
17343,57343,N/A
17344,57344,N/A
17345,57345,N/A
17346,57346,N/A
17347,57347,N/A
17348,57348,N/A
17349,57349,N/A
17350,57350,N/A
17351,57351,N/A
17352,57352,N/A
17353,57353,N/A
17354,57354,N/A
17355,57355,N/A
17356,57356,N/A
17357,57357,N/A
17358,57358,N/A
17359,57359,N/A
17360,57360,N/A
17361,57361,N/A
17362,57362,N/A
17363,57363,N/A
17364,57364,N/A
17365,57365,N/A
17366,57366,N/A
17367,57367,N/A
17368,57368,N/A
17369,57369,N/A
17370,57370,N/A
17371,57371,N/A
17372,57372,N/A
17373,57373,N/A
17374,57374,N/A
17375,57375,N/A
17376,57376,N/A
17377,57377,N/A
17378,57378,N/A
17379,57379,N/A
17380,57380,N/A
17381,57381,N/A
17382,57382,N/A
17383,57383,N/A
17384,57384,N/A
17385,57385,N/A
17386,57386,N/A
17387,57387,N/A
17388,57388,N/A
17389,57389,N/A
17390,57390,N/A
17391,57391,N/A
17392,57392,N/A
17393,57393,N/A
17394,57394,N/A
17395,57395,N/A
17396,57396,N/A
17397,57397,N/A
17398,57398,N/A
17399,57399,N/A
17400,57400,N/A
17401,57401,N/A
17402,57402,N/A
17403,57403,N/A
17404,57404,N/A
17405,57405,N/A
17406,57406,N/A
17407,57407,N/A
17408,57408,N/A
17409,57409,N/A
17410,57410,N/A
17411,57411,N/A
17412,57412,N/A
17413,57413,N/A
17414,57414,N/A
17415,57415,N/A
17416,57416,N/A
17417,57417,N/A
17418,57418,N/A
17419,57419,N/A
17420,57420,N/A
17421,57421,N/A
17422,57422,N/A
17423,57423,N/A
17424,57424,N/A
17425,57425,N/A
17426,57426,N/A
17427,57427,N/A
17428,57428,N/A
17429,57429,N/A
17430,57430,N/A
17431,57431,N/A
17432,57432,N/A
17433,57433,N/A
17434,57434,N/A
17435,57435,N/A
17436,57436,N/A
17437,57437,N/A
17438,57438,N/A
17439,57439,N/A
17440,57440,N/A
17441,57441,N/A
17442,57442,N/A
17443,57443,N/A
17444,57444,N/A
17445,57445,N/A
17446,57446,N/A
17447,57447,N/A
17448,57448,N/A
17449,57449,N/A
17450,57450,N/A
17451,57451,N/A
17452,57452,N/A
17453,57453,N/A
17454,57454,N/A
17455,57455,N/A
17456,57456,N/A
17457,57457,N/A
17458,57458,N/A
17459,57459,N/A
17460,57460,N/A
17461,57461,N/A
17462,57462,N/A
17463,57463,N/A
17464,57464,N/A
17465,57465,N/A
17466,57466,N/A
17467,57467,N/A
17468,57468,N/A
17469,57469,N/A
17470,57470,N/A
17471,57471,N/A
17472,57472,N/A
17473,57473,N/A
17474,57474,N/A
17475,57475,N/A
17476,57476,N/A
17477,57477,N/A
17478,57478,N/A
17479,57479,N/A
17480,57480,N/A
17481,57481,N/A
17482,57482,N/A
17483,57483,N/A
17484,57484,N/A
17485,57485,N/A
17486,57486,N/A
17487,57487,N/A
17488,57488,N/A
17489,57489,N/A
17490,57490,N/A
17491,57491,N/A
17492,57492,N/A
17493,57493,N/A
17494,57494,N/A
17495,57495,N/A
17496,57496,N/A
17497,57497,N/A
17498,57498,N/A
17499,57499,N/A
17500,57500,N/A
17501,57501,N/A
17502,57502,N/A
17503,57503,N/A
17504,57504,N/A
17505,57505,N/A
17506,57506,N/A
17507,57507,N/A
17508,57508,N/A
17509,57509,N/A
17510,57510,N/A
17511,57511,N/A
17512,57512,N/A
17513,57513,N/A
17514,57514,N/A
17515,57515,N/A
17516,57516,N/A
17517,57517,N/A
17518,57518,N/A
17519,57519,N/A
17520,57520,N/A
17521,57521,N/A
17522,57522,N/A
17523,57523,N/A
17524,57524,N/A
17525,57525,N/A
17526,57526,N/A
17527,57527,N/A
17528,57528,N/A
17529,57529,N/A
17530,57530,N/A
17531,57531,N/A
17532,57532,N/A
17533,57533,N/A
17534,57534,N/A
17535,57535,N/A
17536,57536,N/A
17537,57537,N/A
17538,57538,N/A
17539,57539,N/A
17540,57540,N/A
17541,57541,N/A
17542,57542,N/A
17543,57543,N/A
17544,57544,N/A
17545,57545,N/A
17546,57546,N/A
17547,57547,N/A
17548,57548,N/A
17549,57549,N/A
17550,57550,N/A
17551,57551,N/A
17552,57552,N/A
17553,57553,N/A
17554,57554,N/A
17555,57555,N/A
17556,57556,N/A
17557,57557,N/A
17558,57558,N/A
17559,57559,N/A
17560,57560,N/A
17561,57561,N/A
17562,57562,N/A
17563,57563,N/A
17564,57564,N/A
17565,57565,N/A
17566,57566,N/A
17567,57567,N/A
17568,57568,N/A
17569,57569,N/A
17570,57570,N/A
17571,57571,N/A
17572,57572,N/A
17573,57573,N/A
17574,57574,N/A
17575,57575,N/A
17576,57576,N/A
17577,57577,N/A
17578,57578,N/A
17579,57579,N/A
17580,57580,N/A
17581,57581,N/A
17582,57582,N/A
17583,57583,N/A
17584,57584,N/A
17585,57585,N/A
17586,57586,N/A
17587,57587,N/A
17588,57588,N/A
17589,57589,N/A
17590,57590,N/A
17591,57591,N/A
17592,57592,N/A
17593,57593,N/A
17594,57594,N/A
17595,57595,N/A
17596,57596,N/A
17597,57597,N/A
17598,57598,N/A
17599,57599,N/A
17600,57600,N/A
17601,57601,N/A
17602,57602,N/A
17603,57603,N/A
17604,57604,N/A
17605,57605,N/A
17606,57606,N/A
17607,57607,N/A
17608,57608,N/A
17609,57609,N/A
17610,57610,N/A
17611,57611,N/A
17612,57612,N/A
17613,57613,N/A
17614,57614,N/A
17615,57615,N/A
17616,57616,N/A
17617,57617,N/A
17618,57618,N/A
17619,57619,N/A
17620,57620,N/A
17621,57621,N/A
17622,57622,N/A
17623,57623,N/A
17624,57624,N/A
17625,57625,N/A
17626,57626,N/A
17627,57627,N/A
17628,57628,N/A
17629,57629,N/A
17630,57630,N/A
17631,57631,N/A
17632,57632,N/A
17633,57633,N/A
17634,57634,N/A
17635,57635,N/A
17636,57636,N/A
17637,57637,N/A
17638,57638,N/A
17639,57639,N/A
17640,57640,N/A
17641,57641,N/A
17642,57642,N/A
17643,57643,N/A
17644,57644,N/A
17645,57645,N/A
17646,57646,N/A
17647,57647,N/A
17648,57648,N/A
17649,57649,N/A
17650,57650,N/A
17651,57651,N/A
17652,57652,N/A
17653,57653,N/A
17654,57654,N/A
17655,57655,N/A
17656,57656,N/A
17657,57657,N/A
17658,57658,N/A
17659,57659,N/A
17660,57660,N/A
17661,57661,N/A
17662,57662,N/A
17663,57663,N/A
17664,57664,N/A
17665,57665,N/A
17666,57666,N/A
17667,57667,N/A
17668,57668,N/A
17669,57669,N/A
17670,57670,N/A
17671,57671,N/A
17672,57672,N/A
17673,57673,N/A
17674,57674,N/A
17675,57675,N/A
17676,57676,N/A
17677,57677,N/A
17678,57678,N/A
17679,57679,N/A
17680,57680,N/A
17681,57681,N/A
17682,57682,N/A
17683,57683,N/A
17684,57684,N/A
17685,57685,N/A
17686,57686,N/A
17687,57687,N/A
17688,57688,N/A
17689,57689,N/A
17690,57690,N/A
17691,57691,N/A
17692,57692,N/A
17693,57693,N/A
17694,57694,N/A
17695,57695,N/A
17696,57696,N/A
17697,57697,N/A
17698,57698,N/A
17699,57699,N/A
17700,57700,N/A
17701,57701,N/A
17702,57702,N/A
17703,57703,N/A
17704,57704,N/A
17705,57705,N/A
17706,57706,N/A
17707,57707,N/A
17708,57708,N/A
17709,57709,N/A
17710,57710,N/A
17711,57711,N/A
17712,57712,N/A
17713,57713,N/A
17714,57714,N/A
17715,57715,N/A
17716,57716,N/A
17717,57717,N/A
17718,57718,N/A
17719,57719,N/A
17720,57720,N/A
17721,57721,N/A
17722,57722,N/A
17723,57723,N/A
17724,57724,N/A
17725,57725,N/A
17726,57726,N/A
17727,57727,N/A
17728,57728,N/A
17729,57729,N/A
17730,57730,N/A
17731,57731,N/A
17732,57732,N/A
17733,57733,N/A
17734,57734,N/A
17735,57735,N/A
17736,57736,N/A
17737,57737,N/A
17738,57738,N/A
17739,57739,N/A
17740,57740,N/A
17741,57741,N/A
17742,57742,N/A
17743,57743,N/A
17744,57744,N/A
17745,57745,N/A
17746,57746,N/A
17747,57747,N/A
17748,57748,N/A
17749,57749,N/A
17750,57750,N/A
17751,57751,N/A
17752,57752,N/A
17753,57753,N/A
17754,57754,N/A
17755,57755,N/A
17756,57756,N/A
17757,57757,N/A
17758,57758,N/A
17759,57759,N/A
17760,57760,N/A
17761,57761,N/A
17762,57762,N/A
17763,57763,N/A
17764,57764,N/A
17765,57765,N/A
17766,57766,N/A
17767,57767,N/A
17768,57768,N/A
17769,57769,N/A
17770,57770,N/A
17771,57771,N/A
17772,57772,N/A
17773,57773,N/A
17774,57774,N/A
17775,57775,N/A
17776,57776,N/A
17777,57777,N/A
17778,57778,N/A
17779,57779,N/A
17780,57780,N/A
17781,57781,N/A
17782,57782,N/A
17783,57783,N/A
17784,57784,N/A
17785,57785,N/A
17786,57786,N/A
17787,57787,N/A
17788,57788,N/A
17789,57789,N/A
17790,57790,N/A
17791,57791,N/A
17792,57792,N/A
17793,57793,N/A
17794,57794,N/A
17795,57795,N/A
17796,57796,N/A
17797,57797,N/A
17798,57798,N/A
17799,57799,N/A
17800,57800,N/A
17801,57801,N/A
17802,57802,N/A
17803,57803,N/A
17804,57804,N/A
17805,57805,N/A
17806,57806,N/A
17807,57807,N/A
17808,57808,N/A
17809,57809,N/A
17810,57810,N/A
17811,57811,N/A
17812,57812,N/A
17813,57813,N/A
17814,57814,N/A
17815,57815,N/A
17816,57816,N/A
17817,57817,N/A
17818,57818,N/A
17819,57819,N/A
17820,57820,N/A
17821,57821,N/A
17822,57822,N/A
17823,57823,N/A
17824,57824,N/A
17825,57825,N/A
17826,57826,N/A
17827,57827,N/A
17828,57828,N/A
17829,57829,N/A
17830,57830,N/A
17831,57831,N/A
17832,57832,N/A
17833,57833,N/A
17834,57834,N/A
17835,57835,N/A
17836,57836,N/A
17837,57837,N/A
17838,57838,N/A
17839,57839,N/A
17840,57840,N/A
17841,57841,N/A
17842,57842,N/A
17843,57843,N/A
17844,57844,N/A
17845,57845,N/A
17846,57846,N/A
17847,57847,N/A
17848,57848,N/A
17849,57849,N/A
17850,57850,N/A
17851,57851,N/A
17852,57852,N/A
17853,57853,N/A
17854,57854,N/A
17855,57855,N/A
17856,57856,N/A
17857,57857,N/A
17858,57858,N/A
17859,57859,N/A
17860,57860,N/A
17861,57861,N/A
17862,57862,N/A
17863,57863,N/A
17864,57864,N/A
17865,57865,N/A
17866,57866,N/A
17867,57867,N/A
17868,57868,N/A
17869,57869,N/A
17870,57870,N/A
17871,57871,N/A
17872,57872,N/A
17873,57873,N/A
17874,57874,N/A
17875,57875,N/A
17876,57876,N/A
17877,57877,N/A
17878,57878,N/A
17879,57879,N/A
17880,57880,N/A
17881,57881,N/A
17882,57882,N/A
17883,57883,N/A
17884,57884,N/A
17885,57885,N/A
17886,57886,N/A
17887,57887,N/A
17888,57888,N/A
17889,57889,N/A
17890,57890,N/A
17891,57891,N/A
17892,57892,N/A
17893,57893,N/A
17894,57894,N/A
17895,57895,N/A
17896,57896,N/A
17897,57897,N/A
17898,57898,N/A
17899,57899,N/A
17900,57900,N/A
17901,57901,N/A
17902,57902,N/A
17903,57903,N/A
17904,57904,N/A
17905,57905,N/A
17906,57906,N/A
17907,57907,N/A
17908,57908,N/A
17909,57909,N/A
17910,57910,N/A
17911,57911,N/A
17912,57912,N/A
17913,57913,N/A
17914,57914,N/A
17915,57915,N/A
17916,57916,N/A
17917,57917,N/A
17918,57918,N/A
17919,57919,N/A
17920,57920,N/A
17921,57921,N/A
17922,57922,N/A
17923,57923,N/A
17924,57924,N/A
17925,57925,N/A
17926,57926,N/A
17927,57927,N/A
17928,57928,N/A
17929,57929,N/A
17930,57930,N/A
17931,57931,N/A
17932,57932,N/A
17933,57933,N/A
17934,57934,N/A
17935,57935,N/A
17936,57936,N/A
17937,57937,N/A
17938,57938,N/A
17939,57939,N/A
17940,57940,N/A
17941,57941,N/A
17942,57942,N/A
17943,57943,N/A
17944,57944,N/A
17945,57945,N/A
17946,57946,N/A
17947,57947,N/A
17948,57948,N/A
17949,57949,N/A
17950,57950,N/A
17951,57951,N/A
17952,57952,N/A
17953,57953,N/A
17954,57954,N/A
17955,57955,N/A
17956,57956,N/A
17957,57957,N/A
17958,57958,N/A
17959,57959,N/A
17960,57960,N/A
17961,57961,N/A
17962,57962,N/A
17963,57963,N/A
17964,57964,N/A
17965,57965,N/A
17966,57966,N/A
17967,57967,N/A
17968,57968,N/A
17969,57969,N/A
17970,57970,N/A
17971,57971,N/A
17972,57972,N/A
17973,57973,N/A
17974,57974,N/A
17975,57975,N/A
17976,57976,N/A
17977,57977,N/A
17978,57978,N/A
17979,57979,N/A
17980,57980,N/A
17981,57981,N/A
17982,57982,N/A
17983,57983,N/A
17984,57984,N/A
17985,57985,N/A
17986,57986,N/A
17987,57987,N/A
17988,57988,N/A
17989,57989,N/A
17990,57990,N/A
17991,57991,N/A
17992,57992,N/A
17993,57993,N/A
17994,57994,N/A
17995,57995,N/A
17996,57996,N/A
17997,57997,N/A
17998,57998,N/A
17999,57999,N/A
18000,58000,N/A
18001,58001,N/A
18002,58002,N/A
18003,58003,N/A
18004,58004,N/A
18005,58005,N/A
18006,58006,N/A
18007,58007,N/A
18008,58008,N/A
18009,58009,N/A
18010,58010,N/A
18011,58011,N/A
18012,58012,N/A
18013,58013,N/A
18014,58014,N/A
18015,58015,N/A
18016,58016,N/A
18017,58017,N/A
18018,58018,N/A
18019,58019,N/A
18020,58020,N/A
18021,58021,N/A
18022,58022,N/A
18023,58023,N/A
18024,58024,N/A
18025,58025,N/A
18026,58026,N/A
18027,58027,N/A
18028,58028,N/A
18029,58029,N/A
18030,58030,N/A
18031,58031,N/A
18032,58032,N/A
18033,58033,N/A
18034,58034,N/A
18035,58035,N/A
18036,58036,N/A
18037,58037,N/A
18038,58038,N/A
18039,58039,N/A
18040,58040,N/A
18041,58041,N/A
18042,58042,N/A
18043,58043,N/A
18044,58044,N/A
18045,58045,N/A
18046,58046,N/A
18047,58047,N/A
18048,58048,N/A
18049,58049,N/A
18050,58050,N/A
18051,58051,N/A
18052,58052,N/A
18053,58053,N/A
18054,58054,N/A
18055,58055,N/A
18056,58056,N/A
18057,58057,N/A
18058,58058,N/A
18059,58059,N/A
18060,58060,N/A
18061,58061,N/A
18062,58062,N/A
18063,58063,N/A
18064,58064,N/A
18065,58065,N/A
18066,58066,N/A
18067,58067,N/A
18068,58068,N/A
18069,58069,N/A
18070,58070,N/A
18071,58071,N/A
18072,58072,N/A
18073,58073,N/A
18074,58074,N/A
18075,58075,N/A
18076,58076,N/A
18077,58077,N/A
18078,58078,N/A
18079,58079,N/A
18080,58080,N/A
18081,58081,N/A
18082,58082,N/A
18083,58083,N/A
18084,58084,N/A
18085,58085,N/A
18086,58086,N/A
18087,58087,N/A
18088,58088,N/A
18089,58089,N/A
18090,58090,N/A
18091,58091,N/A
18092,58092,N/A
18093,58093,N/A
18094,58094,N/A
18095,58095,N/A
18096,58096,N/A
18097,58097,N/A
18098,58098,N/A
18099,58099,N/A
18100,58100,N/A
18101,58101,N/A
18102,58102,N/A
18103,58103,N/A
18104,58104,N/A
18105,58105,N/A
18106,58106,N/A
18107,58107,N/A
18108,58108,N/A
18109,58109,N/A
18110,58110,N/A
18111,58111,N/A
18112,58112,N/A
18113,58113,N/A
18114,58114,N/A
18115,58115,N/A
18116,58116,N/A
18117,58117,N/A
18118,58118,N/A
18119,58119,N/A
18120,58120,N/A
18121,58121,N/A
18122,58122,N/A
18123,58123,N/A
18124,58124,N/A
18125,58125,N/A
18126,58126,N/A
18127,58127,N/A
18128,58128,N/A
18129,58129,N/A
18130,58130,N/A
18131,58131,N/A
18132,58132,N/A
18133,58133,N/A
18134,58134,N/A
18135,58135,N/A
18136,58136,N/A
18137,58137,N/A
18138,58138,N/A
18139,58139,N/A
18140,58140,N/A
18141,58141,N/A
18142,58142,N/A
18143,58143,N/A
18144,58144,N/A
18145,58145,N/A
18146,58146,N/A
18147,58147,N/A
18148,58148,N/A
18149,58149,N/A
18150,58150,N/A
18151,58151,N/A
18152,58152,N/A
18153,58153,N/A
18154,58154,N/A
18155,58155,N/A
18156,58156,N/A
18157,58157,N/A
18158,58158,N/A
18159,58159,N/A
18160,58160,N/A
18161,58161,N/A
18162,58162,N/A
18163,58163,N/A
18164,58164,N/A
18165,58165,N/A
18166,58166,N/A
18167,58167,N/A
18168,58168,N/A
18169,58169,N/A
18170,58170,N/A
18171,58171,N/A
18172,58172,N/A
18173,58173,N/A
18174,58174,N/A
18175,58175,N/A
18176,58176,N/A
18177,58177,N/A
18178,58178,N/A
18179,58179,N/A
18180,58180,N/A
18181,58181,N/A
18182,58182,N/A
18183,58183,N/A
18184,58184,N/A
18185,58185,N/A
18186,58186,N/A
18187,58187,N/A
18188,58188,N/A
18189,58189,N/A
18190,58190,N/A
18191,58191,N/A
18192,58192,N/A
18193,58193,N/A
18194,58194,N/A
18195,58195,N/A
18196,58196,N/A
18197,58197,N/A
18198,58198,N/A
18199,58199,N/A
18200,58200,N/A
18201,58201,N/A
18202,58202,N/A
18203,58203,N/A
18204,58204,N/A
18205,58205,N/A
18206,58206,N/A
18207,58207,N/A
18208,58208,N/A
18209,58209,N/A
18210,58210,N/A
18211,58211,N/A
18212,58212,N/A
18213,58213,N/A
18214,58214,N/A
18215,58215,N/A
18216,58216,N/A
18217,58217,N/A
18218,58218,N/A
18219,58219,N/A
18220,58220,N/A
18221,58221,N/A
18222,58222,N/A
18223,58223,N/A
18224,58224,N/A
18225,58225,N/A
18226,58226,N/A
18227,58227,N/A
18228,58228,N/A
18229,58229,N/A
18230,58230,N/A
18231,58231,N/A
18232,58232,N/A
18233,58233,N/A
18234,58234,N/A
18235,58235,N/A
18236,58236,N/A
18237,58237,N/A
18238,58238,N/A
18239,58239,N/A
18240,58240,N/A
18241,58241,N/A
18242,58242,N/A
18243,58243,N/A
18244,58244,N/A
18245,58245,N/A
18246,58246,N/A
18247,58247,N/A
18248,58248,N/A
18249,58249,N/A
18250,58250,N/A
18251,58251,N/A
18252,58252,N/A
18253,58253,N/A
18254,58254,N/A
18255,58255,N/A
18256,58256,N/A
18257,58257,N/A
18258,58258,N/A
18259,58259,N/A
18260,58260,N/A
18261,58261,N/A
18262,58262,N/A
18263,58263,N/A
18264,58264,N/A
18265,58265,N/A
18266,58266,N/A
18267,58267,N/A
18268,58268,N/A
18269,58269,N/A
18270,58270,N/A
18271,58271,N/A
18272,58272,N/A
18273,58273,N/A
18274,58274,N/A
18275,58275,N/A
18276,58276,N/A
18277,58277,N/A
18278,58278,N/A
18279,58279,N/A
18280,58280,N/A
18281,58281,N/A
18282,58282,N/A
18283,58283,N/A
18284,58284,N/A
18285,58285,N/A
18286,58286,N/A
18287,58287,N/A
18288,58288,N/A
18289,58289,N/A
18290,58290,N/A
18291,58291,N/A
18292,58292,N/A
18293,58293,N/A
18294,58294,N/A
18295,58295,N/A
18296,58296,N/A
18297,58297,N/A
18298,58298,N/A
18299,58299,N/A
18300,58300,N/A
18301,58301,N/A
18302,58302,N/A
18303,58303,N/A
18304,58304,N/A
18305,58305,N/A
18306,58306,N/A
18307,58307,N/A
18308,58308,N/A
18309,58309,N/A
18310,58310,N/A
18311,58311,N/A
18312,58312,N/A
18313,58313,N/A
18314,58314,N/A
18315,58315,N/A
18316,58316,N/A
18317,58317,N/A
18318,58318,N/A
18319,58319,N/A
18320,58320,N/A
18321,58321,N/A
18322,58322,N/A
18323,58323,N/A
18324,58324,N/A
18325,58325,N/A
18326,58326,N/A
18327,58327,N/A
18328,58328,N/A
18329,58329,N/A
18330,58330,N/A
18331,58331,N/A
18332,58332,N/A
18333,58333,N/A
18334,58334,N/A
18335,58335,N/A
18336,58336,N/A
18337,58337,N/A
18338,58338,N/A
18339,58339,N/A
18340,58340,N/A
18341,58341,N/A
18342,58342,N/A
18343,58343,N/A
18344,58344,N/A
18345,58345,N/A
18346,58346,N/A
18347,58347,N/A
18348,58348,N/A
18349,58349,N/A
18350,58350,N/A
18351,58351,N/A
18352,58352,N/A
18353,58353,N/A
18354,58354,N/A
18355,58355,N/A
18356,58356,N/A
18357,58357,N/A
18358,58358,N/A
18359,58359,N/A
18360,58360,N/A
18361,58361,N/A
18362,58362,N/A
18363,58363,N/A
18364,58364,N/A
18365,58365,N/A
18366,58366,N/A
18367,58367,N/A
18368,58368,N/A
18369,58369,N/A
18370,58370,N/A
18371,58371,N/A
18372,58372,N/A
18373,58373,N/A
18374,58374,N/A
18375,58375,N/A
18376,58376,N/A
18377,58377,N/A
18378,58378,N/A
18379,58379,N/A
18380,58380,N/A
18381,58381,N/A
18382,58382,N/A
18383,58383,N/A
18384,58384,N/A
18385,58385,N/A
18386,58386,N/A
18387,58387,N/A
18388,58388,N/A
18389,58389,N/A
18390,58390,N/A
18391,58391,N/A
18392,58392,N/A
18393,58393,N/A
18394,58394,N/A
18395,58395,N/A
18396,58396,N/A
18397,58397,N/A
18398,58398,N/A
18399,58399,N/A
18400,58400,N/A
18401,58401,N/A
18402,58402,N/A
18403,58403,N/A
18404,58404,N/A
18405,58405,N/A
18406,58406,N/A
18407,58407,N/A
18408,58408,N/A
18409,58409,N/A
18410,58410,N/A
18411,58411,N/A
18412,58412,N/A
18413,58413,N/A
18414,58414,N/A
18415,58415,N/A
18416,58416,N/A
18417,58417,N/A
18418,58418,N/A
18419,58419,N/A
18420,58420,N/A
18421,58421,N/A
18422,58422,N/A
18423,58423,N/A
18424,58424,N/A
18425,58425,N/A
18426,58426,N/A
18427,58427,N/A
18428,58428,N/A
18429,58429,N/A
18430,58430,N/A
18431,58431,N/A
18432,58432,N/A
18433,58433,N/A
18434,58434,N/A
18435,58435,N/A
18436,58436,N/A
18437,58437,N/A
18438,58438,N/A
18439,58439,N/A
18440,58440,N/A
18441,58441,N/A
18442,58442,N/A
18443,58443,N/A
18444,58444,N/A
18445,58445,N/A
18446,58446,N/A
18447,58447,N/A
18448,58448,N/A
18449,58449,N/A
18450,58450,N/A
18451,58451,N/A
18452,58452,N/A
18453,58453,N/A
18454,58454,N/A
18455,58455,N/A
18456,58456,N/A
18457,58457,N/A
18458,58458,N/A
18459,58459,N/A
18460,58460,N/A
18461,58461,N/A
18462,58462,N/A
18463,58463,N/A
18464,58464,N/A
18465,58465,N/A
18466,58466,N/A
18467,58467,N/A
18468,58468,N/A
18469,58469,N/A
18470,58470,N/A
18471,58471,N/A
18472,58472,N/A
18473,58473,N/A
18474,58474,N/A
18475,58475,N/A
18476,58476,N/A
18477,58477,N/A
18478,58478,N/A
18479,58479,N/A
18480,58480,N/A
18481,58481,N/A
18482,58482,N/A
18483,58483,N/A
18484,58484,N/A
18485,58485,N/A
18486,58486,N/A
18487,58487,N/A
18488,58488,N/A
18489,58489,N/A
18490,58490,N/A
18491,58491,N/A
18492,58492,N/A
18493,58493,N/A
18494,58494,N/A
18495,58495,N/A
18496,58496,N/A
18497,58497,N/A
18498,58498,N/A
18499,58499,N/A
18500,58500,N/A
18501,58501,N/A
18502,58502,N/A
18503,58503,N/A
18504,58504,N/A
18505,58505,N/A
18506,58506,N/A
18507,58507,N/A
18508,58508,N/A
18509,58509,N/A
18510,58510,N/A
18511,58511,N/A
18512,58512,N/A
18513,58513,N/A
18514,58514,N/A
18515,58515,N/A
18516,58516,N/A
18517,58517,N/A
18518,58518,N/A
18519,58519,N/A
18520,58520,N/A
18521,58521,N/A
18522,58522,N/A
18523,58523,N/A
18524,58524,N/A
18525,58525,N/A
18526,58526,N/A
18527,58527,N/A
18528,58528,N/A
18529,58529,N/A
18530,58530,N/A
18531,58531,N/A
18532,58532,N/A
18533,58533,N/A
18534,58534,N/A
18535,58535,N/A
18536,58536,N/A
18537,58537,N/A
18538,58538,N/A
18539,58539,N/A
18540,58540,N/A
18541,58541,N/A
18542,58542,N/A
18543,58543,N/A
18544,58544,N/A
18545,58545,N/A
18546,58546,N/A
18547,58547,N/A
18548,58548,N/A
18549,58549,N/A
18550,58550,N/A
18551,58551,N/A
18552,58552,N/A
18553,58553,N/A
18554,58554,N/A
18555,58555,N/A
18556,58556,N/A
18557,58557,N/A
18558,58558,N/A
18559,58559,N/A
18560,58560,N/A
18561,58561,N/A
18562,58562,N/A
18563,58563,N/A
18564,58564,N/A
18565,58565,N/A
18566,58566,N/A
18567,58567,N/A
18568,58568,N/A
18569,58569,N/A
18570,58570,N/A
18571,58571,N/A
18572,58572,N/A
18573,58573,N/A
18574,58574,N/A
18575,58575,N/A
18576,58576,N/A
18577,58577,N/A
18578,58578,N/A
18579,58579,N/A
18580,58580,N/A
18581,58581,N/A
18582,58582,N/A
18583,58583,N/A
18584,58584,N/A
18585,58585,N/A
18586,58586,N/A
18587,58587,N/A
18588,58588,N/A
18589,58589,N/A
18590,58590,N/A
18591,58591,N/A
18592,58592,N/A
18593,58593,N/A
18594,58594,N/A
18595,58595,N/A
18596,58596,N/A
18597,58597,N/A
18598,58598,N/A
18599,58599,N/A
18600,58600,N/A
18601,58601,N/A
18602,58602,N/A
18603,58603,N/A
18604,58604,N/A
18605,58605,N/A
18606,58606,N/A
18607,58607,N/A
18608,58608,N/A
18609,58609,N/A
18610,58610,N/A
18611,58611,N/A
18612,58612,N/A
18613,58613,N/A
18614,58614,N/A
18615,58615,N/A
18616,58616,N/A
18617,58617,N/A
18618,58618,N/A
18619,58619,N/A
18620,58620,N/A
18621,58621,N/A
18622,58622,N/A
18623,58623,N/A
18624,58624,N/A
18625,58625,N/A
18626,58626,N/A
18627,58627,N/A
18628,58628,N/A
18629,58629,N/A
18630,58630,N/A
18631,58631,N/A
18632,58632,N/A
18633,58633,N/A
18634,58634,N/A
18635,58635,N/A
18636,58636,N/A
18637,58637,N/A
18638,58638,N/A
18639,58639,N/A
18640,58640,N/A
18641,58641,N/A
18642,58642,N/A
18643,58643,N/A
18644,58644,N/A
18645,58645,N/A
18646,58646,N/A
18647,58647,N/A
18648,58648,N/A
18649,58649,N/A
18650,58650,N/A
18651,58651,N/A
18652,58652,N/A
18653,58653,N/A
18654,58654,N/A
18655,58655,N/A
18656,58656,N/A
18657,58657,N/A
18658,58658,N/A
18659,58659,N/A
18660,58660,N/A
18661,58661,N/A
18662,58662,N/A
18663,58663,N/A
18664,58664,N/A
18665,58665,N/A
18666,58666,N/A
18667,58667,N/A
18668,58668,N/A
18669,58669,N/A
18670,58670,N/A
18671,58671,N/A
18672,58672,N/A
18673,58673,N/A
18674,58674,N/A
18675,58675,N/A
18676,58676,N/A
18677,58677,N/A
18678,58678,N/A
18679,58679,N/A
18680,58680,N/A
18681,58681,N/A
18682,58682,N/A
18683,58683,N/A
18684,58684,N/A
18685,58685,N/A
18686,58686,N/A
18687,58687,N/A
18688,58688,N/A
18689,58689,N/A
18690,58690,N/A
18691,58691,N/A
18692,58692,N/A
18693,58693,N/A
18694,58694,N/A
18695,58695,N/A
18696,58696,N/A
18697,58697,N/A
18698,58698,N/A
18699,58699,N/A
18700,58700,N/A
18701,58701,N/A
18702,58702,N/A
18703,58703,N/A
18704,58704,N/A
18705,58705,N/A
18706,58706,N/A
18707,58707,N/A
18708,58708,N/A
18709,58709,N/A
18710,58710,N/A
18711,58711,N/A
18712,58712,N/A
18713,58713,N/A
18714,58714,N/A
18715,58715,N/A
18716,58716,N/A
18717,58717,N/A
18718,58718,N/A
18719,58719,N/A
18720,58720,N/A
18721,58721,N/A
18722,58722,N/A
18723,58723,N/A
18724,58724,N/A
18725,58725,N/A
18726,58726,N/A
18727,58727,N/A
18728,58728,N/A
18729,58729,N/A
18730,58730,N/A
18731,58731,N/A
18732,58732,N/A
18733,58733,N/A
18734,58734,N/A
18735,58735,N/A
18736,58736,N/A
18737,58737,N/A
18738,58738,N/A
18739,58739,N/A
18740,58740,N/A
18741,58741,N/A
18742,58742,N/A
18743,58743,N/A
18744,58744,N/A
18745,58745,N/A
18746,58746,N/A
18747,58747,N/A
18748,58748,N/A
18749,58749,N/A
18750,58750,N/A
18751,58751,N/A
18752,58752,N/A
18753,58753,N/A
18754,58754,N/A
18755,58755,N/A
18756,58756,N/A
18757,58757,N/A
18758,58758,N/A
18759,58759,N/A
18760,58760,N/A
18761,58761,N/A
18762,58762,N/A
18763,58763,N/A
18764,58764,N/A
18765,58765,N/A
18766,58766,N/A
18767,58767,N/A
18768,58768,N/A
18769,58769,N/A
18770,58770,N/A
18771,58771,N/A
18772,58772,N/A
18773,58773,N/A
18774,58774,N/A
18775,58775,N/A
18776,58776,N/A
18777,58777,N/A
18778,58778,N/A
18779,58779,N/A
18780,58780,N/A
18781,58781,N/A
18782,58782,N/A
18783,58783,N/A
18784,58784,N/A
18785,58785,N/A
18786,58786,N/A
18787,58787,N/A
18788,58788,N/A
18789,58789,N/A
18790,58790,N/A
18791,58791,N/A
18792,58792,N/A
18793,58793,N/A
18794,58794,N/A
18795,58795,N/A
18796,58796,N/A
18797,58797,N/A
18798,58798,N/A
18799,58799,N/A
18800,58800,N/A
18801,58801,N/A
18802,58802,N/A
18803,58803,N/A
18804,58804,N/A
18805,58805,N/A
18806,58806,N/A
18807,58807,N/A
18808,58808,N/A
18809,58809,N/A
18810,58810,N/A
18811,58811,N/A
18812,58812,N/A
18813,58813,N/A
18814,58814,N/A
18815,58815,N/A
18816,58816,N/A
18817,58817,N/A
18818,58818,N/A
18819,58819,N/A
18820,58820,N/A
18821,58821,N/A
18822,58822,N/A
18823,58823,N/A
18824,58824,N/A
18825,58825,N/A
18826,58826,N/A
18827,58827,N/A
18828,58828,N/A
18829,58829,N/A
18830,58830,N/A
18831,58831,N/A
18832,58832,N/A
18833,58833,N/A
18834,58834,N/A
18835,58835,N/A
18836,58836,N/A
18837,58837,N/A
18838,58838,N/A
18839,58839,N/A
18840,58840,N/A
18841,58841,N/A
18842,58842,N/A
18843,58843,N/A
18844,58844,N/A
18845,58845,N/A
18846,58846,N/A
18847,58847,N/A
18848,58848,N/A
18849,58849,N/A
18850,58850,N/A
18851,58851,N/A
18852,58852,N/A
18853,58853,N/A
18854,58854,N/A
18855,58855,N/A
18856,58856,N/A
18857,58857,N/A
18858,58858,N/A
18859,58859,N/A
18860,58860,N/A
18861,58861,N/A
18862,58862,N/A
18863,58863,N/A
18864,58864,N/A
18865,58865,N/A
18866,58866,N/A
18867,58867,N/A
18868,58868,N/A
18869,58869,N/A
18870,58870,N/A
18871,58871,N/A
18872,58872,N/A
18873,58873,N/A
18874,58874,N/A
18875,58875,N/A
18876,58876,N/A
18877,58877,N/A
18878,58878,N/A
18879,58879,N/A
18880,58880,N/A
18881,58881,N/A
18882,58882,N/A
18883,58883,N/A
18884,58884,N/A
18885,58885,N/A
18886,58886,N/A
18887,58887,N/A
18888,58888,N/A
18889,58889,N/A
18890,58890,N/A
18891,58891,N/A
18892,58892,N/A
18893,58893,N/A
18894,58894,N/A
18895,58895,N/A
18896,58896,N/A
18897,58897,N/A
18898,58898,N/A
18899,58899,N/A
18900,58900,N/A
18901,58901,N/A
18902,58902,N/A
18903,58903,N/A
18904,58904,N/A
18905,58905,N/A
18906,58906,N/A
18907,58907,N/A
18908,58908,N/A
18909,58909,N/A
18910,58910,N/A
18911,58911,N/A
18912,58912,N/A
18913,58913,N/A
18914,58914,N/A
18915,58915,N/A
18916,58916,N/A
18917,58917,N/A
18918,58918,N/A
18919,58919,N/A
18920,58920,N/A
18921,58921,N/A
18922,58922,N/A
18923,58923,N/A
18924,58924,N/A
18925,58925,N/A
18926,58926,N/A
18927,58927,N/A
18928,58928,N/A
18929,58929,N/A
18930,58930,N/A
18931,58931,N/A
18932,58932,N/A
18933,58933,N/A
18934,58934,N/A
18935,58935,N/A
18936,58936,N/A
18937,58937,N/A
18938,58938,N/A
18939,58939,N/A
18940,58940,N/A
18941,58941,N/A
18942,58942,N/A
18943,58943,N/A
18944,58944,N/A
18945,58945,N/A
18946,58946,N/A
18947,58947,N/A
18948,58948,N/A
18949,58949,N/A
18950,58950,N/A
18951,58951,N/A
18952,58952,N/A
18953,58953,N/A
18954,58954,N/A
18955,58955,N/A
18956,58956,N/A
18957,58957,N/A
18958,58958,N/A
18959,58959,N/A
18960,58960,N/A
18961,58961,N/A
18962,58962,N/A
18963,58963,N/A
18964,58964,N/A
18965,58965,N/A
18966,58966,N/A
18967,58967,N/A
18968,58968,N/A
18969,58969,N/A
18970,58970,N/A
18971,58971,N/A
18972,58972,N/A
18973,58973,N/A
18974,58974,N/A
18975,58975,N/A
18976,58976,N/A
18977,58977,N/A
18978,58978,N/A
18979,58979,N/A
18980,58980,N/A
18981,58981,N/A
18982,58982,N/A
18983,58983,N/A
18984,58984,N/A
18985,58985,N/A
18986,58986,N/A
18987,58987,N/A
18988,58988,N/A
18989,58989,N/A
18990,58990,N/A
18991,58991,N/A
18992,58992,N/A
18993,58993,N/A
18994,58994,N/A
18995,58995,N/A
18996,58996,N/A
18997,58997,N/A
18998,58998,N/A
18999,58999,N/A
19000,59000,N/A
19001,59001,N/A
19002,59002,N/A
19003,59003,N/A
19004,59004,N/A
19005,59005,N/A
19006,59006,N/A
19007,59007,N/A
19008,59008,N/A
19009,59009,N/A
19010,59010,N/A
19011,59011,N/A
19012,59012,N/A
19013,59013,N/A
19014,59014,N/A
19015,59015,N/A
19016,59016,N/A
19017,59017,N/A
19018,59018,N/A
19019,59019,N/A
19020,59020,N/A
19021,59021,N/A
19022,59022,N/A
19023,59023,N/A
19024,59024,N/A
19025,59025,N/A
19026,59026,N/A
19027,59027,N/A
19028,59028,N/A
19029,59029,N/A
19030,59030,N/A
19031,59031,N/A
19032,59032,N/A
19033,59033,N/A
19034,59034,N/A
19035,59035,N/A
19036,59036,N/A
19037,59037,N/A
19038,59038,N/A
19039,59039,N/A
19040,59040,N/A
19041,59041,N/A
19042,59042,N/A
19043,59043,N/A
19044,59044,N/A
19045,59045,N/A
19046,59046,N/A
19047,59047,N/A
19048,59048,N/A
19049,59049,N/A
19050,59050,N/A
19051,59051,N/A
19052,59052,N/A
19053,59053,N/A
19054,59054,N/A
19055,59055,N/A
19056,59056,N/A
19057,59057,N/A
19058,59058,N/A
19059,59059,N/A
19060,59060,N/A
19061,59061,N/A
19062,59062,N/A
19063,59063,N/A
19064,59064,N/A
19065,59065,N/A
19066,59066,N/A
19067,59067,N/A
19068,59068,N/A
19069,59069,N/A
19070,59070,N/A
19071,59071,N/A
19072,59072,N/A
19073,59073,N/A
19074,59074,N/A
19075,59075,N/A
19076,59076,N/A
19077,59077,N/A
19078,59078,N/A
19079,59079,N/A
19080,59080,N/A
19081,59081,N/A
19082,59082,N/A
19083,59083,N/A
19084,59084,N/A
19085,59085,N/A
19086,59086,N/A
19087,59087,N/A
19088,59088,N/A
19089,59089,N/A
19090,59090,N/A
19091,59091,N/A
19092,59092,N/A
19093,59093,N/A
19094,59094,N/A
19095,59095,N/A
19096,59096,N/A
19097,59097,N/A
19098,59098,N/A
19099,59099,N/A
19100,59100,N/A
19101,59101,N/A
19102,59102,N/A
19103,59103,N/A
19104,59104,N/A
19105,59105,N/A
19106,59106,N/A
19107,59107,N/A
19108,59108,N/A
19109,59109,N/A
19110,59110,N/A
19111,59111,N/A
19112,59112,N/A
19113,59113,N/A
19114,59114,N/A
19115,59115,N/A
19116,59116,N/A
19117,59117,N/A
19118,59118,N/A
19119,59119,N/A
19120,59120,N/A
19121,59121,N/A
19122,59122,N/A
19123,59123,N/A
19124,59124,N/A
19125,59125,N/A
19126,59126,N/A
19127,59127,N/A
19128,59128,N/A
19129,59129,N/A
19130,59130,N/A
19131,59131,N/A
19132,59132,N/A
19133,59133,N/A
19134,59134,N/A
19135,59135,N/A
19136,59136,N/A
19137,59137,N/A
19138,59138,N/A
19139,59139,N/A
19140,59140,N/A
19141,59141,N/A
19142,59142,N/A
19143,59143,N/A
19144,59144,N/A
19145,59145,N/A
19146,59146,N/A
19147,59147,N/A
19148,59148,N/A
19149,59149,N/A
19150,59150,N/A
19151,59151,N/A
19152,59152,N/A
19153,59153,N/A
19154,59154,N/A
19155,59155,N/A
19156,59156,N/A
19157,59157,N/A
19158,59158,N/A
19159,59159,N/A
19160,59160,N/A
19161,59161,N/A
19162,59162,N/A
19163,59163,N/A
19164,59164,N/A
19165,59165,N/A
19166,59166,N/A
19167,59167,N/A
19168,59168,N/A
19169,59169,N/A
19170,59170,N/A
19171,59171,N/A
19172,59172,N/A
19173,59173,N/A
19174,59174,N/A
19175,59175,N/A
19176,59176,N/A
19177,59177,N/A
19178,59178,N/A
19179,59179,N/A
19180,59180,N/A
19181,59181,N/A
19182,59182,N/A
19183,59183,N/A
19184,59184,N/A
19185,59185,N/A
19186,59186,N/A
19187,59187,N/A
19188,59188,N/A
19189,59189,N/A
19190,59190,N/A
19191,59191,N/A
19192,59192,N/A
19193,59193,N/A
19194,59194,N/A
19195,59195,N/A
19196,59196,N/A
19197,59197,N/A
19198,59198,N/A
19199,59199,N/A
19200,59200,N/A
19201,59201,N/A
19202,59202,N/A
19203,59203,N/A
19204,59204,N/A
19205,59205,N/A
19206,59206,N/A
19207,59207,N/A
19208,59208,N/A
19209,59209,N/A
19210,59210,N/A
19211,59211,N/A
19212,59212,N/A
19213,59213,N/A
19214,59214,N/A
19215,59215,N/A
19216,59216,N/A
19217,59217,N/A
19218,59218,N/A
19219,59219,N/A
19220,59220,N/A
19221,59221,N/A
19222,59222,N/A
19223,59223,N/A
19224,59224,N/A
19225,59225,N/A
19226,59226,N/A
19227,59227,N/A
19228,59228,N/A
19229,59229,N/A
19230,59230,N/A
19231,59231,N/A
19232,59232,N/A
19233,59233,N/A
19234,59234,N/A
19235,59235,N/A
19236,59236,N/A
19237,59237,N/A
19238,59238,N/A
19239,59239,N/A
19240,59240,N/A
19241,59241,N/A
19242,59242,N/A
19243,59243,N/A
19244,59244,N/A
19245,59245,N/A
19246,59246,N/A
19247,59247,N/A
19248,59248,N/A
19249,59249,N/A
19250,59250,N/A
19251,59251,N/A
19252,59252,N/A
19253,59253,N/A
19254,59254,N/A
19255,59255,N/A
19256,59256,N/A
19257,59257,N/A
19258,59258,N/A
19259,59259,N/A
19260,59260,N/A
19261,59261,N/A
19262,59262,N/A
19263,59263,N/A
19264,59264,N/A
19265,59265,N/A
19266,59266,N/A
19267,59267,N/A
19268,59268,N/A
19269,59269,N/A
19270,59270,N/A
19271,59271,N/A
19272,59272,N/A
19273,59273,N/A
19274,59274,N/A
19275,59275,N/A
19276,59276,N/A
19277,59277,N/A
19278,59278,N/A
19279,59279,N/A
19280,59280,N/A
19281,59281,N/A
19282,59282,N/A
19283,59283,N/A
19284,59284,N/A
19285,59285,N/A
19286,59286,N/A
19287,59287,N/A
19288,59288,N/A
19289,59289,N/A
19290,59290,N/A
19291,59291,N/A
19292,59292,N/A
19293,59293,N/A
19294,59294,N/A
19295,59295,N/A
19296,59296,N/A
19297,59297,N/A
19298,59298,N/A
19299,59299,N/A
19300,59300,N/A
19301,59301,N/A
19302,59302,N/A
19303,59303,N/A
19304,59304,N/A
19305,59305,N/A
19306,59306,N/A
19307,59307,N/A
19308,59308,N/A
19309,59309,N/A
19310,59310,N/A
19311,59311,N/A
19312,59312,N/A
19313,59313,N/A
19314,59314,N/A
19315,59315,N/A
19316,59316,N/A
19317,59317,N/A
19318,59318,N/A
19319,59319,N/A
19320,59320,N/A
19321,59321,N/A
19322,59322,N/A
19323,59323,N/A
19324,59324,N/A
19325,59325,N/A
19326,59326,N/A
19327,59327,N/A
19328,59328,N/A
19329,59329,N/A
19330,59330,N/A
19331,59331,N/A
19332,59332,N/A
19333,59333,N/A
19334,59334,N/A
19335,59335,N/A
19336,59336,N/A
19337,59337,N/A
19338,59338,N/A
19339,59339,N/A
19340,59340,N/A
19341,59341,N/A
19342,59342,N/A
19343,59343,N/A
19344,59344,N/A
19345,59345,N/A
19346,59346,N/A
19347,59347,N/A
19348,59348,N/A
19349,59349,N/A
19350,59350,N/A
19351,59351,N/A
19352,59352,N/A
19353,59353,N/A
19354,59354,N/A
19355,59355,N/A
19356,59356,N/A
19357,59357,N/A
19358,59358,N/A
19359,59359,N/A
19360,59360,N/A
19361,59361,N/A
19362,59362,N/A
19363,59363,N/A
19364,59364,N/A
19365,59365,N/A
19366,59366,N/A
19367,59367,N/A
19368,59368,N/A
19369,59369,N/A
19370,59370,N/A
19371,59371,N/A
19372,59372,N/A
19373,59373,N/A
19374,59374,N/A
19375,59375,N/A
19376,59376,N/A
19377,59377,N/A
19378,59378,N/A
19379,59379,N/A
19380,59380,N/A
19381,59381,N/A
19382,59382,N/A
19383,59383,N/A
19384,59384,N/A
19385,59385,N/A
19386,59386,N/A
19387,59387,N/A
19388,59388,N/A
19389,59389,N/A
19390,59390,N/A
19391,59391,N/A
19392,59392,N/A
19393,59393,N/A
19394,59394,N/A
19395,59395,N/A
19396,59396,N/A
19397,59397,N/A
19398,59398,N/A
19399,59399,N/A
19400,59400,N/A
19401,59401,N/A
19402,59402,N/A
19403,59403,N/A
19404,59404,N/A
19405,59405,N/A
19406,59406,N/A
19407,59407,N/A
19408,59408,N/A
19409,59409,N/A
19410,59410,N/A
19411,59411,N/A
19412,59412,N/A
19413,59413,N/A
19414,59414,N/A
19415,59415,N/A
19416,59416,N/A
19417,59417,N/A
19418,59418,N/A
19419,59419,N/A
19420,59420,N/A
19421,59421,N/A
19422,59422,N/A
19423,59423,N/A
19424,59424,N/A
19425,59425,N/A
19426,59426,N/A
19427,59427,N/A
19428,59428,N/A
19429,59429,N/A
19430,59430,N/A
19431,59431,N/A
19432,59432,N/A
19433,59433,N/A
19434,59434,N/A
19435,59435,N/A
19436,59436,N/A
19437,59437,N/A
19438,59438,N/A
19439,59439,N/A
19440,59440,N/A
19441,59441,N/A
19442,59442,N/A
19443,59443,N/A
19444,59444,N/A
19445,59445,N/A
19446,59446,N/A
19447,59447,N/A
19448,59448,N/A
19449,59449,N/A
19450,59450,N/A
19451,59451,N/A
19452,59452,N/A
19453,59453,N/A
19454,59454,N/A
19455,59455,N/A
19456,59456,N/A
19457,59457,N/A
19458,59458,N/A
19459,59459,N/A
19460,59460,N/A
19461,59461,N/A
19462,59462,N/A
19463,59463,N/A
19464,59464,N/A
19465,59465,N/A
19466,59466,N/A
19467,59467,N/A
19468,59468,N/A
19469,59469,N/A
19470,59470,N/A
19471,59471,N/A
19472,59472,N/A
19473,59473,N/A
19474,59474,N/A
19475,59475,N/A
19476,59476,N/A
19477,59477,N/A
19478,59478,N/A
19479,59479,N/A
19480,59480,N/A
19481,59481,N/A
19482,59482,N/A
19483,59483,N/A
19484,59484,N/A
19485,59485,N/A
19486,59486,N/A
19487,59487,N/A
19488,59488,N/A
19489,59489,N/A
19490,59490,N/A
19491,59491,N/A
19492,59492,N/A
19493,59493,N/A
19494,59494,N/A
19495,59495,N/A
19496,59496,N/A
19497,59497,N/A
19498,59498,N/A
19499,59499,N/A
19500,59500,N/A
19501,59501,N/A
19502,59502,N/A
19503,59503,N/A
19504,59504,N/A
19505,59505,N/A
19506,59506,N/A
19507,59507,N/A
19508,59508,N/A
19509,59509,N/A
19510,59510,N/A
19511,59511,N/A
19512,59512,N/A
19513,59513,N/A
19514,59514,N/A
19515,59515,N/A
19516,59516,N/A
19517,59517,N/A
19518,59518,N/A
19519,59519,N/A
19520,59520,N/A
19521,59521,N/A
19522,59522,N/A
19523,59523,N/A
19524,59524,N/A
19525,59525,N/A
19526,59526,N/A
19527,59527,N/A
19528,59528,N/A
19529,59529,N/A
19530,59530,N/A
19531,59531,N/A
19532,59532,N/A
19533,59533,N/A
19534,59534,N/A
19535,59535,N/A
19536,59536,N/A
19537,59537,N/A
19538,59538,N/A
19539,59539,N/A
19540,59540,N/A
19541,59541,N/A
19542,59542,N/A
19543,59543,N/A
19544,59544,N/A
19545,59545,N/A
19546,59546,N/A
19547,59547,N/A
19548,59548,N/A
19549,59549,N/A
19550,59550,N/A
19551,59551,N/A
19552,59552,N/A
19553,59553,N/A
19554,59554,N/A
19555,59555,N/A
19556,59556,N/A
19557,59557,N/A
19558,59558,N/A
19559,59559,N/A
19560,59560,N/A
19561,59561,N/A
19562,59562,N/A
19563,59563,N/A
19564,59564,N/A
19565,59565,N/A
19566,59566,N/A
19567,59567,N/A
19568,59568,N/A
19569,59569,N/A
19570,59570,N/A
19571,59571,N/A
19572,59572,N/A
19573,59573,N/A
19574,59574,N/A
19575,59575,N/A
19576,59576,N/A
19577,59577,N/A
19578,59578,N/A
19579,59579,N/A
19580,59580,N/A
19581,59581,N/A
19582,59582,N/A
19583,59583,N/A
19584,59584,N/A
19585,59585,N/A
19586,59586,N/A
19587,59587,N/A
19588,59588,N/A
19589,59589,N/A
19590,59590,N/A
19591,59591,N/A
19592,59592,N/A
19593,59593,N/A
19594,59594,N/A
19595,59595,N/A
19596,59596,N/A
19597,59597,N/A
19598,59598,N/A
19599,59599,N/A
19600,59600,N/A
19601,59601,N/A
19602,59602,N/A
19603,59603,N/A
19604,59604,N/A
19605,59605,N/A
19606,59606,N/A
19607,59607,N/A
19608,59608,N/A
19609,59609,N/A
19610,59610,N/A
19611,59611,N/A
19612,59612,N/A
19613,59613,N/A
19614,59614,N/A
19615,59615,N/A
19616,59616,N/A
19617,59617,N/A
19618,59618,N/A
19619,59619,N/A
19620,59620,N/A
19621,59621,N/A
19622,59622,N/A
19623,59623,N/A
19624,59624,N/A
19625,59625,N/A
19626,59626,N/A
19627,59627,N/A
19628,59628,N/A
19629,59629,N/A
19630,59630,N/A
19631,59631,N/A
19632,59632,N/A
19633,59633,N/A
19634,59634,N/A
19635,59635,N/A
19636,59636,N/A
19637,59637,N/A
19638,59638,N/A
19639,59639,N/A
19640,59640,N/A
19641,59641,N/A
19642,59642,N/A
19643,59643,N/A
19644,59644,N/A
19645,59645,N/A
19646,59646,N/A
19647,59647,N/A
19648,59648,N/A
19649,59649,N/A
19650,59650,N/A
19651,59651,N/A
19652,59652,N/A
19653,59653,N/A
19654,59654,N/A
19655,59655,N/A
19656,59656,N/A
19657,59657,N/A
19658,59658,N/A
19659,59659,N/A
19660,59660,N/A
19661,59661,N/A
19662,59662,N/A
19663,59663,N/A
19664,59664,N/A
19665,59665,N/A
19666,59666,N/A
19667,59667,N/A
19668,59668,N/A
19669,59669,N/A
19670,59670,N/A
19671,59671,N/A
19672,59672,N/A
19673,59673,N/A
19674,59674,N/A
19675,59675,N/A
19676,59676,N/A
19677,59677,N/A
19678,59678,N/A
19679,59679,N/A
19680,59680,N/A
19681,59681,N/A
19682,59682,N/A
19683,59683,N/A
19684,59684,N/A
19685,59685,N/A
19686,59686,N/A
19687,59687,N/A
19688,59688,N/A
19689,59689,N/A
19690,59690,N/A
19691,59691,N/A
19692,59692,N/A
19693,59693,N/A
19694,59694,N/A
19695,59695,N/A
19696,59696,N/A
19697,59697,N/A
19698,59698,N/A
19699,59699,N/A
19700,59700,N/A
19701,59701,N/A
19702,59702,N/A
19703,59703,N/A
19704,59704,N/A
19705,59705,N/A
19706,59706,N/A
19707,59707,N/A
19708,59708,N/A
19709,59709,N/A
19710,59710,N/A
19711,59711,N/A
19712,59712,N/A
19713,59713,N/A
19714,59714,N/A
19715,59715,N/A
19716,59716,N/A
19717,59717,N/A
19718,59718,N/A
19719,59719,N/A
19720,59720,N/A
19721,59721,N/A
19722,59722,N/A
19723,59723,N/A
19724,59724,N/A
19725,59725,N/A
19726,59726,N/A
19727,59727,N/A
19728,59728,N/A
19729,59729,N/A
19730,59730,N/A
19731,59731,N/A
19732,59732,N/A
19733,59733,N/A
19734,59734,N/A
19735,59735,N/A
19736,59736,N/A
19737,59737,N/A
19738,59738,N/A
19739,59739,N/A
19740,59740,N/A
19741,59741,N/A
19742,59742,N/A
19743,59743,N/A
19744,59744,N/A
19745,59745,N/A
19746,59746,N/A
19747,59747,N/A
19748,59748,N/A
19749,59749,N/A
19750,59750,N/A
19751,59751,N/A
19752,59752,N/A
19753,59753,N/A
19754,59754,N/A
19755,59755,N/A
19756,59756,N/A
19757,59757,N/A
19758,59758,N/A
19759,59759,N/A
19760,59760,N/A
19761,59761,N/A
19762,59762,N/A
19763,59763,N/A
19764,59764,N/A
19765,59765,N/A
19766,59766,N/A
19767,59767,N/A
19768,59768,N/A
19769,59769,N/A
19770,59770,N/A
19771,59771,N/A
19772,59772,N/A
19773,59773,N/A
19774,59774,N/A
19775,59775,N/A
19776,59776,N/A
19777,59777,N/A
19778,59778,N/A
19779,59779,N/A
19780,59780,N/A
19781,59781,N/A
19782,59782,N/A
19783,59783,N/A
19784,59784,N/A
19785,59785,N/A
19786,59786,N/A
19787,59787,N/A
19788,59788,N/A
19789,59789,N/A
19790,59790,N/A
19791,59791,N/A
19792,59792,N/A
19793,59793,N/A
19794,59794,N/A
19795,59795,N/A
19796,59796,N/A
19797,59797,N/A
19798,59798,N/A
19799,59799,N/A
19800,59800,N/A
19801,59801,N/A
19802,59802,N/A
19803,59803,N/A
19804,59804,N/A
19805,59805,N/A
19806,59806,N/A
19807,59807,N/A
19808,59808,N/A
19809,59809,N/A
19810,59810,N/A
19811,59811,N/A
19812,59812,N/A
19813,59813,N/A
19814,59814,N/A
19815,59815,N/A
19816,59816,N/A
19817,59817,N/A
19818,59818,N/A
19819,59819,N/A
19820,59820,N/A
19821,59821,N/A
19822,59822,N/A
19823,59823,N/A
19824,59824,N/A
19825,59825,N/A
19826,59826,N/A
19827,59827,N/A
19828,59828,N/A
19829,59829,N/A
19830,59830,N/A
19831,59831,N/A
19832,59832,N/A
19833,59833,N/A
19834,59834,N/A
19835,59835,N/A
19836,59836,N/A
19837,59837,N/A
19838,59838,N/A
19839,59839,N/A
19840,59840,N/A
19841,59841,N/A
19842,59842,N/A
19843,59843,N/A
19844,59844,N/A
19845,59845,N/A
19846,59846,N/A
19847,59847,N/A
19848,59848,N/A
19849,59849,N/A
19850,59850,N/A
19851,59851,N/A
19852,59852,N/A
19853,59853,N/A
19854,59854,N/A
19855,59855,N/A
19856,59856,N/A
19857,59857,N/A
19858,59858,N/A
19859,59859,N/A
19860,59860,N/A
19861,59861,N/A
19862,59862,N/A
19863,59863,N/A
19864,59864,N/A
19865,59865,N/A
19866,59866,N/A
19867,59867,N/A
19868,59868,N/A
19869,59869,N/A
19870,59870,N/A
19871,59871,N/A
19872,59872,N/A
19873,59873,N/A
19874,59874,N/A
19875,59875,N/A
19876,59876,N/A
19877,59877,N/A
19878,59878,N/A
19879,59879,N/A
19880,59880,N/A
19881,59881,N/A
19882,59882,N/A
19883,59883,N/A
19884,59884,N/A
19885,59885,N/A
19886,59886,N/A
19887,59887,N/A
19888,59888,N/A
19889,59889,N/A
19890,59890,N/A
19891,59891,N/A
19892,59892,N/A
19893,59893,N/A
19894,59894,N/A
19895,59895,N/A
19896,59896,N/A
19897,59897,N/A
19898,59898,N/A
19899,59899,N/A
19900,59900,N/A
19901,59901,N/A
19902,59902,N/A
19903,59903,N/A
19904,59904,N/A
19905,59905,N/A
19906,59906,N/A
19907,59907,N/A
19908,59908,N/A
19909,59909,N/A
19910,59910,N/A
19911,59911,N/A
19912,59912,N/A
19913,59913,N/A
19914,59914,N/A
19915,59915,N/A
19916,59916,N/A
19917,59917,N/A
19918,59918,N/A
19919,59919,N/A
19920,59920,N/A
19921,59921,N/A
19922,59922,N/A
19923,59923,N/A
19924,59924,N/A
19925,59925,N/A
19926,59926,N/A
19927,59927,N/A
19928,59928,N/A
19929,59929,N/A
19930,59930,N/A
19931,59931,N/A
19932,59932,N/A
19933,59933,N/A
19934,59934,N/A
19935,59935,N/A
19936,59936,N/A
19937,59937,N/A
19938,59938,N/A
19939,59939,N/A
19940,59940,N/A
19941,59941,N/A
19942,59942,N/A
19943,59943,N/A
19944,59944,N/A
19945,59945,N/A
19946,59946,N/A
19947,59947,N/A
19948,59948,N/A
19949,59949,N/A
19950,59950,N/A
19951,59951,N/A
19952,59952,N/A
19953,59953,N/A
19954,59954,N/A
19955,59955,N/A
19956,59956,N/A
19957,59957,N/A
19958,59958,N/A
19959,59959,N/A
19960,59960,N/A
19961,59961,N/A
19962,59962,N/A
19963,59963,N/A
19964,59964,N/A
19965,59965,N/A
19966,59966,N/A
19967,59967,N/A
19968,59968,N/A
19969,59969,N/A
19970,59970,N/A
19971,59971,N/A
19972,59972,N/A
19973,59973,N/A
19974,59974,N/A
19975,59975,N/A
19976,59976,N/A
19977,59977,N/A
19978,59978,N/A
19979,59979,N/A
19980,59980,N/A
19981,59981,N/A
19982,59982,N/A
19983,59983,N/A
19984,59984,N/A
19985,59985,N/A
19986,59986,N/A
19987,59987,N/A
19988,59988,N/A
19989,59989,N/A
19990,59990,N/A
19991,59991,N/A
19992,59992,N/A
19993,59993,N/A
19994,59994,N/A
19995,59995,N/A
19996,59996,N/A
19997,59997,N/A
19998,59998,N/A
19999,59999,N/A
20000,60000,N/A
20001,60001,N/A
20002,60002,N/A
20003,60003,N/A
20004,60004,N/A
20005,60005,N/A
20006,60006,N/A
20007,60007,N/A
20008,60008,N/A
20009,60009,N/A
20010,60010,N/A
20011,60011,N/A
20012,60012,N/A
20013,60013,N/A
20014,60014,N/A
20015,60015,N/A
20016,60016,N/A
20017,60017,N/A
20018,60018,N/A
20019,60019,N/A
20020,60020,N/A
20021,60021,N/A
20022,60022,N/A
20023,60023,N/A
20024,60024,N/A
20025,60025,N/A
20026,60026,N/A
20027,60027,N/A
20028,60028,N/A
20029,60029,N/A
20030,60030,N/A
20031,60031,N/A
20032,60032,N/A
20033,60033,N/A
20034,60034,N/A
20035,60035,N/A
20036,60036,N/A
20037,60037,N/A
20038,60038,N/A
20039,60039,N/A
20040,60040,N/A
20041,60041,N/A
20042,60042,N/A
20043,60043,N/A
20044,60044,N/A
20045,60045,N/A
20046,60046,N/A
20047,60047,N/A
20048,60048,N/A
20049,60049,N/A
20050,60050,N/A
20051,60051,N/A
20052,60052,N/A
20053,60053,N/A
20054,60054,N/A
20055,60055,N/A
20056,60056,N/A
20057,60057,N/A
20058,60058,N/A
20059,60059,N/A
20060,60060,N/A
20061,60061,N/A
20062,60062,N/A
20063,60063,N/A
20064,60064,N/A
20065,60065,N/A
20066,60066,N/A
20067,60067,N/A
20068,60068,N/A
20069,60069,N/A
20070,60070,N/A
20071,60071,N/A
20072,60072,N/A
20073,60073,N/A
20074,60074,N/A
20075,60075,N/A
20076,60076,N/A
20077,60077,N/A
20078,60078,N/A
20079,60079,N/A
20080,60080,N/A
20081,60081,N/A
20082,60082,N/A
20083,60083,N/A
20084,60084,N/A
20085,60085,N/A
20086,60086,N/A
20087,60087,N/A
20088,60088,N/A
20089,60089,N/A
20090,60090,N/A
20091,60091,N/A
20092,60092,N/A
20093,60093,N/A
20094,60094,N/A
20095,60095,N/A
20096,60096,N/A
20097,60097,N/A
20098,60098,N/A
20099,60099,N/A
20100,60100,N/A
20101,60101,N/A
20102,60102,N/A
20103,60103,N/A
20104,60104,N/A
20105,60105,N/A
20106,60106,N/A
20107,60107,N/A
20108,60108,N/A
20109,60109,N/A
20110,60110,N/A
20111,60111,N/A
20112,60112,N/A
20113,60113,N/A
20114,60114,N/A
20115,60115,N/A
20116,60116,N/A
20117,60117,N/A
20118,60118,N/A
20119,60119,N/A
20120,60120,N/A
20121,60121,N/A
20122,60122,N/A
20123,60123,N/A
20124,60124,N/A
20125,60125,N/A
20126,60126,N/A
20127,60127,N/A
20128,60128,N/A
20129,60129,N/A
20130,60130,N/A
20131,60131,N/A
20132,60132,N/A
20133,60133,N/A
20134,60134,N/A
20135,60135,N/A
20136,60136,N/A
20137,60137,N/A
20138,60138,N/A
20139,60139,N/A
20140,60140,N/A
20141,60141,N/A
20142,60142,N/A
20143,60143,N/A
20144,60144,N/A
20145,60145,N/A
20146,60146,N/A
20147,60147,N/A
20148,60148,N/A
20149,60149,N/A
20150,60150,N/A
20151,60151,N/A
20152,60152,N/A
20153,60153,N/A
20154,60154,N/A
20155,60155,N/A
20156,60156,N/A
20157,60157,N/A
20158,60158,N/A
20159,60159,N/A
20160,60160,N/A
20161,60161,N/A
20162,60162,N/A
20163,60163,N/A
20164,60164,N/A
20165,60165,N/A
20166,60166,N/A
20167,60167,N/A
20168,60168,N/A
20169,60169,N/A
20170,60170,N/A
20171,60171,N/A
20172,60172,N/A
20173,60173,N/A
20174,60174,N/A
20175,60175,N/A
20176,60176,N/A
20177,60177,N/A
20178,60178,N/A
20179,60179,N/A
20180,60180,N/A
20181,60181,N/A
20182,60182,N/A
20183,60183,N/A
20184,60184,N/A
20185,60185,N/A
20186,60186,N/A
20187,60187,N/A
20188,60188,N/A
20189,60189,N/A
20190,60190,N/A
20191,60191,N/A
20192,60192,N/A
20193,60193,N/A
20194,60194,N/A
20195,60195,N/A
20196,60196,N/A
20197,60197,N/A
20198,60198,N/A
20199,60199,N/A
20200,60200,N/A
20201,60201,N/A
20202,60202,N/A
20203,60203,N/A
20204,60204,N/A
20205,60205,N/A
20206,60206,N/A
20207,60207,N/A
20208,60208,N/A
20209,60209,N/A
20210,60210,N/A
20211,60211,N/A
20212,60212,N/A
20213,60213,N/A
20214,60214,N/A
20215,60215,N/A
20216,60216,N/A
20217,60217,N/A
20218,60218,N/A
20219,60219,N/A
20220,60220,N/A
20221,60221,N/A
20222,60222,N/A
20223,60223,N/A
20224,60224,N/A
20225,60225,N/A
20226,60226,N/A
20227,60227,N/A
20228,60228,N/A
20229,60229,N/A
20230,60230,N/A
20231,60231,N/A
20232,60232,N/A
20233,60233,N/A
20234,60234,N/A
20235,60235,N/A
20236,60236,N/A
20237,60237,N/A
20238,60238,N/A
20239,60239,N/A
20240,60240,N/A
20241,60241,N/A
20242,60242,N/A
20243,60243,N/A
20244,60244,N/A
20245,60245,N/A
20246,60246,N/A
20247,60247,N/A
20248,60248,N/A
20249,60249,N/A
20250,60250,N/A
20251,60251,N/A
20252,60252,N/A
20253,60253,N/A
20254,60254,N/A
20255,60255,N/A
20256,60256,N/A
20257,60257,N/A
20258,60258,N/A
20259,60259,N/A
20260,60260,N/A
20261,60261,N/A
20262,60262,N/A
20263,60263,N/A
20264,60264,N/A
20265,60265,N/A
20266,60266,N/A
20267,60267,N/A
20268,60268,N/A
20269,60269,N/A
20270,60270,N/A
20271,60271,N/A
20272,60272,N/A
20273,60273,N/A
20274,60274,N/A
20275,60275,N/A
20276,60276,N/A
20277,60277,N/A
20278,60278,N/A
20279,60279,N/A
20280,60280,N/A
20281,60281,N/A
20282,60282,N/A
20283,60283,N/A
20284,60284,N/A
20285,60285,N/A
20286,60286,N/A
20287,60287,N/A
20288,60288,N/A
20289,60289,N/A
20290,60290,N/A
20291,60291,N/A
20292,60292,N/A
20293,60293,N/A
20294,60294,N/A
20295,60295,N/A
20296,60296,N/A
20297,60297,N/A
20298,60298,N/A
20299,60299,N/A
20300,60300,N/A
20301,60301,N/A
20302,60302,N/A
20303,60303,N/A
20304,60304,N/A
20305,60305,N/A
20306,60306,N/A
20307,60307,N/A
20308,60308,N/A
20309,60309,N/A
20310,60310,N/A
20311,60311,N/A
20312,60312,N/A
20313,60313,N/A
20314,60314,N/A
20315,60315,N/A
20316,60316,N/A
20317,60317,N/A
20318,60318,N/A
20319,60319,N/A
20320,60320,N/A
20321,60321,N/A
20322,60322,N/A
20323,60323,N/A
20324,60324,N/A
20325,60325,N/A
20326,60326,N/A
20327,60327,N/A
20328,60328,N/A
20329,60329,N/A
20330,60330,N/A
20331,60331,N/A
20332,60332,N/A
20333,60333,N/A
20334,60334,N/A
20335,60335,N/A
20336,60336,N/A
20337,60337,N/A
20338,60338,N/A
20339,60339,N/A
20340,60340,N/A
20341,60341,N/A
20342,60342,N/A
20343,60343,N/A
20344,60344,N/A
20345,60345,N/A
20346,60346,N/A
20347,60347,N/A
20348,60348,N/A
20349,60349,N/A
20350,60350,N/A
20351,60351,N/A
20352,60352,N/A
20353,60353,N/A
20354,60354,N/A
20355,60355,N/A
20356,60356,N/A
20357,60357,N/A
20358,60358,N/A
20359,60359,N/A
20360,60360,N/A
20361,60361,N/A
20362,60362,N/A
20363,60363,N/A
20364,60364,N/A
20365,60365,N/A
20366,60366,N/A
20367,60367,N/A
20368,60368,N/A
20369,60369,N/A
20370,60370,N/A
20371,60371,N/A
20372,60372,N/A
20373,60373,N/A
20374,60374,N/A
20375,60375,N/A
20376,60376,N/A
20377,60377,N/A
20378,60378,N/A
20379,60379,N/A
20380,60380,N/A
20381,60381,N/A
20382,60382,N/A
20383,60383,N/A
20384,60384,N/A
20385,60385,N/A
20386,60386,N/A
20387,60387,N/A
20388,60388,N/A
20389,60389,N/A
20390,60390,N/A
20391,60391,N/A
20392,60392,N/A
20393,60393,N/A
20394,60394,N/A
20395,60395,N/A
20396,60396,N/A
20397,60397,N/A
20398,60398,N/A
20399,60399,N/A
20400,60400,N/A
20401,60401,N/A
20402,60402,N/A
20403,60403,N/A
20404,60404,N/A
20405,60405,N/A
20406,60406,N/A
20407,60407,N/A
20408,60408,N/A
20409,60409,N/A
20410,60410,N/A
20411,60411,N/A
20412,60412,N/A
20413,60413,N/A
20414,60414,N/A
20415,60415,N/A
20416,60416,N/A
20417,60417,N/A
20418,60418,N/A
20419,60419,N/A
20420,60420,N/A
20421,60421,N/A
20422,60422,N/A
20423,60423,N/A
20424,60424,N/A
20425,60425,N/A
20426,60426,N/A
20427,60427,N/A
20428,60428,N/A
20429,60429,N/A
20430,60430,N/A
20431,60431,N/A
20432,60432,N/A
20433,60433,N/A
20434,60434,N/A
20435,60435,N/A
20436,60436,N/A
20437,60437,N/A
20438,60438,N/A
20439,60439,N/A
20440,60440,N/A
20441,60441,N/A
20442,60442,N/A
20443,60443,N/A
20444,60444,N/A
20445,60445,N/A
20446,60446,N/A
20447,60447,N/A
20448,60448,N/A
20449,60449,N/A
20450,60450,N/A
20451,60451,N/A
20452,60452,N/A
20453,60453,N/A
20454,60454,N/A
20455,60455,N/A
20456,60456,N/A
20457,60457,N/A
20458,60458,N/A
20459,60459,N/A
20460,60460,N/A
20461,60461,N/A
20462,60462,N/A
20463,60463,N/A
20464,60464,N/A
20465,60465,N/A
20466,60466,N/A
20467,60467,N/A
20468,60468,N/A
20469,60469,N/A
20470,60470,N/A
20471,60471,N/A
20472,60472,N/A
20473,60473,N/A
20474,60474,N/A
20475,60475,N/A
20476,60476,N/A
20477,60477,N/A
20478,60478,N/A
20479,60479,N/A
20480,60480,N/A
20481,60481,N/A
20482,60482,N/A
20483,60483,N/A
20484,60484,N/A
20485,60485,N/A
20486,60486,N/A
20487,60487,N/A
20488,60488,N/A
20489,60489,N/A
20490,60490,N/A
20491,60491,N/A
20492,60492,N/A
20493,60493,N/A
20494,60494,N/A
20495,60495,N/A
20496,60496,N/A
20497,60497,N/A
20498,60498,N/A
20499,60499,N/A
20500,60500,N/A
20501,60501,N/A
20502,60502,N/A
20503,60503,N/A
20504,60504,N/A
20505,60505,N/A
20506,60506,N/A
20507,60507,N/A
20508,60508,N/A
20509,60509,N/A
20510,60510,N/A
20511,60511,N/A
20512,60512,N/A
20513,60513,N/A
20514,60514,N/A
20515,60515,N/A
20516,60516,N/A
20517,60517,N/A
20518,60518,N/A
20519,60519,N/A
20520,60520,N/A
20521,60521,N/A
20522,60522,N/A
20523,60523,N/A
20524,60524,N/A
20525,60525,N/A
20526,60526,N/A
20527,60527,N/A
20528,60528,N/A
20529,60529,N/A
20530,60530,N/A
20531,60531,N/A
20532,60532,N/A
20533,60533,N/A
20534,60534,N/A
20535,60535,N/A
20536,60536,N/A
20537,60537,N/A
20538,60538,N/A
20539,60539,N/A
20540,60540,N/A
20541,60541,N/A
20542,60542,N/A
20543,60543,N/A
20544,60544,N/A
20545,60545,N/A
20546,60546,N/A
20547,60547,N/A
20548,60548,N/A
20549,60549,N/A
20550,60550,N/A
20551,60551,N/A
20552,60552,N/A
20553,60553,N/A
20554,60554,N/A
20555,60555,N/A
20556,60556,N/A
20557,60557,N/A
20558,60558,N/A
20559,60559,N/A
20560,60560,N/A
20561,60561,N/A
20562,60562,N/A
20563,60563,N/A
20564,60564,N/A
20565,60565,N/A
20566,60566,N/A
20567,60567,N/A
20568,60568,N/A
20569,60569,N/A
20570,60570,N/A
20571,60571,N/A
20572,60572,N/A
20573,60573,N/A
20574,60574,N/A
20575,60575,N/A
20576,60576,N/A
20577,60577,N/A
20578,60578,N/A
20579,60579,N/A
20580,60580,N/A
20581,60581,N/A
20582,60582,N/A
20583,60583,N/A
20584,60584,N/A
20585,60585,N/A
20586,60586,N/A
20587,60587,N/A
20588,60588,N/A
20589,60589,N/A
20590,60590,N/A
20591,60591,N/A
20592,60592,N/A
20593,60593,N/A
20594,60594,N/A
20595,60595,N/A
20596,60596,N/A
20597,60597,N/A
20598,60598,N/A
20599,60599,N/A
20600,60600,N/A
20601,60601,N/A
20602,60602,N/A
20603,60603,N/A
20604,60604,N/A
20605,60605,N/A
20606,60606,N/A
20607,60607,N/A
20608,60608,N/A
20609,60609,N/A
20610,60610,N/A
20611,60611,N/A
20612,60612,N/A
20613,60613,N/A
20614,60614,N/A
20615,60615,N/A
20616,60616,N/A
20617,60617,N/A
20618,60618,N/A
20619,60619,N/A
20620,60620,N/A
20621,60621,N/A
20622,60622,N/A
20623,60623,N/A
20624,60624,N/A
20625,60625,N/A
20626,60626,N/A
20627,60627,N/A
20628,60628,N/A
20629,60629,N/A
20630,60630,N/A
20631,60631,N/A
20632,60632,N/A
20633,60633,N/A
20634,60634,N/A
20635,60635,N/A
20636,60636,N/A
20637,60637,N/A
20638,60638,N/A
20639,60639,N/A
20640,60640,N/A
20641,60641,N/A
20642,60642,N/A
20643,60643,N/A
20644,60644,N/A
20645,60645,N/A
20646,60646,N/A
20647,60647,N/A
20648,60648,N/A
20649,60649,N/A
20650,60650,N/A
20651,60651,N/A
20652,60652,N/A
20653,60653,N/A
20654,60654,N/A
20655,60655,N/A
20656,60656,N/A
20657,60657,N/A
20658,60658,N/A
20659,60659,N/A
20660,60660,N/A
20661,60661,N/A
20662,60662,N/A
20663,60663,N/A
20664,60664,N/A
20665,60665,N/A
20666,60666,N/A
20667,60667,N/A
20668,60668,N/A
20669,60669,N/A
20670,60670,N/A
20671,60671,N/A
20672,60672,N/A
20673,60673,N/A
20674,60674,N/A
20675,60675,N/A
20676,60676,N/A
20677,60677,N/A
20678,60678,N/A
20679,60679,N/A
20680,60680,N/A
20681,60681,N/A
20682,60682,N/A
20683,60683,N/A
20684,60684,N/A
20685,60685,N/A
20686,60686,N/A
20687,60687,N/A
20688,60688,N/A
20689,60689,N/A
20690,60690,N/A
20691,60691,N/A
20692,60692,N/A
20693,60693,N/A
20694,60694,N/A
20695,60695,N/A
20696,60696,N/A
20697,60697,N/A
20698,60698,N/A
20699,60699,N/A
20700,60700,N/A
20701,60701,N/A
20702,60702,N/A
20703,60703,N/A
20704,60704,N/A
20705,60705,N/A
20706,60706,N/A
20707,60707,N/A
20708,60708,N/A
20709,60709,N/A
20710,60710,N/A
20711,60711,N/A
20712,60712,N/A
20713,60713,N/A
20714,60714,N/A
20715,60715,N/A
20716,60716,N/A
20717,60717,N/A
20718,60718,N/A
20719,60719,N/A
20720,60720,N/A
20721,60721,N/A
20722,60722,N/A
20723,60723,N/A
20724,60724,N/A
20725,60725,N/A
20726,60726,N/A
20727,60727,N/A
20728,60728,N/A
20729,60729,N/A
20730,60730,N/A
20731,60731,N/A
20732,60732,N/A
20733,60733,N/A
20734,60734,N/A
20735,60735,N/A
20736,60736,N/A
20737,60737,N/A
20738,60738,N/A
20739,60739,N/A
20740,60740,N/A
20741,60741,N/A
20742,60742,N/A
20743,60743,N/A
20744,60744,N/A
20745,60745,N/A
20746,60746,N/A
20747,60747,N/A
20748,60748,N/A
20749,60749,N/A
20750,60750,N/A
20751,60751,N/A
20752,60752,N/A
20753,60753,N/A
20754,60754,N/A
20755,60755,N/A
20756,60756,N/A
20757,60757,N/A
20758,60758,N/A
20759,60759,N/A
20760,60760,N/A
20761,60761,N/A
20762,60762,N/A
20763,60763,N/A
20764,60764,N/A
20765,60765,N/A
20766,60766,N/A
20767,60767,N/A
20768,60768,N/A
20769,60769,N/A
20770,60770,N/A
20771,60771,N/A
20772,60772,N/A
20773,60773,N/A
20774,60774,N/A
20775,60775,N/A
20776,60776,N/A
20777,60777,N/A
20778,60778,N/A
20779,60779,N/A
20780,60780,N/A
20781,60781,N/A
20782,60782,N/A
20783,60783,N/A
20784,60784,N/A
20785,60785,N/A
20786,60786,N/A
20787,60787,N/A
20788,60788,N/A
20789,60789,N/A
20790,60790,N/A
20791,60791,N/A
20792,60792,N/A
20793,60793,N/A
20794,60794,N/A
20795,60795,N/A
20796,60796,N/A
20797,60797,N/A
20798,60798,N/A
20799,60799,N/A
20800,60800,N/A
20801,60801,N/A
20802,60802,N/A
20803,60803,N/A
20804,60804,N/A
20805,60805,N/A
20806,60806,N/A
20807,60807,N/A
20808,60808,N/A
20809,60809,N/A
20810,60810,N/A
20811,60811,N/A
20812,60812,N/A
20813,60813,N/A
20814,60814,N/A
20815,60815,N/A
20816,60816,N/A
20817,60817,N/A
20818,60818,N/A
20819,60819,N/A
20820,60820,N/A
20821,60821,N/A
20822,60822,N/A
20823,60823,N/A
20824,60824,N/A
20825,60825,N/A
20826,60826,N/A
20827,60827,N/A
20828,60828,N/A
20829,60829,N/A
20830,60830,N/A
20831,60831,N/A
20832,60832,N/A
20833,60833,N/A
20834,60834,N/A
20835,60835,N/A
20836,60836,N/A
20837,60837,N/A
20838,60838,N/A
20839,60839,N/A
20840,60840,N/A
20841,60841,N/A
20842,60842,N/A
20843,60843,N/A
20844,60844,N/A
20845,60845,N/A
20846,60846,N/A
20847,60847,N/A
20848,60848,N/A
20849,60849,N/A
20850,60850,N/A
20851,60851,N/A
20852,60852,N/A
20853,60853,N/A
20854,60854,N/A
20855,60855,N/A
20856,60856,N/A
20857,60857,N/A
20858,60858,N/A
20859,60859,N/A
20860,60860,N/A
20861,60861,N/A
20862,60862,N/A
20863,60863,N/A
20864,60864,N/A
20865,60865,N/A
20866,60866,N/A
20867,60867,N/A
20868,60868,N/A
20869,60869,N/A
20870,60870,N/A
20871,60871,N/A
20872,60872,N/A
20873,60873,N/A
20874,60874,N/A
20875,60875,N/A
20876,60876,N/A
20877,60877,N/A
20878,60878,N/A
20879,60879,N/A
20880,60880,N/A
20881,60881,N/A
20882,60882,N/A
20883,60883,N/A
20884,60884,N/A
20885,60885,N/A
20886,60886,N/A
20887,60887,N/A
20888,60888,N/A
20889,60889,N/A
20890,60890,N/A
20891,60891,N/A
20892,60892,N/A
20893,60893,N/A
20894,60894,N/A
20895,60895,N/A
20896,60896,N/A
20897,60897,N/A
20898,60898,N/A
20899,60899,N/A
20900,60900,N/A
20901,60901,N/A
20902,60902,N/A
20903,60903,N/A
20904,60904,N/A
20905,60905,N/A
20906,60906,N/A
20907,60907,N/A
20908,60908,N/A
20909,60909,N/A
20910,60910,N/A
20911,60911,N/A
20912,60912,N/A
20913,60913,N/A
20914,60914,N/A
20915,60915,N/A
20916,60916,N/A
20917,60917,N/A
20918,60918,N/A
20919,60919,N/A
20920,60920,N/A
20921,60921,N/A
20922,60922,N/A
20923,60923,N/A
20924,60924,N/A
20925,60925,N/A
20926,60926,N/A
20927,60927,N/A
20928,60928,N/A
20929,60929,N/A
20930,60930,N/A
20931,60931,N/A
20932,60932,N/A
20933,60933,N/A
20934,60934,N/A
20935,60935,N/A
20936,60936,N/A
20937,60937,N/A
20938,60938,N/A
20939,60939,N/A
20940,60940,N/A
20941,60941,N/A
20942,60942,N/A
20943,60943,N/A
20944,60944,N/A
20945,60945,N/A
20946,60946,N/A
20947,60947,N/A
20948,60948,N/A
20949,60949,N/A
20950,60950,N/A
20951,60951,N/A
20952,60952,N/A
20953,60953,N/A
20954,60954,N/A
20955,60955,N/A
20956,60956,N/A
20957,60957,N/A
20958,60958,N/A
20959,60959,N/A
20960,60960,N/A
20961,60961,N/A
20962,60962,N/A
20963,60963,N/A
20964,60964,N/A
20965,60965,N/A
20966,60966,N/A
20967,60967,N/A
20968,60968,N/A
20969,60969,N/A
20970,60970,N/A
20971,60971,N/A
20972,60972,N/A
20973,60973,N/A
20974,60974,N/A
20975,60975,N/A
20976,60976,N/A
20977,60977,N/A
20978,60978,N/A
20979,60979,N/A
20980,60980,N/A
20981,60981,N/A
20982,60982,N/A
20983,60983,N/A
20984,60984,N/A
20985,60985,N/A
20986,60986,N/A
20987,60987,N/A
20988,60988,N/A
20989,60989,N/A
20990,60990,N/A
20991,60991,N/A
20992,60992,N/A
20993,60993,N/A
20994,60994,N/A
20995,60995,N/A
20996,60996,N/A
20997,60997,N/A
20998,60998,N/A
20999,60999,N/A
21000,61000,N/A
21001,61001,N/A
21002,61002,N/A
21003,61003,N/A
21004,61004,N/A
21005,61005,N/A
21006,61006,N/A
21007,61007,N/A
21008,61008,N/A
21009,61009,N/A
21010,61010,N/A
21011,61011,N/A
21012,61012,N/A
21013,61013,N/A
21014,61014,N/A
21015,61015,N/A
21016,61016,N/A
21017,61017,N/A
21018,61018,N/A
21019,61019,N/A
21020,61020,N/A
21021,61021,N/A
21022,61022,N/A
21023,61023,N/A
21024,61024,N/A
21025,61025,N/A
21026,61026,N/A
21027,61027,N/A
21028,61028,N/A
21029,61029,N/A
21030,61030,N/A
21031,61031,N/A
21032,61032,N/A
21033,61033,N/A
21034,61034,N/A
21035,61035,N/A
21036,61036,N/A
21037,61037,N/A
21038,61038,N/A
21039,61039,N/A
21040,61040,N/A
21041,61041,N/A
21042,61042,N/A
21043,61043,N/A
21044,61044,N/A
21045,61045,N/A
21046,61046,N/A
21047,61047,N/A
21048,61048,N/A
21049,61049,N/A
21050,61050,N/A
21051,61051,N/A
21052,61052,N/A
21053,61053,N/A
21054,61054,N/A
21055,61055,N/A
21056,61056,N/A
21057,61057,N/A
21058,61058,N/A
21059,61059,N/A
21060,61060,N/A
21061,61061,N/A
21062,61062,N/A
21063,61063,N/A
21064,61064,N/A
21065,61065,N/A
21066,61066,N/A
21067,61067,N/A
21068,61068,N/A
21069,61069,N/A
21070,61070,N/A
21071,61071,N/A
21072,61072,N/A
21073,61073,N/A
21074,61074,N/A
21075,61075,N/A
21076,61076,N/A
21077,61077,N/A
21078,61078,N/A
21079,61079,N/A
21080,61080,N/A
21081,61081,N/A
21082,61082,N/A
21083,61083,N/A
21084,61084,N/A
21085,61085,N/A
21086,61086,N/A
21087,61087,N/A
21088,61088,N/A
21089,61089,N/A
21090,61090,N/A
21091,61091,N/A
21092,61092,N/A
21093,61093,N/A
21094,61094,N/A
21095,61095,N/A
21096,61096,N/A
21097,61097,N/A
21098,61098,N/A
21099,61099,N/A
21100,61100,N/A
21101,61101,N/A
21102,61102,N/A
21103,61103,N/A
21104,61104,N/A
21105,61105,N/A
21106,61106,N/A
21107,61107,N/A
21108,61108,N/A
21109,61109,N/A
21110,61110,N/A
21111,61111,N/A
21112,61112,N/A
21113,61113,N/A
21114,61114,N/A
21115,61115,N/A
21116,61116,N/A
21117,61117,N/A
21118,61118,N/A
21119,61119,N/A
21120,61120,N/A
21121,61121,N/A
21122,61122,N/A
21123,61123,N/A
21124,61124,N/A
21125,61125,N/A
21126,61126,N/A
21127,61127,N/A
21128,61128,N/A
21129,61129,N/A
21130,61130,N/A
21131,61131,N/A
21132,61132,N/A
21133,61133,N/A
21134,61134,N/A
21135,61135,N/A
21136,61136,N/A
21137,61137,N/A
21138,61138,N/A
21139,61139,N/A
21140,61140,N/A
21141,61141,N/A
21142,61142,N/A
21143,61143,N/A
21144,61144,N/A
21145,61145,N/A
21146,61146,N/A
21147,61147,N/A
21148,61148,N/A
21149,61149,N/A
21150,61150,N/A
21151,61151,N/A
21152,61152,N/A
21153,61153,N/A
21154,61154,N/A
21155,61155,N/A
21156,61156,N/A
21157,61157,N/A
21158,61158,N/A
21159,61159,N/A
21160,61160,N/A
21161,61161,N/A
21162,61162,N/A
21163,61163,N/A
21164,61164,N/A
21165,61165,N/A
21166,61166,N/A
21167,61167,N/A
21168,61168,N/A
21169,61169,N/A
21170,61170,N/A
21171,61171,N/A
21172,61172,N/A
21173,61173,N/A
21174,61174,N/A
21175,61175,N/A
21176,61176,N/A
21177,61177,N/A
21178,61178,N/A
21179,61179,N/A
21180,61180,N/A
21181,61181,N/A
21182,61182,N/A
21183,61183,N/A
21184,61184,N/A
21185,61185,N/A
21186,61186,N/A
21187,61187,N/A
21188,61188,N/A
21189,61189,N/A
21190,61190,N/A
21191,61191,N/A
21192,61192,N/A
21193,61193,N/A
21194,61194,N/A
21195,61195,N/A
21196,61196,N/A
21197,61197,N/A
21198,61198,N/A
21199,61199,N/A
21200,61200,N/A
21201,61201,N/A
21202,61202,N/A
21203,61203,N/A
21204,61204,N/A
21205,61205,N/A
21206,61206,N/A
21207,61207,N/A
21208,61208,N/A
21209,61209,N/A
21210,61210,N/A
21211,61211,N/A
21212,61212,N/A
21213,61213,N/A
21214,61214,N/A
21215,61215,N/A
21216,61216,N/A
21217,61217,N/A
21218,61218,N/A
21219,61219,N/A
21220,61220,N/A
21221,61221,N/A
21222,61222,N/A
21223,61223,N/A
21224,61224,N/A
21225,61225,N/A
21226,61226,N/A
21227,61227,N/A
21228,61228,N/A
21229,61229,N/A
21230,61230,N/A
21231,61231,N/A
21232,61232,N/A
21233,61233,N/A
21234,61234,N/A
21235,61235,N/A
21236,61236,N/A
21237,61237,N/A
21238,61238,N/A
21239,61239,N/A
21240,61240,N/A
21241,61241,N/A
21242,61242,N/A
21243,61243,N/A
21244,61244,N/A
21245,61245,N/A
21246,61246,N/A
21247,61247,N/A
21248,61248,N/A
21249,61249,N/A
21250,61250,N/A
21251,61251,N/A
21252,61252,N/A
21253,61253,N/A
21254,61254,N/A
21255,61255,N/A
21256,61256,N/A
21257,61257,N/A
21258,61258,N/A
21259,61259,N/A
21260,61260,N/A
21261,61261,N/A
21262,61262,N/A
21263,61263,N/A
21264,61264,N/A
21265,61265,N/A
21266,61266,N/A
21267,61267,N/A
21268,61268,N/A
21269,61269,N/A
21270,61270,N/A
21271,61271,N/A
21272,61272,N/A
21273,61273,N/A
21274,61274,N/A
21275,61275,N/A
21276,61276,N/A
21277,61277,N/A
21278,61278,N/A
21279,61279,N/A
21280,61280,N/A
21281,61281,N/A
21282,61282,N/A
21283,61283,N/A
21284,61284,N/A
21285,61285,N/A
21286,61286,N/A
21287,61287,N/A
21288,61288,N/A
21289,61289,N/A
21290,61290,N/A
21291,61291,N/A
21292,61292,N/A
21293,61293,N/A
21294,61294,N/A
21295,61295,N/A
21296,61296,N/A
21297,61297,N/A
21298,61298,N/A
21299,61299,N/A
21300,61300,N/A
21301,61301,N/A
21302,61302,N/A
21303,61303,N/A
21304,61304,N/A
21305,61305,N/A
21306,61306,N/A
21307,61307,N/A
21308,61308,N/A
21309,61309,N/A
21310,61310,N/A
21311,61311,N/A
21312,61312,N/A
21313,61313,N/A
21314,61314,N/A
21315,61315,N/A
21316,61316,N/A
21317,61317,N/A
21318,61318,N/A
21319,61319,N/A
21320,61320,N/A
21321,61321,N/A
21322,61322,N/A
21323,61323,N/A
21324,61324,N/A
21325,61325,N/A
21326,61326,N/A
21327,61327,N/A
21328,61328,N/A
21329,61329,N/A
21330,61330,N/A
21331,61331,N/A
21332,61332,N/A
21333,61333,N/A
21334,61334,N/A
21335,61335,N/A
21336,61336,N/A
21337,61337,N/A
21338,61338,N/A
21339,61339,N/A
21340,61340,N/A
21341,61341,N/A
21342,61342,N/A
21343,61343,N/A
21344,61344,N/A
21345,61345,N/A
21346,61346,N/A
21347,61347,N/A
21348,61348,N/A
21349,61349,N/A
21350,61350,N/A
21351,61351,N/A
21352,61352,N/A
21353,61353,N/A
21354,61354,N/A
21355,61355,N/A
21356,61356,N/A
21357,61357,N/A
21358,61358,N/A
21359,61359,N/A
21360,61360,N/A
21361,61361,N/A
21362,61362,N/A
21363,61363,N/A
21364,61364,N/A
21365,61365,N/A
21366,61366,N/A
21367,61367,N/A
21368,61368,N/A
21369,61369,N/A
21370,61370,N/A
21371,61371,N/A
21372,61372,N/A
21373,61373,N/A
21374,61374,N/A
21375,61375,N/A
21376,61376,N/A
21377,61377,N/A
21378,61378,N/A
21379,61379,N/A
21380,61380,N/A
21381,61381,N/A
21382,61382,N/A
21383,61383,N/A
21384,61384,N/A
21385,61385,N/A
21386,61386,N/A
21387,61387,N/A
21388,61388,N/A
21389,61389,N/A
21390,61390,N/A
21391,61391,N/A
21392,61392,N/A
21393,61393,N/A
21394,61394,N/A
21395,61395,N/A
21396,61396,N/A
21397,61397,N/A
21398,61398,N/A
21399,61399,N/A
21400,61400,N/A
21401,61401,N/A
21402,61402,N/A
21403,61403,N/A
21404,61404,N/A
21405,61405,N/A
21406,61406,N/A
21407,61407,N/A
21408,61408,N/A
21409,61409,N/A
21410,61410,N/A
21411,61411,N/A
21412,61412,N/A
21413,61413,N/A
21414,61414,N/A
21415,61415,N/A
21416,61416,N/A
21417,61417,N/A
21418,61418,N/A
21419,61419,N/A
21420,61420,N/A
21421,61421,N/A
21422,61422,N/A
21423,61423,N/A
21424,61424,N/A
21425,61425,N/A
21426,61426,N/A
21427,61427,N/A
21428,61428,N/A
21429,61429,N/A
21430,61430,N/A
21431,61431,N/A
21432,61432,N/A
21433,61433,N/A
21434,61434,N/A
21435,61435,N/A
21436,61436,N/A
21437,61437,N/A
21438,61438,N/A
21439,61439,N/A
21440,61440,N/A
21441,61441,N/A
21442,61442,N/A
21443,61443,N/A
21444,61444,N/A
21445,61445,N/A
21446,61446,N/A
21447,61447,N/A
21448,61448,N/A
21449,61449,N/A
21450,61450,N/A
21451,61451,N/A
21452,61452,N/A
21453,61453,N/A
21454,61454,N/A
21455,61455,N/A
21456,61456,N/A
21457,61457,N/A
21458,61458,N/A
21459,61459,N/A
21460,61460,N/A
21461,61461,N/A
21462,61462,N/A
21463,61463,N/A
21464,61464,N/A
21465,61465,N/A
21466,61466,N/A
21467,61467,N/A
21468,61468,N/A
21469,61469,N/A
21470,61470,N/A
21471,61471,N/A
21472,61472,N/A
21473,61473,N/A
21474,61474,N/A
21475,61475,N/A
21476,61476,N/A
21477,61477,N/A
21478,61478,N/A
21479,61479,N/A
21480,61480,N/A
21481,61481,N/A
21482,61482,N/A
21483,61483,N/A
21484,61484,N/A
21485,61485,N/A
21486,61486,N/A
21487,61487,N/A
21488,61488,N/A
21489,61489,N/A
21490,61490,N/A
21491,61491,N/A
21492,61492,N/A
21493,61493,N/A
21494,61494,N/A
21495,61495,N/A
21496,61496,N/A
21497,61497,N/A
21498,61498,N/A
21499,61499,N/A
21500,61500,N/A
21501,61501,N/A
21502,61502,N/A
21503,61503,N/A
21504,61504,N/A
21505,61505,N/A
21506,61506,N/A
21507,61507,N/A
21508,61508,N/A
21509,61509,N/A
21510,61510,N/A
21511,61511,N/A
21512,61512,N/A
21513,61513,N/A
21514,61514,N/A
21515,61515,N/A
21516,61516,N/A
21517,61517,N/A
21518,61518,N/A
21519,61519,N/A
21520,61520,N/A
21521,61521,N/A
21522,61522,N/A
21523,61523,N/A
21524,61524,N/A
21525,61525,N/A
21526,61526,N/A
21527,61527,N/A
21528,61528,N/A
21529,61529,N/A
21530,61530,N/A
21531,61531,N/A
21532,61532,N/A
21533,61533,N/A
21534,61534,N/A
21535,61535,N/A
21536,61536,N/A
21537,61537,N/A
21538,61538,N/A
21539,61539,N/A
21540,61540,N/A
21541,61541,N/A
21542,61542,N/A
21543,61543,N/A
21544,61544,N/A
21545,61545,N/A
21546,61546,N/A
21547,61547,N/A
21548,61548,N/A
21549,61549,N/A
21550,61550,N/A
21551,61551,N/A
21552,61552,N/A
21553,61553,N/A
21554,61554,N/A
21555,61555,N/A
21556,61556,N/A
21557,61557,N/A
21558,61558,N/A
21559,61559,N/A
21560,61560,N/A
21561,61561,N/A
21562,61562,N/A
21563,61563,N/A
21564,61564,N/A
21565,61565,N/A
21566,61566,N/A
21567,61567,N/A
21568,61568,N/A
21569,61569,N/A
21570,61570,N/A
21571,61571,N/A
21572,61572,N/A
21573,61573,N/A
21574,61574,N/A
21575,61575,N/A
21576,61576,N/A
21577,61577,N/A
21578,61578,N/A
21579,61579,N/A
21580,61580,N/A
21581,61581,N/A
21582,61582,N/A
21583,61583,N/A
21584,61584,N/A
21585,61585,N/A
21586,61586,N/A
21587,61587,N/A
21588,61588,N/A
21589,61589,N/A
21590,61590,N/A
21591,61591,N/A
21592,61592,N/A
21593,61593,N/A
21594,61594,N/A
21595,61595,N/A
21596,61596,N/A
21597,61597,N/A
21598,61598,N/A
21599,61599,N/A
21600,61600,N/A
21601,61601,N/A
21602,61602,N/A
21603,61603,N/A
21604,61604,N/A
21605,61605,N/A
21606,61606,N/A
21607,61607,N/A
21608,61608,N/A
21609,61609,N/A
21610,61610,N/A
21611,61611,N/A
21612,61612,N/A
21613,61613,N/A
21614,61614,N/A
21615,61615,N/A
21616,61616,N/A
21617,61617,N/A
21618,61618,N/A
21619,61619,N/A
21620,61620,N/A
21621,61621,N/A
21622,61622,N/A
21623,61623,N/A
21624,61624,N/A
21625,61625,N/A
21626,61626,N/A
21627,61627,N/A
21628,61628,N/A
21629,61629,N/A
21630,61630,N/A
21631,61631,N/A
21632,61632,N/A
21633,61633,N/A
21634,61634,N/A
21635,61635,N/A
21636,61636,N/A
21637,61637,N/A
21638,61638,N/A
21639,61639,N/A
21640,61640,N/A
21641,61641,N/A
21642,61642,N/A
21643,61643,N/A
21644,61644,N/A
21645,61645,N/A
21646,61646,N/A
21647,61647,N/A
21648,61648,N/A
21649,61649,N/A
21650,61650,N/A
21651,61651,N/A
21652,61652,N/A
21653,61653,N/A
21654,61654,N/A
21655,61655,N/A
21656,61656,N/A
21657,61657,N/A
21658,61658,N/A
21659,61659,N/A
21660,61660,N/A
21661,61661,N/A
21662,61662,N/A
21663,61663,N/A
21664,61664,N/A
21665,61665,N/A
21666,61666,N/A
21667,61667,N/A
21668,61668,N/A
21669,61669,N/A
21670,61670,N/A
21671,61671,N/A
21672,61672,N/A
21673,61673,N/A
21674,61674,N/A
21675,61675,N/A
21676,61676,N/A
21677,61677,N/A
21678,61678,N/A
21679,61679,N/A
21680,61680,N/A
21681,61681,N/A
21682,61682,N/A
21683,61683,N/A
21684,61684,N/A
21685,61685,N/A
21686,61686,N/A
21687,61687,N/A
21688,61688,N/A
21689,61689,N/A
21690,61690,N/A
21691,61691,N/A
21692,61692,N/A
21693,61693,N/A
21694,61694,N/A
21695,61695,N/A
21696,61696,N/A
21697,61697,N/A
21698,61698,N/A
21699,61699,N/A
21700,61700,N/A
21701,61701,N/A
21702,61702,N/A
21703,61703,N/A
21704,61704,N/A
21705,61705,N/A
21706,61706,N/A
21707,61707,N/A
21708,61708,N/A
21709,61709,N/A
21710,61710,N/A
21711,61711,N/A
21712,61712,N/A
21713,61713,N/A
21714,61714,N/A
21715,61715,N/A
21716,61716,N/A
21717,61717,N/A
21718,61718,N/A
21719,61719,N/A
21720,61720,N/A
21721,61721,N/A
21722,61722,N/A
21723,61723,N/A
21724,61724,N/A
21725,61725,N/A
21726,61726,N/A
21727,61727,N/A
21728,61728,N/A
21729,61729,N/A
21730,61730,N/A
21731,61731,N/A
21732,61732,N/A
21733,61733,N/A
21734,61734,N/A
21735,61735,N/A
21736,61736,N/A
21737,61737,N/A
21738,61738,N/A
21739,61739,N/A
21740,61740,N/A
21741,61741,N/A
21742,61742,N/A
21743,61743,N/A
21744,61744,N/A
21745,61745,N/A
21746,61746,N/A
21747,61747,N/A
21748,61748,N/A
21749,61749,N/A
21750,61750,N/A
21751,61751,N/A
21752,61752,N/A
21753,61753,N/A
21754,61754,N/A
21755,61755,N/A
21756,61756,N/A
21757,61757,N/A
21758,61758,N/A
21759,61759,N/A
21760,61760,N/A
21761,61761,N/A
21762,61762,N/A
21763,61763,N/A
21764,61764,N/A
21765,61765,N/A
21766,61766,N/A
21767,61767,N/A
21768,61768,N/A
21769,61769,N/A
21770,61770,N/A
21771,61771,N/A
21772,61772,N/A
21773,61773,N/A
21774,61774,N/A
21775,61775,N/A
21776,61776,N/A
21777,61777,N/A
21778,61778,N/A
21779,61779,N/A
21780,61780,N/A
21781,61781,N/A
21782,61782,N/A
21783,61783,N/A
21784,61784,N/A
21785,61785,N/A
21786,61786,N/A
21787,61787,N/A
21788,61788,N/A
21789,61789,N/A
21790,61790,N/A
21791,61791,N/A
21792,61792,N/A
21793,61793,N/A
21794,61794,N/A
21795,61795,N/A
21796,61796,N/A
21797,61797,N/A
21798,61798,N/A
21799,61799,N/A
21800,61800,N/A
21801,61801,N/A
21802,61802,N/A
21803,61803,N/A
21804,61804,N/A
21805,61805,N/A
21806,61806,N/A
21807,61807,N/A
21808,61808,N/A
21809,61809,N/A
21810,61810,N/A
21811,61811,N/A
21812,61812,N/A
21813,61813,N/A
21814,61814,N/A
21815,61815,N/A
21816,61816,N/A
21817,61817,N/A
21818,61818,N/A
21819,61819,N/A
21820,61820,N/A
21821,61821,N/A
21822,61822,N/A
21823,61823,N/A
21824,61824,N/A
21825,61825,N/A
21826,61826,N/A
21827,61827,N/A
21828,61828,N/A
21829,61829,N/A
21830,61830,N/A
21831,61831,N/A
21832,61832,N/A
21833,61833,N/A
21834,61834,N/A
21835,61835,N/A
21836,61836,N/A
21837,61837,N/A
21838,61838,N/A
21839,61839,N/A
21840,61840,N/A
21841,61841,N/A
21842,61842,N/A
21843,61843,N/A
21844,61844,N/A
21845,61845,N/A
21846,61846,N/A
21847,61847,N/A
21848,61848,N/A
21849,61849,N/A
21850,61850,N/A
21851,61851,N/A
21852,61852,N/A
21853,61853,N/A
21854,61854,N/A
21855,61855,N/A
21856,61856,N/A
21857,61857,N/A
21858,61858,N/A
21859,61859,N/A
21860,61860,N/A
21861,61861,N/A
21862,61862,N/A
21863,61863,N/A
21864,61864,N/A
21865,61865,N/A
21866,61866,N/A
21867,61867,N/A
21868,61868,N/A
21869,61869,N/A
21870,61870,N/A
21871,61871,N/A
21872,61872,N/A
21873,61873,N/A
21874,61874,N/A
21875,61875,N/A
21876,61876,N/A
21877,61877,N/A
21878,61878,N/A
21879,61879,N/A
21880,61880,N/A
21881,61881,N/A
21882,61882,N/A
21883,61883,N/A
21884,61884,N/A
21885,61885,N/A
21886,61886,N/A
21887,61887,N/A
21888,61888,N/A
21889,61889,N/A
21890,61890,N/A
21891,61891,N/A
21892,61892,N/A
21893,61893,N/A
21894,61894,N/A
21895,61895,N/A
21896,61896,N/A
21897,61897,N/A
21898,61898,N/A
21899,61899,N/A
21900,61900,N/A
21901,61901,N/A
21902,61902,N/A
21903,61903,N/A
21904,61904,N/A
21905,61905,N/A
21906,61906,N/A
21907,61907,N/A
21908,61908,N/A
21909,61909,N/A
21910,61910,N/A
21911,61911,N/A
21912,61912,N/A
21913,61913,N/A
21914,61914,N/A
21915,61915,N/A
21916,61916,N/A
21917,61917,N/A
21918,61918,N/A
21919,61919,N/A
21920,61920,N/A
21921,61921,N/A
21922,61922,N/A
21923,61923,N/A
21924,61924,N/A
21925,61925,N/A
21926,61926,N/A
21927,61927,N/A
21928,61928,N/A
21929,61929,N/A
21930,61930,N/A
21931,61931,N/A
21932,61932,N/A
21933,61933,N/A
21934,61934,N/A
21935,61935,N/A
21936,61936,N/A
21937,61937,N/A
21938,61938,N/A
21939,61939,N/A
21940,61940,N/A
21941,61941,N/A
21942,61942,N/A
21943,61943,N/A
21944,61944,N/A
21945,61945,N/A
21946,61946,N/A
21947,61947,N/A
21948,61948,N/A
21949,61949,N/A
21950,61950,N/A
21951,61951,N/A
21952,61952,N/A
21953,61953,N/A
21954,61954,N/A
21955,61955,N/A
21956,61956,N/A
21957,61957,N/A
21958,61958,N/A
21959,61959,N/A
21960,61960,N/A
21961,61961,N/A
21962,61962,N/A
21963,61963,N/A
21964,61964,N/A
21965,61965,N/A
21966,61966,N/A
21967,61967,N/A
21968,61968,N/A
21969,61969,N/A
21970,61970,N/A
21971,61971,N/A
21972,61972,N/A
21973,61973,N/A
21974,61974,N/A
21975,61975,N/A
21976,61976,N/A
21977,61977,N/A
21978,61978,N/A
21979,61979,N/A
21980,61980,N/A
21981,61981,N/A
21982,61982,N/A
21983,61983,N/A
21984,61984,N/A
21985,61985,N/A
21986,61986,N/A
21987,61987,N/A
21988,61988,N/A
21989,61989,N/A
21990,61990,N/A
21991,61991,N/A
21992,61992,N/A
21993,61993,N/A
21994,61994,N/A
21995,61995,N/A
21996,61996,N/A
21997,61997,N/A
21998,61998,N/A
21999,61999,N/A
22000,62000,N/A
22001,62001,N/A
22002,62002,N/A
22003,62003,N/A
22004,62004,N/A
22005,62005,N/A
22006,62006,N/A
22007,62007,N/A
22008,62008,N/A
22009,62009,N/A
22010,62010,N/A
22011,62011,N/A
22012,62012,N/A
22013,62013,N/A
22014,62014,N/A
22015,62015,N/A
22016,62016,N/A
22017,62017,N/A
22018,62018,N/A
22019,62019,N/A
22020,62020,N/A
22021,62021,N/A
22022,62022,N/A
22023,62023,N/A
22024,62024,N/A
22025,62025,N/A
22026,62026,N/A
22027,62027,N/A
22028,62028,N/A
22029,62029,N/A
22030,62030,N/A
22031,62031,N/A
22032,62032,N/A
22033,62033,N/A
22034,62034,N/A
22035,62035,N/A
22036,62036,N/A
22037,62037,N/A
22038,62038,N/A
22039,62039,N/A
22040,62040,N/A
22041,62041,N/A
22042,62042,N/A
22043,62043,N/A
22044,62044,N/A
22045,62045,N/A
22046,62046,N/A
22047,62047,N/A
22048,62048,N/A
22049,62049,N/A
22050,62050,N/A
22051,62051,N/A
22052,62052,N/A
22053,62053,N/A
22054,62054,N/A
22055,62055,N/A
22056,62056,N/A
22057,62057,N/A
22058,62058,N/A
22059,62059,N/A
22060,62060,N/A
22061,62061,N/A
22062,62062,N/A
22063,62063,N/A
22064,62064,N/A
22065,62065,N/A
22066,62066,N/A
22067,62067,N/A
22068,62068,N/A
22069,62069,N/A
22070,62070,N/A
22071,62071,N/A
22072,62072,N/A
22073,62073,N/A
22074,62074,N/A
22075,62075,N/A
22076,62076,N/A
22077,62077,N/A
22078,62078,N/A
22079,62079,N/A
22080,62080,N/A
22081,62081,N/A
22082,62082,N/A
22083,62083,N/A
22084,62084,N/A
22085,62085,N/A
22086,62086,N/A
22087,62087,N/A
22088,62088,N/A
22089,62089,N/A
22090,62090,N/A
22091,62091,N/A
22092,62092,N/A
22093,62093,N/A
22094,62094,N/A
22095,62095,N/A
22096,62096,N/A
22097,62097,N/A
22098,62098,N/A
22099,62099,N/A
22100,62100,N/A
22101,62101,N/A
22102,62102,N/A
22103,62103,N/A
22104,62104,N/A
22105,62105,N/A
22106,62106,N/A
22107,62107,N/A
22108,62108,N/A
22109,62109,N/A
22110,62110,N/A
22111,62111,N/A
22112,62112,N/A
22113,62113,N/A
22114,62114,N/A
22115,62115,N/A
22116,62116,N/A
22117,62117,N/A
22118,62118,N/A
22119,62119,N/A
22120,62120,N/A
22121,62121,N/A
22122,62122,N/A
22123,62123,N/A
22124,62124,N/A
22125,62125,N/A
22126,62126,N/A
22127,62127,N/A
22128,62128,N/A
22129,62129,N/A
22130,62130,N/A
22131,62131,N/A
22132,62132,N/A
22133,62133,N/A
22134,62134,N/A
22135,62135,N/A
22136,62136,N/A
22137,62137,N/A
22138,62138,N/A
22139,62139,N/A
22140,62140,N/A
22141,62141,N/A
22142,62142,N/A
22143,62143,N/A
22144,62144,N/A
22145,62145,N/A
22146,62146,N/A
22147,62147,N/A
22148,62148,N/A
22149,62149,N/A
22150,62150,N/A
22151,62151,N/A
22152,62152,N/A
22153,62153,N/A
22154,62154,N/A
22155,62155,N/A
22156,62156,N/A
22157,62157,N/A
22158,62158,N/A
22159,62159,N/A
22160,62160,N/A
22161,62161,N/A
22162,62162,N/A
22163,62163,N/A
22164,62164,N/A
22165,62165,N/A
22166,62166,N/A
22167,62167,N/A
22168,62168,N/A
22169,62169,N/A
22170,62170,N/A
22171,62171,N/A
22172,62172,N/A
22173,62173,N/A
22174,62174,N/A
22175,62175,N/A
22176,62176,N/A
22177,62177,N/A
22178,62178,N/A
22179,62179,N/A
22180,62180,N/A
22181,62181,N/A
22182,62182,N/A
22183,62183,N/A
22184,62184,N/A
22185,62185,N/A
22186,62186,N/A
22187,62187,N/A
22188,62188,N/A
22189,62189,N/A
22190,62190,N/A
22191,62191,N/A
22192,62192,N/A
22193,62193,N/A
22194,62194,N/A
22195,62195,N/A
22196,62196,N/A
22197,62197,N/A
22198,62198,N/A
22199,62199,N/A
22200,62200,N/A
22201,62201,N/A
22202,62202,N/A
22203,62203,N/A
22204,62204,N/A
22205,62205,N/A
22206,62206,N/A
22207,62207,N/A
22208,62208,N/A
22209,62209,N/A
22210,62210,N/A
22211,62211,N/A
22212,62212,N/A
22213,62213,N/A
22214,62214,N/A
22215,62215,N/A
22216,62216,N/A
22217,62217,N/A
22218,62218,N/A
22219,62219,N/A
22220,62220,N/A
22221,62221,N/A
22222,62222,N/A
22223,62223,N/A
22224,62224,N/A
22225,62225,N/A
22226,62226,N/A
22227,62227,N/A
22228,62228,N/A
22229,62229,N/A
22230,62230,N/A
22231,62231,N/A
22232,62232,N/A
22233,62233,N/A
22234,62234,N/A
22235,62235,N/A
22236,62236,N/A
22237,62237,N/A
22238,62238,N/A
22239,62239,N/A
22240,62240,N/A
22241,62241,N/A
22242,62242,N/A
22243,62243,N/A
22244,62244,N/A
22245,62245,N/A
22246,62246,N/A
22247,62247,N/A
22248,62248,N/A
22249,62249,N/A
22250,62250,N/A
22251,62251,N/A
22252,62252,N/A
22253,62253,N/A
22254,62254,N/A
22255,62255,N/A
22256,62256,N/A
22257,62257,N/A
22258,62258,N/A
22259,62259,N/A
22260,62260,N/A
22261,62261,N/A
22262,62262,N/A
22263,62263,N/A
22264,62264,N/A
22265,62265,N/A
22266,62266,N/A
22267,62267,N/A
22268,62268,N/A
22269,62269,N/A
22270,62270,N/A
22271,62271,N/A
22272,62272,N/A
22273,62273,N/A
22274,62274,N/A
22275,62275,N/A
22276,62276,N/A
22277,62277,N/A
22278,62278,N/A
22279,62279,N/A
22280,62280,N/A
22281,62281,N/A
22282,62282,N/A
22283,62283,N/A
22284,62284,N/A
22285,62285,N/A
22286,62286,N/A
22287,62287,N/A
22288,62288,N/A
22289,62289,N/A
22290,62290,N/A
22291,62291,N/A
22292,62292,N/A
22293,62293,N/A
22294,62294,N/A
22295,62295,N/A
22296,62296,N/A
22297,62297,N/A
22298,62298,N/A
22299,62299,N/A
22300,62300,N/A
22301,62301,N/A
22302,62302,N/A
22303,62303,N/A
22304,62304,N/A
22305,62305,N/A
22306,62306,N/A
22307,62307,N/A
22308,62308,N/A
22309,62309,N/A
22310,62310,N/A
22311,62311,N/A
22312,62312,N/A
22313,62313,N/A
22314,62314,N/A
22315,62315,N/A
22316,62316,N/A
22317,62317,N/A
22318,62318,N/A
22319,62319,N/A
22320,62320,N/A
22321,62321,N/A
22322,62322,N/A
22323,62323,N/A
22324,62324,N/A
22325,62325,N/A
22326,62326,N/A
22327,62327,N/A
22328,62328,N/A
22329,62329,N/A
22330,62330,N/A
22331,62331,N/A
22332,62332,N/A
22333,62333,N/A
22334,62334,N/A
22335,62335,N/A
22336,62336,N/A
22337,62337,N/A
22338,62338,N/A
22339,62339,N/A
22340,62340,N/A
22341,62341,N/A
22342,62342,N/A
22343,62343,N/A
22344,62344,N/A
22345,62345,N/A
22346,62346,N/A
22347,62347,N/A
22348,62348,N/A
22349,62349,N/A
22350,62350,N/A
22351,62351,N/A
22352,62352,N/A
22353,62353,N/A
22354,62354,N/A
22355,62355,N/A
22356,62356,N/A
22357,62357,N/A
22358,62358,N/A
22359,62359,N/A
22360,62360,N/A
22361,62361,N/A
22362,62362,N/A
22363,62363,N/A
22364,62364,N/A
22365,62365,N/A
22366,62366,N/A
22367,62367,N/A
22368,62368,N/A
22369,62369,N/A
22370,62370,N/A
22371,62371,N/A
22372,62372,N/A
22373,62373,N/A
22374,62374,N/A
22375,62375,N/A
22376,62376,N/A
22377,62377,N/A
22378,62378,N/A
22379,62379,N/A
22380,62380,N/A
22381,62381,N/A
22382,62382,N/A
22383,62383,N/A
22384,62384,N/A
22385,62385,N/A
22386,62386,N/A
22387,62387,N/A
22388,62388,N/A
22389,62389,N/A
22390,62390,N/A
22391,62391,N/A
22392,62392,N/A
22393,62393,N/A
22394,62394,N/A
22395,62395,N/A
22396,62396,N/A
22397,62397,N/A
22398,62398,N/A
22399,62399,N/A
22400,62400,N/A
22401,62401,N/A
22402,62402,N/A
22403,62403,N/A
22404,62404,N/A
22405,62405,N/A
22406,62406,N/A
22407,62407,N/A
22408,62408,N/A
22409,62409,N/A
22410,62410,N/A
22411,62411,N/A
22412,62412,N/A
22413,62413,N/A
22414,62414,N/A
22415,62415,N/A
22416,62416,N/A
22417,62417,N/A
22418,62418,N/A
22419,62419,N/A
22420,62420,N/A
22421,62421,N/A
22422,62422,N/A
22423,62423,N/A
22424,62424,N/A
22425,62425,N/A
22426,62426,N/A
22427,62427,N/A
22428,62428,N/A
22429,62429,N/A
22430,62430,N/A
22431,62431,N/A
22432,62432,N/A
22433,62433,N/A
22434,62434,N/A
22435,62435,N/A
22436,62436,N/A
22437,62437,N/A
22438,62438,N/A
22439,62439,N/A
22440,62440,N/A
22441,62441,N/A
22442,62442,N/A
22443,62443,N/A
22444,62444,N/A
22445,62445,N/A
22446,62446,N/A
22447,62447,N/A
22448,62448,N/A
22449,62449,N/A
22450,62450,N/A
22451,62451,N/A
22452,62452,N/A
22453,62453,N/A
22454,62454,N/A
22455,62455,N/A
22456,62456,N/A
22457,62457,N/A
22458,62458,N/A
22459,62459,N/A
22460,62460,N/A
22461,62461,N/A
22462,62462,N/A
22463,62463,N/A
22464,62464,N/A
22465,62465,N/A
22466,62466,N/A
22467,62467,N/A
22468,62468,N/A
22469,62469,N/A
22470,62470,N/A
22471,62471,N/A
22472,62472,N/A
22473,62473,N/A
22474,62474,N/A
22475,62475,N/A
22476,62476,N/A
22477,62477,N/A
22478,62478,N/A
22479,62479,N/A
22480,62480,N/A
22481,62481,N/A
22482,62482,N/A
22483,62483,N/A
22484,62484,N/A
22485,62485,N/A
22486,62486,N/A
22487,62487,N/A
22488,62488,N/A
22489,62489,N/A
22490,62490,N/A
22491,62491,N/A
22492,62492,N/A
22493,62493,N/A
22494,62494,N/A
22495,62495,N/A
22496,62496,N/A
22497,62497,N/A
22498,62498,N/A
22499,62499,N/A
22500,62500,N/A
22501,62501,N/A
22502,62502,N/A
22503,62503,N/A
22504,62504,N/A
22505,62505,N/A
22506,62506,N/A
22507,62507,N/A
22508,62508,N/A
22509,62509,N/A
22510,62510,N/A
22511,62511,N/A
22512,62512,N/A
22513,62513,N/A
22514,62514,N/A
22515,62515,N/A
22516,62516,N/A
22517,62517,N/A
22518,62518,N/A
22519,62519,N/A
22520,62520,N/A
22521,62521,N/A
22522,62522,N/A
22523,62523,N/A
22524,62524,N/A
22525,62525,N/A
22526,62526,N/A
22527,62527,N/A
22528,62528,N/A
22529,62529,N/A
22530,62530,N/A
22531,62531,N/A
22532,62532,N/A
22533,62533,N/A
22534,62534,N/A
22535,62535,N/A
22536,62536,N/A
22537,62537,N/A
22538,62538,N/A
22539,62539,N/A
22540,62540,N/A
22541,62541,N/A
22542,62542,N/A
22543,62543,N/A
22544,62544,N/A
22545,62545,N/A
22546,62546,N/A
22547,62547,N/A
22548,62548,N/A
22549,62549,N/A
22550,62550,N/A
22551,62551,N/A
22552,62552,N/A
22553,62553,N/A
22554,62554,N/A
22555,62555,N/A
22556,62556,N/A
22557,62557,N/A
22558,62558,N/A
22559,62559,N/A
22560,62560,N/A
22561,62561,N/A
22562,62562,N/A
22563,62563,N/A
22564,62564,N/A
22565,62565,N/A
22566,62566,N/A
22567,62567,N/A
22568,62568,N/A
22569,62569,N/A
22570,62570,N/A
22571,62571,N/A
22572,62572,N/A
22573,62573,N/A
22574,62574,N/A
22575,62575,N/A
22576,62576,N/A
22577,62577,N/A
22578,62578,N/A
22579,62579,N/A
22580,62580,N/A
22581,62581,N/A
22582,62582,N/A
22583,62583,N/A
22584,62584,N/A
22585,62585,N/A
22586,62586,N/A
22587,62587,N/A
22588,62588,N/A
22589,62589,N/A
22590,62590,N/A
22591,62591,N/A
22592,62592,N/A
22593,62593,N/A
22594,62594,N/A
22595,62595,N/A
22596,62596,N/A
22597,62597,N/A
22598,62598,N/A
22599,62599,N/A
22600,62600,N/A
22601,62601,N/A
22602,62602,N/A
22603,62603,N/A
22604,62604,N/A
22605,62605,N/A
22606,62606,N/A
22607,62607,N/A
22608,62608,N/A
22609,62609,N/A
22610,62610,N/A
22611,62611,N/A
22612,62612,N/A
22613,62613,N/A
22614,62614,N/A
22615,62615,N/A
22616,62616,N/A
22617,62617,N/A
22618,62618,N/A
22619,62619,N/A
22620,62620,N/A
22621,62621,N/A
22622,62622,N/A
22623,62623,N/A
22624,62624,N/A
22625,62625,N/A
22626,62626,N/A
22627,62627,N/A
22628,62628,N/A
22629,62629,N/A
22630,62630,N/A
22631,62631,N/A
22632,62632,N/A
22633,62633,N/A
22634,62634,N/A
22635,62635,N/A
22636,62636,N/A
22637,62637,N/A
22638,62638,N/A
22639,62639,N/A
22640,62640,N/A
22641,62641,N/A
22642,62642,N/A
22643,62643,N/A
22644,62644,N/A
22645,62645,N/A
22646,62646,N/A
22647,62647,N/A
22648,62648,N/A
22649,62649,N/A
22650,62650,N/A
22651,62651,N/A
22652,62652,N/A
22653,62653,N/A
22654,62654,N/A
22655,62655,N/A
22656,62656,N/A
22657,62657,N/A
22658,62658,N/A
22659,62659,N/A
22660,62660,N/A
22661,62661,N/A
22662,62662,N/A
22663,62663,N/A
22664,62664,N/A
22665,62665,N/A
22666,62666,N/A
22667,62667,N/A
22668,62668,N/A
22669,62669,N/A
22670,62670,N/A
22671,62671,N/A
22672,62672,N/A
22673,62673,N/A
22674,62674,N/A
22675,62675,N/A
22676,62676,N/A
22677,62677,N/A
22678,62678,N/A
22679,62679,N/A
22680,62680,N/A
22681,62681,N/A
22682,62682,N/A
22683,62683,N/A
22684,62684,N/A
22685,62685,N/A
22686,62686,N/A
22687,62687,N/A
22688,62688,N/A
22689,62689,N/A
22690,62690,N/A
22691,62691,N/A
22692,62692,N/A
22693,62693,N/A
22694,62694,N/A
22695,62695,N/A
22696,62696,N/A
22697,62697,N/A
22698,62698,N/A
22699,62699,N/A
22700,62700,N/A
22701,62701,N/A
22702,62702,N/A
22703,62703,N/A
22704,62704,N/A
22705,62705,N/A
22706,62706,N/A
22707,62707,N/A
22708,62708,N/A
22709,62709,N/A
22710,62710,N/A
22711,62711,N/A
22712,62712,N/A
22713,62713,N/A
22714,62714,N/A
22715,62715,N/A
22716,62716,N/A
22717,62717,N/A
22718,62718,N/A
22719,62719,N/A
22720,62720,N/A
22721,62721,N/A
22722,62722,N/A
22723,62723,N/A
22724,62724,N/A
22725,62725,N/A
22726,62726,N/A
22727,62727,N/A
22728,62728,N/A
22729,62729,N/A
22730,62730,N/A
22731,62731,N/A
22732,62732,N/A
22733,62733,N/A
22734,62734,N/A
22735,62735,N/A
22736,62736,N/A
22737,62737,N/A
22738,62738,N/A
22739,62739,N/A
22740,62740,N/A
22741,62741,N/A
22742,62742,N/A
22743,62743,N/A
22744,62744,N/A
22745,62745,N/A
22746,62746,N/A
22747,62747,N/A
22748,62748,N/A
22749,62749,N/A
22750,62750,N/A
22751,62751,N/A
22752,62752,N/A
22753,62753,N/A
22754,62754,N/A
22755,62755,N/A
22756,62756,N/A
22757,62757,N/A
22758,62758,N/A
22759,62759,N/A
22760,62760,N/A
22761,62761,N/A
22762,62762,N/A
22763,62763,N/A
22764,62764,N/A
22765,62765,N/A
22766,62766,N/A
22767,62767,N/A
22768,62768,N/A
22769,62769,N/A
22770,62770,N/A
22771,62771,N/A
22772,62772,N/A
22773,62773,N/A
22774,62774,N/A
22775,62775,N/A
22776,62776,N/A
22777,62777,N/A
22778,62778,N/A
22779,62779,N/A
22780,62780,N/A
22781,62781,N/A
22782,62782,N/A
22783,62783,N/A
22784,62784,N/A
22785,62785,N/A
22786,62786,N/A
22787,62787,N/A
22788,62788,N/A
22789,62789,N/A
22790,62790,N/A
22791,62791,N/A
22792,62792,N/A
22793,62793,N/A
22794,62794,N/A
22795,62795,N/A
22796,62796,N/A
22797,62797,N/A
22798,62798,N/A
22799,62799,N/A
22800,62800,N/A
22801,62801,N/A
22802,62802,N/A
22803,62803,N/A
22804,62804,N/A
22805,62805,N/A
22806,62806,N/A
22807,62807,N/A
22808,62808,N/A
22809,62809,N/A
22810,62810,N/A
22811,62811,N/A
22812,62812,N/A
22813,62813,N/A
22814,62814,N/A
22815,62815,N/A
22816,62816,N/A
22817,62817,N/A
22818,62818,N/A
22819,62819,N/A
22820,62820,N/A
22821,62821,N/A
22822,62822,N/A
22823,62823,N/A
22824,62824,N/A
22825,62825,N/A
22826,62826,N/A
22827,62827,N/A
22828,62828,N/A
22829,62829,N/A
22830,62830,N/A
22831,62831,N/A
22832,62832,N/A
22833,62833,N/A
22834,62834,N/A
22835,62835,N/A
22836,62836,N/A
22837,62837,N/A
22838,62838,N/A
22839,62839,N/A
22840,62840,N/A
22841,62841,N/A
22842,62842,N/A
22843,62843,N/A
22844,62844,N/A
22845,62845,N/A
22846,62846,N/A
22847,62847,N/A
22848,62848,N/A
22849,62849,N/A
22850,62850,N/A
22851,62851,N/A
22852,62852,N/A
22853,62853,N/A
22854,62854,N/A
22855,62855,N/A
22856,62856,N/A
22857,62857,N/A
22858,62858,N/A
22859,62859,N/A
22860,62860,N/A
22861,62861,N/A
22862,62862,N/A
22863,62863,N/A
22864,62864,N/A
22865,62865,N/A
22866,62866,N/A
22867,62867,N/A
22868,62868,N/A
22869,62869,N/A
22870,62870,N/A
22871,62871,N/A
22872,62872,N/A
22873,62873,N/A
22874,62874,N/A
22875,62875,N/A
22876,62876,N/A
22877,62877,N/A
22878,62878,N/A
22879,62879,N/A
22880,62880,N/A
22881,62881,N/A
22882,62882,N/A
22883,62883,N/A
22884,62884,N/A
22885,62885,N/A
22886,62886,N/A
22887,62887,N/A
22888,62888,N/A
22889,62889,N/A
22890,62890,N/A
22891,62891,N/A
22892,62892,N/A
22893,62893,N/A
22894,62894,N/A
22895,62895,N/A
22896,62896,N/A
22897,62897,N/A
22898,62898,N/A
22899,62899,N/A
22900,62900,N/A
22901,62901,N/A
22902,62902,N/A
22903,62903,N/A
22904,62904,N/A
22905,62905,N/A
22906,62906,N/A
22907,62907,N/A
22908,62908,N/A
22909,62909,N/A
22910,62910,N/A
22911,62911,N/A
22912,62912,N/A
22913,62913,N/A
22914,62914,N/A
22915,62915,N/A
22916,62916,N/A
22917,62917,N/A
22918,62918,N/A
22919,62919,N/A
22920,62920,N/A
22921,62921,N/A
22922,62922,N/A
22923,62923,N/A
22924,62924,N/A
22925,62925,N/A
22926,62926,N/A
22927,62927,N/A
22928,62928,N/A
22929,62929,N/A
22930,62930,N/A
22931,62931,N/A
22932,62932,N/A
22933,62933,N/A
22934,62934,N/A
22935,62935,N/A
22936,62936,N/A
22937,62937,N/A
22938,62938,N/A
22939,62939,N/A
22940,62940,N/A
22941,62941,N/A
22942,62942,N/A
22943,62943,N/A
22944,62944,N/A
22945,62945,N/A
22946,62946,N/A
22947,62947,N/A
22948,62948,N/A
22949,62949,N/A
22950,62950,N/A
22951,62951,N/A
22952,62952,N/A
22953,62953,N/A
22954,62954,N/A
22955,62955,N/A
22956,62956,N/A
22957,62957,N/A
22958,62958,N/A
22959,62959,N/A
22960,62960,N/A
22961,62961,N/A
22962,62962,N/A
22963,62963,N/A
22964,62964,N/A
22965,62965,N/A
22966,62966,N/A
22967,62967,N/A
22968,62968,N/A
22969,62969,N/A
22970,62970,N/A
22971,62971,N/A
22972,62972,N/A
22973,62973,N/A
22974,62974,N/A
22975,62975,N/A
22976,62976,N/A
22977,62977,N/A
22978,62978,N/A
22979,62979,N/A
22980,62980,N/A
22981,62981,N/A
22982,62982,N/A
22983,62983,N/A
22984,62984,N/A
22985,62985,N/A
22986,62986,N/A
22987,62987,N/A
22988,62988,N/A
22989,62989,N/A
22990,62990,N/A
22991,62991,N/A
22992,62992,N/A
22993,62993,N/A
22994,62994,N/A
22995,62995,N/A
22996,62996,N/A
22997,62997,N/A
22998,62998,N/A
22999,62999,N/A
23000,63000,N/A
23001,63001,N/A
23002,63002,N/A
23003,63003,N/A
23004,63004,N/A
23005,63005,N/A
23006,63006,N/A
23007,63007,N/A
23008,63008,N/A
23009,63009,N/A
23010,63010,N/A
23011,63011,N/A
23012,63012,N/A
23013,63013,N/A
23014,63014,N/A
23015,63015,N/A
23016,63016,N/A
23017,63017,N/A
23018,63018,N/A
23019,63019,N/A
23020,63020,N/A
23021,63021,N/A
23022,63022,N/A
23023,63023,N/A
23024,63024,N/A
23025,63025,N/A
23026,63026,N/A
23027,63027,N/A
23028,63028,N/A
23029,63029,N/A
23030,63030,N/A
23031,63031,N/A
23032,63032,N/A
23033,63033,N/A
23034,63034,N/A
23035,63035,N/A
23036,63036,N/A
23037,63037,N/A
23038,63038,N/A
23039,63039,N/A
23040,63040,N/A
23041,63041,N/A
23042,63042,N/A
23043,63043,N/A
23044,63044,N/A
23045,63045,N/A
23046,63046,N/A
23047,63047,N/A
23048,63048,N/A
23049,63049,N/A
23050,63050,N/A
23051,63051,N/A
23052,63052,N/A
23053,63053,N/A
23054,63054,N/A
23055,63055,N/A
23056,63056,N/A
23057,63057,N/A
23058,63058,N/A
23059,63059,N/A
23060,63060,N/A
23061,63061,N/A
23062,63062,N/A
23063,63063,N/A
23064,63064,N/A
23065,63065,N/A
23066,63066,N/A
23067,63067,N/A
23068,63068,N/A
23069,63069,N/A
23070,63070,N/A
23071,63071,N/A
23072,63072,N/A
23073,63073,N/A
23074,63074,N/A
23075,63075,N/A
23076,63076,N/A
23077,63077,N/A
23078,63078,N/A
23079,63079,N/A
23080,63080,N/A
23081,63081,N/A
23082,63082,N/A
23083,63083,N/A
23084,63084,N/A
23085,63085,N/A
23086,63086,N/A
23087,63087,N/A
23088,63088,N/A
23089,63089,N/A
23090,63090,N/A
23091,63091,N/A
23092,63092,N/A
23093,63093,N/A
23094,63094,N/A
23095,63095,N/A
23096,63096,N/A
23097,63097,N/A
23098,63098,N/A
23099,63099,N/A
23100,63100,N/A
23101,63101,N/A
23102,63102,N/A
23103,63103,N/A
23104,63104,N/A
23105,63105,N/A
23106,63106,N/A
23107,63107,N/A
23108,63108,N/A
23109,63109,N/A
23110,63110,N/A
23111,63111,N/A
23112,63112,N/A
23113,63113,N/A
23114,63114,N/A
23115,63115,N/A
23116,63116,N/A
23117,63117,N/A
23118,63118,N/A
23119,63119,N/A
23120,63120,N/A
23121,63121,N/A
23122,63122,N/A
23123,63123,N/A
23124,63124,N/A
23125,63125,N/A
23126,63126,N/A
23127,63127,N/A
23128,63128,N/A
23129,63129,N/A
23130,63130,N/A
23131,63131,N/A
23132,63132,N/A
23133,63133,N/A
23134,63134,N/A
23135,63135,N/A
23136,63136,N/A
23137,63137,N/A
23138,63138,N/A
23139,63139,N/A
23140,63140,N/A
23141,63141,N/A
23142,63142,N/A
23143,63143,N/A
23144,63144,N/A
23145,63145,N/A
23146,63146,N/A
23147,63147,N/A
23148,63148,N/A
23149,63149,N/A
23150,63150,N/A
23151,63151,N/A
23152,63152,N/A
23153,63153,N/A
23154,63154,N/A
23155,63155,N/A
23156,63156,N/A
23157,63157,N/A
23158,63158,N/A
23159,63159,N/A
23160,63160,N/A
23161,63161,N/A
23162,63162,N/A
23163,63163,N/A
23164,63164,N/A
23165,63165,N/A
23166,63166,N/A
23167,63167,N/A
23168,63168,N/A
23169,63169,N/A
23170,63170,N/A
23171,63171,N/A
23172,63172,N/A
23173,63173,N/A
23174,63174,N/A
23175,63175,N/A
23176,63176,N/A
23177,63177,N/A
23178,63178,N/A
23179,63179,N/A
23180,63180,N/A
23181,63181,N/A
23182,63182,N/A
23183,63183,N/A
23184,63184,N/A
23185,63185,N/A
23186,63186,N/A
23187,63187,N/A
23188,63188,N/A
23189,63189,N/A
23190,63190,N/A
23191,63191,N/A
23192,63192,N/A
23193,63193,N/A
23194,63194,N/A
23195,63195,N/A
23196,63196,N/A
23197,63197,N/A
23198,63198,N/A
23199,63199,N/A
23200,63200,N/A
23201,63201,N/A
23202,63202,N/A
23203,63203,N/A
23204,63204,N/A
23205,63205,N/A
23206,63206,N/A
23207,63207,N/A
23208,63208,N/A
23209,63209,N/A
23210,63210,N/A
23211,63211,N/A
23212,63212,N/A
23213,63213,N/A
23214,63214,N/A
23215,63215,N/A
23216,63216,N/A
23217,63217,N/A
23218,63218,N/A
23219,63219,N/A
23220,63220,N/A
23221,63221,N/A
23222,63222,N/A
23223,63223,N/A
23224,63224,N/A
23225,63225,N/A
23226,63226,N/A
23227,63227,N/A
23228,63228,N/A
23229,63229,N/A
23230,63230,N/A
23231,63231,N/A
23232,63232,N/A
23233,63233,N/A
23234,63234,N/A
23235,63235,N/A
23236,63236,N/A
23237,63237,N/A
23238,63238,N/A
23239,63239,N/A
23240,63240,N/A
23241,63241,N/A
23242,63242,N/A
23243,63243,N/A
23244,63244,N/A
23245,63245,N/A
23246,63246,N/A
23247,63247,N/A
23248,63248,N/A
23249,63249,N/A
23250,63250,N/A
23251,63251,N/A
23252,63252,N/A
23253,63253,N/A
23254,63254,N/A
23255,63255,N/A
23256,63256,N/A
23257,63257,N/A
23258,63258,N/A
23259,63259,N/A
23260,63260,N/A
23261,63261,N/A
23262,63262,N/A
23263,63263,N/A
23264,63264,N/A
23265,63265,N/A
23266,63266,N/A
23267,63267,N/A
23268,63268,N/A
23269,63269,N/A
23270,63270,N/A
23271,63271,N/A
23272,63272,N/A
23273,63273,N/A
23274,63274,N/A
23275,63275,N/A
23276,63276,N/A
23277,63277,N/A
23278,63278,N/A
23279,63279,N/A
23280,63280,N/A
23281,63281,N/A
23282,63282,N/A
23283,63283,N/A
23284,63284,N/A
23285,63285,N/A
23286,63286,N/A
23287,63287,N/A
23288,63288,N/A
23289,63289,N/A
23290,63290,N/A
23291,63291,N/A
23292,63292,N/A
23293,63293,N/A
23294,63294,N/A
23295,63295,N/A
23296,63296,N/A
23297,63297,N/A
23298,63298,N/A
23299,63299,N/A
23300,63300,N/A
23301,63301,N/A
23302,63302,N/A
23303,63303,N/A
23304,63304,N/A
23305,63305,N/A
23306,63306,N/A
23307,63307,N/A
23308,63308,N/A
23309,63309,N/A
23310,63310,N/A
23311,63311,N/A
23312,63312,N/A
23313,63313,N/A
23314,63314,N/A
23315,63315,N/A
23316,63316,N/A
23317,63317,N/A
23318,63318,N/A
23319,63319,N/A
23320,63320,N/A
23321,63321,N/A
23322,63322,N/A
23323,63323,N/A
23324,63324,N/A
23325,63325,N/A
23326,63326,N/A
23327,63327,N/A
23328,63328,N/A
23329,63329,N/A
23330,63330,N/A
23331,63331,N/A
23332,63332,N/A
23333,63333,N/A
23334,63334,N/A
23335,63335,N/A
23336,63336,N/A
23337,63337,N/A
23338,63338,N/A
23339,63339,N/A
23340,63340,N/A
23341,63341,N/A
23342,63342,N/A
23343,63343,N/A
23344,63344,N/A
23345,63345,N/A
23346,63346,N/A
23347,63347,N/A
23348,63348,N/A
23349,63349,N/A
23350,63350,N/A
23351,63351,N/A
23352,63352,N/A
23353,63353,N/A
23354,63354,N/A
23355,63355,N/A
23356,63356,N/A
23357,63357,N/A
23358,63358,N/A
23359,63359,N/A
23360,63360,N/A
23361,63361,N/A
23362,63362,N/A
23363,63363,N/A
23364,63364,N/A
23365,63365,N/A
23366,63366,N/A
23367,63367,N/A
23368,63368,N/A
23369,63369,N/A
23370,63370,N/A
23371,63371,N/A
23372,63372,N/A
23373,63373,N/A
23374,63374,N/A
23375,63375,N/A
23376,63376,N/A
23377,63377,N/A
23378,63378,N/A
23379,63379,N/A
23380,63380,N/A
23381,63381,N/A
23382,63382,N/A
23383,63383,N/A
23384,63384,N/A
23385,63385,N/A
23386,63386,N/A
23387,63387,N/A
23388,63388,N/A
23389,63389,N/A
23390,63390,N/A
23391,63391,N/A
23392,63392,N/A
23393,63393,N/A
23394,63394,N/A
23395,63395,N/A
23396,63396,N/A
23397,63397,N/A
23398,63398,N/A
23399,63399,N/A
23400,63400,N/A
23401,63401,N/A
23402,63402,N/A
23403,63403,N/A
23404,63404,N/A
23405,63405,N/A
23406,63406,N/A
23407,63407,N/A
23408,63408,N/A
23409,63409,N/A
23410,63410,N/A
23411,63411,N/A
23412,63412,N/A
23413,63413,N/A
23414,63414,N/A
23415,63415,N/A
23416,63416,N/A
23417,63417,N/A
23418,63418,N/A
23419,63419,N/A
23420,63420,N/A
23421,63421,N/A
23422,63422,N/A
23423,63423,N/A
23424,63424,N/A
23425,63425,N/A
23426,63426,N/A
23427,63427,N/A
23428,63428,N/A
23429,63429,N/A
23430,63430,N/A
23431,63431,N/A
23432,63432,N/A
23433,63433,N/A
23434,63434,N/A
23435,63435,N/A
23436,63436,N/A
23437,63437,N/A
23438,63438,N/A
23439,63439,N/A
23440,63440,N/A
23441,63441,N/A
23442,63442,N/A
23443,63443,N/A
23444,63444,N/A
23445,63445,N/A
23446,63446,N/A
23447,63447,N/A
23448,63448,N/A
23449,63449,N/A
23450,63450,N/A
23451,63451,N/A
23452,63452,N/A
23453,63453,N/A
23454,63454,N/A
23455,63455,N/A
23456,63456,N/A
23457,63457,N/A
23458,63458,N/A
23459,63459,N/A
23460,63460,N/A
23461,63461,N/A
23462,63462,N/A
23463,63463,N/A
23464,63464,N/A
23465,63465,N/A
23466,63466,N/A
23467,63467,N/A
23468,63468,N/A
23469,63469,N/A
23470,63470,N/A
23471,63471,N/A
23472,63472,N/A
23473,63473,N/A
23474,63474,N/A
23475,63475,N/A
23476,63476,N/A
23477,63477,N/A
23478,63478,N/A
23479,63479,N/A
23480,63480,N/A
23481,63481,N/A
23482,63482,N/A
23483,63483,N/A
23484,63484,N/A
23485,63485,N/A
23486,63486,N/A
23487,63487,N/A
23488,63488,N/A
23489,63489,N/A
23490,63490,N/A
23491,63491,N/A
23492,63492,N/A
23493,63493,N/A
23494,63494,N/A
23495,63495,N/A
23496,63496,N/A
23497,63497,N/A
23498,63498,N/A
23499,63499,N/A
23500,63500,N/A
23501,63501,N/A
23502,63502,N/A
23503,63503,N/A
23504,63504,N/A
23505,63505,N/A
23506,63506,N/A
23507,63507,N/A
23508,63508,N/A
23509,63509,N/A
23510,63510,N/A
23511,63511,N/A
23512,63512,N/A
23513,63513,N/A
23514,63514,N/A
23515,63515,N/A
23516,63516,N/A
23517,63517,N/A
23518,63518,N/A
23519,63519,N/A
23520,63520,N/A
23521,63521,N/A
23522,63522,N/A
23523,63523,N/A
23524,63524,N/A
23525,63525,N/A
23526,63526,N/A
23527,63527,N/A
23528,63528,N/A
23529,63529,N/A
23530,63530,N/A
23531,63531,N/A
23532,63532,N/A
23533,63533,N/A
23534,63534,N/A
23535,63535,N/A
23536,63536,N/A
23537,63537,N/A
23538,63538,N/A
23539,63539,N/A
23540,63540,N/A
23541,63541,N/A
23542,63542,N/A
23543,63543,N/A
23544,63544,N/A
23545,63545,N/A
23546,63546,N/A
23547,63547,N/A
23548,63548,N/A
23549,63549,N/A
23550,63550,N/A
23551,63551,N/A
23552,63552,N/A
23553,63553,N/A
23554,63554,N/A
23555,63555,N/A
23556,63556,N/A
23557,63557,N/A
23558,63558,N/A
23559,63559,N/A
23560,63560,N/A
23561,63561,N/A
23562,63562,N/A
23563,63563,N/A
23564,63564,N/A
23565,63565,N/A
23566,63566,N/A
23567,63567,N/A
23568,63568,N/A
23569,63569,N/A
23570,63570,N/A
23571,63571,N/A
23572,63572,N/A
23573,63573,N/A
23574,63574,N/A
23575,63575,N/A
23576,63576,N/A
23577,63577,N/A
23578,63578,N/A
23579,63579,N/A
23580,63580,N/A
23581,63581,N/A
23582,63582,N/A
23583,63583,N/A
23584,63584,N/A
23585,63585,N/A
23586,63586,N/A
23587,63587,N/A
23588,63588,N/A
23589,63589,N/A
23590,63590,N/A
23591,63591,N/A
23592,63592,N/A
23593,63593,N/A
23594,63594,N/A
23595,63595,N/A
23596,63596,N/A
23597,63597,N/A
23598,63598,N/A
23599,63599,N/A
23600,63600,N/A
23601,63601,N/A
23602,63602,N/A
23603,63603,N/A
23604,63604,N/A
23605,63605,N/A
23606,63606,N/A
23607,63607,N/A
23608,63608,N/A
23609,63609,N/A
23610,63610,N/A
23611,63611,N/A
23612,63612,N/A
23613,63613,N/A
23614,63614,N/A
23615,63615,N/A
23616,63616,N/A
23617,63617,N/A
23618,63618,N/A
23619,63619,N/A
23620,63620,N/A
23621,63621,N/A
23622,63622,N/A
23623,63623,N/A
23624,63624,N/A
23625,63625,N/A
23626,63626,N/A
23627,63627,N/A
23628,63628,N/A
23629,63629,N/A
23630,63630,N/A
23631,63631,N/A
23632,63632,N/A
23633,63633,N/A
23634,63634,N/A
23635,63635,N/A
23636,63636,N/A
23637,63637,N/A
23638,63638,N/A
23639,63639,N/A
23640,63640,N/A
23641,63641,N/A
23642,63642,N/A
23643,63643,N/A
23644,63644,N/A
23645,63645,N/A
23646,63646,N/A
23647,63647,N/A
23648,63648,N/A
23649,63649,N/A
23650,63650,N/A
23651,63651,N/A
23652,63652,N/A
23653,63653,N/A
23654,63654,N/A
23655,63655,N/A
23656,63656,N/A
23657,63657,N/A
23658,63658,N/A
23659,63659,N/A
23660,63660,N/A
23661,63661,N/A
23662,63662,N/A
23663,63663,N/A
23664,63664,N/A
23665,63665,N/A
23666,63666,N/A
23667,63667,N/A
23668,63668,N/A
23669,63669,N/A
23670,63670,N/A
23671,63671,N/A
23672,63672,N/A
23673,63673,N/A
23674,63674,N/A
23675,63675,N/A
23676,63676,N/A
23677,63677,N/A
23678,63678,N/A
23679,63679,N/A
23680,63680,N/A
23681,63681,N/A
23682,63682,N/A
23683,63683,N/A
23684,63684,N/A
23685,63685,N/A
23686,63686,N/A
23687,63687,N/A
23688,63688,N/A
23689,63689,N/A
23690,63690,N/A
23691,63691,N/A
23692,63692,N/A
23693,63693,N/A
23694,63694,N/A
23695,63695,N/A
23696,63696,N/A
23697,63697,N/A
23698,63698,N/A
23699,63699,N/A
23700,63700,N/A
23701,63701,N/A
23702,63702,N/A
23703,63703,N/A
23704,63704,N/A
23705,63705,N/A
23706,63706,N/A
23707,63707,N/A
23708,63708,N/A
23709,63709,N/A
23710,63710,N/A
23711,63711,N/A
23712,63712,N/A
23713,63713,N/A
23714,63714,N/A
23715,63715,N/A
23716,63716,N/A
23717,63717,N/A
23718,63718,N/A
23719,63719,N/A
23720,63720,N/A
23721,63721,N/A
23722,63722,N/A
23723,63723,N/A
23724,63724,N/A
23725,63725,N/A
23726,63726,N/A
23727,63727,N/A
23728,63728,N/A
23729,63729,N/A
23730,63730,N/A
23731,63731,N/A
23732,63732,N/A
23733,63733,N/A
23734,63734,N/A
23735,63735,N/A
23736,63736,N/A
23737,63737,N/A
23738,63738,N/A
23739,63739,N/A
23740,63740,N/A
23741,63741,N/A
23742,63742,N/A
23743,63743,N/A
23744,63744,N/A
23745,63745,N/A
23746,63746,N/A
23747,63747,N/A
23748,63748,N/A
23749,63749,N/A
23750,63750,N/A
23751,63751,N/A
23752,63752,N/A
23753,63753,N/A
23754,63754,N/A
23755,63755,N/A
23756,63756,N/A
23757,63757,N/A
23758,63758,N/A
23759,63759,N/A
23760,63760,N/A
23761,63761,N/A
23762,63762,N/A
23763,63763,N/A
23764,63764,N/A
23765,63765,N/A
23766,63766,N/A
23767,63767,N/A
23768,63768,N/A
23769,63769,N/A
23770,63770,N/A
23771,63771,N/A
23772,63772,N/A
23773,63773,N/A
23774,63774,N/A
23775,63775,N/A
23776,63776,N/A
23777,63777,N/A
23778,63778,N/A
23779,63779,N/A
23780,63780,N/A
23781,63781,N/A
23782,63782,N/A
23783,63783,N/A
23784,63784,N/A
23785,63785,N/A
23786,63786,N/A
23787,63787,N/A
23788,63788,N/A
23789,63789,N/A
23790,63790,N/A
23791,63791,N/A
23792,63792,N/A
23793,63793,N/A
23794,63794,N/A
23795,63795,N/A
23796,63796,N/A
23797,63797,N/A
23798,63798,N/A
23799,63799,N/A
23800,63800,N/A
23801,63801,N/A
23802,63802,N/A
23803,63803,N/A
23804,63804,N/A
23805,63805,N/A
23806,63806,N/A
23807,63807,N/A
23808,63808,N/A
23809,63809,N/A
23810,63810,N/A
23811,63811,N/A
23812,63812,N/A
23813,63813,N/A
23814,63814,N/A
23815,63815,N/A
23816,63816,N/A
23817,63817,N/A
23818,63818,N/A
23819,63819,N/A
23820,63820,N/A
23821,63821,N/A
23822,63822,N/A
23823,63823,N/A
23824,63824,N/A
23825,63825,N/A
23826,63826,N/A
23827,63827,N/A
23828,63828,N/A
23829,63829,N/A
23830,63830,N/A
23831,63831,N/A
23832,63832,N/A
23833,63833,N/A
23834,63834,N/A
23835,63835,N/A
23836,63836,N/A
23837,63837,N/A
23838,63838,N/A
23839,63839,N/A
23840,63840,N/A
23841,63841,N/A
23842,63842,N/A
23843,63843,N/A
23844,63844,N/A
23845,63845,N/A
23846,63846,N/A
23847,63847,N/A
23848,63848,N/A
23849,63849,N/A
23850,63850,N/A
23851,63851,N/A
23852,63852,N/A
23853,63853,N/A
23854,63854,N/A
23855,63855,N/A
23856,63856,N/A
23857,63857,N/A
23858,63858,N/A
23859,63859,N/A
23860,63860,N/A
23861,63861,N/A
23862,63862,N/A
23863,63863,N/A
23864,63864,N/A
23865,63865,N/A
23866,63866,N/A
23867,63867,N/A
23868,63868,N/A
23869,63869,N/A
23870,63870,N/A
23871,63871,N/A
23872,63872,N/A
23873,63873,N/A
23874,63874,N/A
23875,63875,N/A
23876,63876,N/A
23877,63877,N/A
23878,63878,N/A
23879,63879,N/A
23880,63880,N/A
23881,63881,N/A
23882,63882,N/A
23883,63883,N/A
23884,63884,N/A
23885,63885,N/A
23886,63886,N/A
23887,63887,N/A
23888,63888,N/A
23889,63889,N/A
23890,63890,N/A
23891,63891,N/A
23892,63892,N/A
23893,63893,N/A
23894,63894,N/A
23895,63895,N/A
23896,63896,N/A
23897,63897,N/A
23898,63898,N/A
23899,63899,N/A
23900,63900,N/A
23901,63901,N/A
23902,63902,N/A
23903,63903,N/A
23904,63904,N/A
23905,63905,N/A
23906,63906,N/A
23907,63907,N/A
23908,63908,N/A
23909,63909,N/A
23910,63910,N/A
23911,63911,N/A
23912,63912,N/A
23913,63913,N/A
23914,63914,N/A
23915,63915,N/A
23916,63916,N/A
23917,63917,N/A
23918,63918,N/A
23919,63919,N/A
23920,63920,N/A
23921,63921,N/A
23922,63922,N/A
23923,63923,N/A
23924,63924,N/A
23925,63925,N/A
23926,63926,N/A
23927,63927,N/A
23928,63928,N/A
23929,63929,N/A
23930,63930,N/A
23931,63931,N/A
23932,63932,N/A
23933,63933,N/A
23934,63934,N/A
23935,63935,N/A
23936,63936,N/A
23937,63937,N/A
23938,63938,N/A
23939,63939,N/A
23940,63940,N/A
23941,63941,N/A
23942,63942,N/A
23943,63943,N/A
23944,63944,N/A
23945,63945,N/A
23946,63946,N/A
23947,63947,N/A
23948,63948,N/A
23949,63949,N/A
23950,63950,N/A
23951,63951,N/A
23952,63952,N/A
23953,63953,N/A
23954,63954,N/A
23955,63955,N/A
23956,63956,N/A
23957,63957,N/A
23958,63958,N/A
23959,63959,N/A
23960,63960,N/A
23961,63961,N/A
23962,63962,N/A
23963,63963,N/A
23964,63964,N/A
23965,63965,N/A
23966,63966,N/A
23967,63967,N/A
23968,63968,N/A
23969,63969,N/A
23970,63970,N/A
23971,63971,N/A
23972,63972,N/A
23973,63973,N/A
23974,63974,N/A
23975,63975,N/A
23976,63976,N/A
23977,63977,N/A
23978,63978,N/A
23979,63979,N/A
23980,63980,N/A
23981,63981,N/A
23982,63982,N/A
23983,63983,N/A
23984,63984,N/A
23985,63985,N/A
23986,63986,N/A
23987,63987,N/A
23988,63988,N/A
23989,63989,N/A
23990,63990,N/A
23991,63991,N/A
23992,63992,N/A
23993,63993,N/A
23994,63994,N/A
23995,63995,N/A
23996,63996,N/A
23997,63997,N/A
23998,63998,N/A
23999,63999,N/A
24000,64000,N/A
24001,64001,N/A
24002,64002,N/A
24003,64003,N/A
24004,64004,N/A
24005,64005,N/A
24006,64006,N/A
24007,64007,N/A
24008,64008,N/A
24009,64009,N/A
24010,64010,N/A
24011,64011,N/A
24012,64012,N/A
24013,64013,N/A
24014,64014,N/A
24015,64015,N/A
24016,64016,N/A
24017,64017,N/A
24018,64018,N/A
24019,64019,N/A
24020,64020,N/A
24021,64021,N/A
24022,64022,N/A
24023,64023,N/A
24024,64024,N/A
24025,64025,N/A
24026,64026,N/A
24027,64027,N/A
24028,64028,N/A
24029,64029,N/A
24030,64030,N/A
24031,64031,N/A
24032,64032,N/A
24033,64033,N/A
24034,64034,N/A
24035,64035,N/A
24036,64036,N/A
24037,64037,N/A
24038,64038,N/A
24039,64039,N/A
24040,64040,N/A
24041,64041,N/A
24042,64042,N/A
24043,64043,N/A
24044,64044,N/A
24045,64045,N/A
24046,64046,N/A
24047,64047,N/A
24048,64048,N/A
24049,64049,N/A
24050,64050,N/A
24051,64051,N/A
24052,64052,N/A
24053,64053,N/A
24054,64054,N/A
24055,64055,N/A
24056,64056,N/A
24057,64057,N/A
24058,64058,N/A
24059,64059,N/A
24060,64060,N/A
24061,64061,N/A
24062,64062,N/A
24063,64063,N/A
24064,64064,N/A
24065,64065,N/A
24066,64066,N/A
24067,64067,N/A
24068,64068,N/A
24069,64069,N/A
24070,64070,N/A
24071,64071,N/A
24072,64072,N/A
24073,64073,N/A
24074,64074,N/A
24075,64075,N/A
24076,64076,N/A
24077,64077,N/A
24078,64078,N/A
24079,64079,N/A
24080,64080,N/A
24081,64081,N/A
24082,64082,N/A
24083,64083,N/A
24084,64084,N/A
24085,64085,N/A
24086,64086,N/A
24087,64087,N/A
24088,64088,N/A
24089,64089,N/A
24090,64090,N/A
24091,64091,N/A
24092,64092,N/A
24093,64093,N/A
24094,64094,N/A
24095,64095,N/A
24096,64096,N/A
24097,64097,N/A
24098,64098,N/A
24099,64099,N/A
24100,64100,N/A
24101,64101,N/A
24102,64102,N/A
24103,64103,N/A
24104,64104,N/A
24105,64105,N/A
24106,64106,N/A
24107,64107,N/A
24108,64108,N/A
24109,64109,N/A
24110,64110,N/A
24111,64111,N/A
24112,64112,N/A
24113,64113,N/A
24114,64114,N/A
24115,64115,N/A
24116,64116,N/A
24117,64117,N/A
24118,64118,N/A
24119,64119,N/A
24120,64120,N/A
24121,64121,N/A
24122,64122,N/A
24123,64123,N/A
24124,64124,N/A
24125,64125,N/A
24126,64126,N/A
24127,64127,N/A
24128,64128,N/A
24129,64129,N/A
24130,64130,N/A
24131,64131,N/A
24132,64132,N/A
24133,64133,N/A
24134,64134,N/A
24135,64135,N/A
24136,64136,N/A
24137,64137,N/A
24138,64138,N/A
24139,64139,N/A
24140,64140,N/A
24141,64141,N/A
24142,64142,N/A
24143,64143,N/A
24144,64144,N/A
24145,64145,N/A
24146,64146,N/A
24147,64147,N/A
24148,64148,N/A
24149,64149,N/A
24150,64150,N/A
24151,64151,N/A
24152,64152,N/A
24153,64153,N/A
24154,64154,N/A
24155,64155,N/A
24156,64156,N/A
24157,64157,N/A
24158,64158,N/A
24159,64159,N/A
24160,64160,N/A
24161,64161,N/A
24162,64162,N/A
24163,64163,N/A
24164,64164,N/A
24165,64165,N/A
24166,64166,N/A
24167,64167,N/A
24168,64168,N/A
24169,64169,N/A
24170,64170,N/A
24171,64171,N/A
24172,64172,N/A
24173,64173,N/A
24174,64174,N/A
24175,64175,N/A
24176,64176,N/A
24177,64177,N/A
24178,64178,N/A
24179,64179,N/A
24180,64180,N/A
24181,64181,N/A
24182,64182,N/A
24183,64183,N/A
24184,64184,N/A
24185,64185,N/A
24186,64186,N/A
24187,64187,N/A
24188,64188,N/A
24189,64189,N/A
24190,64190,N/A
24191,64191,N/A
24192,64192,N/A
24193,64193,N/A
24194,64194,N/A
24195,64195,N/A
24196,64196,N/A
24197,64197,N/A
24198,64198,N/A
24199,64199,N/A
24200,64200,N/A
24201,64201,N/A
24202,64202,N/A
24203,64203,N/A
24204,64204,N/A
24205,64205,N/A
24206,64206,N/A
24207,64207,N/A
24208,64208,N/A
24209,64209,N/A
24210,64210,N/A
24211,64211,N/A
24212,64212,N/A
24213,64213,N/A
24214,64214,N/A
24215,64215,N/A
24216,64216,N/A
24217,64217,N/A
24218,64218,N/A
24219,64219,N/A
24220,64220,N/A
24221,64221,N/A
24222,64222,N/A
24223,64223,N/A
24224,64224,N/A
24225,64225,N/A
24226,64226,N/A
24227,64227,N/A
24228,64228,N/A
24229,64229,N/A
24230,64230,N/A
24231,64231,N/A
24232,64232,N/A
24233,64233,N/A
24234,64234,N/A
24235,64235,N/A
24236,64236,N/A
24237,64237,N/A
24238,64238,N/A
24239,64239,N/A
24240,64240,N/A
24241,64241,N/A
24242,64242,N/A
24243,64243,N/A
24244,64244,N/A
24245,64245,N/A
24246,64246,N/A
24247,64247,N/A
24248,64248,N/A
24249,64249,N/A
24250,64250,N/A
24251,64251,N/A
24252,64252,N/A
24253,64253,N/A
24254,64254,N/A
24255,64255,N/A
24256,64256,N/A
24257,64257,N/A
24258,64258,N/A
24259,64259,N/A
24260,64260,N/A
24261,64261,N/A
24262,64262,N/A
24263,64263,N/A
24264,64264,N/A
24265,64265,N/A
24266,64266,N/A
24267,64267,N/A
24268,64268,N/A
24269,64269,N/A
24270,64270,N/A
24271,64271,N/A
24272,64272,N/A
24273,64273,N/A
24274,64274,N/A
24275,64275,N/A
24276,64276,N/A
24277,64277,N/A
24278,64278,N/A
24279,64279,N/A
24280,64280,N/A
24281,64281,N/A
24282,64282,N/A
24283,64283,N/A
24284,64284,N/A
24285,64285,N/A
24286,64286,N/A
24287,64287,N/A
24288,64288,N/A
24289,64289,N/A
24290,64290,N/A
24291,64291,N/A
24292,64292,N/A
24293,64293,N/A
24294,64294,N/A
24295,64295,N/A
24296,64296,N/A
24297,64297,N/A
24298,64298,N/A
24299,64299,N/A
24300,64300,N/A
24301,64301,N/A
24302,64302,N/A
24303,64303,N/A
24304,64304,N/A
24305,64305,N/A
24306,64306,N/A
24307,64307,N/A
24308,64308,N/A
24309,64309,N/A
24310,64310,N/A
24311,64311,N/A
24312,64312,N/A
24313,64313,N/A
24314,64314,N/A
24315,64315,N/A
24316,64316,N/A
24317,64317,N/A
24318,64318,N/A
24319,64319,N/A
24320,64320,N/A
24321,64321,N/A
24322,64322,N/A
24323,64323,N/A
24324,64324,N/A
24325,64325,N/A
24326,64326,N/A
24327,64327,N/A
24328,64328,N/A
24329,64329,N/A
24330,64330,N/A
24331,64331,N/A
24332,64332,N/A
24333,64333,N/A
24334,64334,N/A
24335,64335,N/A
24336,64336,N/A
24337,64337,N/A
24338,64338,N/A
24339,64339,N/A
24340,64340,N/A
24341,64341,N/A
24342,64342,N/A
24343,64343,N/A
24344,64344,N/A
24345,64345,N/A
24346,64346,N/A
24347,64347,N/A
24348,64348,N/A
24349,64349,N/A
24350,64350,N/A
24351,64351,N/A
24352,64352,N/A
24353,64353,N/A
24354,64354,N/A
24355,64355,N/A
24356,64356,N/A
24357,64357,N/A
24358,64358,N/A
24359,64359,N/A
24360,64360,N/A
24361,64361,N/A
24362,64362,N/A
24363,64363,N/A
24364,64364,N/A
24365,64365,N/A
24366,64366,N/A
24367,64367,N/A
24368,64368,N/A
24369,64369,N/A
24370,64370,N/A
24371,64371,N/A
24372,64372,N/A
24373,64373,N/A
24374,64374,N/A
24375,64375,N/A
24376,64376,N/A
24377,64377,N/A
24378,64378,N/A
24379,64379,N/A
24380,64380,N/A
24381,64381,N/A
24382,64382,N/A
24383,64383,N/A
24384,64384,N/A
24385,64385,N/A
24386,64386,N/A
24387,64387,N/A
24388,64388,N/A
24389,64389,N/A
24390,64390,N/A
24391,64391,N/A
24392,64392,N/A
24393,64393,N/A
24394,64394,N/A
24395,64395,N/A
24396,64396,N/A
24397,64397,N/A
24398,64398,N/A
24399,64399,N/A
24400,64400,N/A
24401,64401,N/A
24402,64402,N/A
24403,64403,N/A
24404,64404,N/A
24405,64405,N/A
24406,64406,N/A
24407,64407,N/A
24408,64408,N/A
24409,64409,N/A
24410,64410,N/A
24411,64411,N/A
24412,64412,N/A
24413,64413,N/A
24414,64414,N/A
24415,64415,N/A
24416,64416,N/A
24417,64417,N/A
24418,64418,N/A
24419,64419,N/A
24420,64420,N/A
24421,64421,N/A
24422,64422,N/A
24423,64423,N/A
24424,64424,N/A
24425,64425,N/A
24426,64426,N/A
24427,64427,N/A
24428,64428,N/A
24429,64429,N/A
24430,64430,N/A
24431,64431,N/A
24432,64432,N/A
24433,64433,N/A
24434,64434,N/A
24435,64435,N/A
24436,64436,N/A
24437,64437,N/A
24438,64438,N/A
24439,64439,N/A
24440,64440,N/A
24441,64441,N/A
24442,64442,N/A
24443,64443,N/A
24444,64444,N/A
24445,64445,N/A
24446,64446,N/A
24447,64447,N/A
24448,64448,N/A
24449,64449,N/A
24450,64450,N/A
24451,64451,N/A
24452,64452,N/A
24453,64453,N/A
24454,64454,N/A
24455,64455,N/A
24456,64456,N/A
24457,64457,N/A
24458,64458,N/A
24459,64459,N/A
24460,64460,N/A
24461,64461,N/A
24462,64462,N/A
24463,64463,N/A
24464,64464,N/A
24465,64465,N/A
24466,64466,N/A
24467,64467,N/A
24468,64468,N/A
24469,64469,N/A
24470,64470,N/A
24471,64471,N/A
24472,64472,N/A
24473,64473,N/A
24474,64474,N/A
24475,64475,N/A
24476,64476,N/A
24477,64477,N/A
24478,64478,N/A
24479,64479,N/A
24480,64480,N/A
24481,64481,N/A
24482,64482,N/A
24483,64483,N/A
24484,64484,N/A
24485,64485,N/A
24486,64486,N/A
24487,64487,N/A
24488,64488,N/A
24489,64489,N/A
24490,64490,N/A
24491,64491,N/A
24492,64492,N/A
24493,64493,N/A
24494,64494,N/A
24495,64495,N/A
24496,64496,N/A
24497,64497,N/A
24498,64498,N/A
24499,64499,N/A
24500,64500,N/A
24501,64501,N/A
24502,64502,N/A
24503,64503,N/A
24504,64504,N/A
24505,64505,N/A
24506,64506,N/A
24507,64507,N/A
24508,64508,N/A
24509,64509,N/A
24510,64510,N/A
24511,64511,N/A
24512,64512,N/A
24513,64513,N/A
24514,64514,N/A
24515,64515,N/A
24516,64516,N/A
24517,64517,N/A
24518,64518,N/A
24519,64519,N/A
24520,64520,N/A
24521,64521,N/A
24522,64522,N/A
24523,64523,N/A
24524,64524,N/A
24525,64525,N/A
24526,64526,N/A
24527,64527,N/A
24528,64528,N/A
24529,64529,N/A
24530,64530,N/A
24531,64531,N/A
24532,64532,N/A
24533,64533,N/A
24534,64534,N/A
24535,64535,N/A
24536,64536,N/A
24537,64537,N/A
24538,64538,N/A
24539,64539,N/A
24540,64540,N/A
24541,64541,N/A
24542,64542,N/A
24543,64543,N/A
24544,64544,N/A
24545,64545,N/A
24546,64546,N/A
24547,64547,N/A
24548,64548,N/A
24549,64549,N/A
24550,64550,N/A
24551,64551,N/A
24552,64552,N/A
24553,64553,N/A
24554,64554,N/A
24555,64555,N/A
24556,64556,N/A
24557,64557,N/A
24558,64558,N/A
24559,64559,N/A
24560,64560,N/A
24561,64561,N/A
24562,64562,N/A
24563,64563,N/A
24564,64564,N/A
24565,64565,N/A
24566,64566,N/A
24567,64567,N/A
24568,64568,N/A
24569,64569,N/A
24570,64570,N/A
24571,64571,N/A
24572,64572,N/A
24573,64573,N/A
24574,64574,N/A
24575,64575,N/A
24576,64576,N/A
24577,64577,N/A
24578,64578,N/A
24579,64579,N/A
24580,64580,N/A
24581,64581,N/A
24582,64582,N/A
24583,64583,N/A
24584,64584,N/A
24585,64585,N/A
24586,64586,N/A
24587,64587,N/A
24588,64588,N/A
24589,64589,N/A
24590,64590,N/A
24591,64591,N/A
24592,64592,N/A
24593,64593,N/A
24594,64594,N/A
24595,64595,N/A
24596,64596,N/A
24597,64597,N/A
24598,64598,N/A
24599,64599,N/A
24600,64600,N/A
24601,64601,N/A
24602,64602,N/A
24603,64603,N/A
24604,64604,N/A
24605,64605,N/A
24606,64606,N/A
24607,64607,N/A
24608,64608,N/A
24609,64609,N/A
24610,64610,N/A
24611,64611,N/A
24612,64612,N/A
24613,64613,N/A
24614,64614,N/A
24615,64615,N/A
24616,64616,N/A
24617,64617,N/A
24618,64618,N/A
24619,64619,N/A
24620,64620,N/A
24621,64621,N/A
24622,64622,N/A
24623,64623,N/A
24624,64624,N/A
24625,64625,N/A
24626,64626,N/A
24627,64627,N/A
24628,64628,N/A
24629,64629,N/A
24630,64630,N/A
24631,64631,N/A
24632,64632,N/A
24633,64633,N/A
24634,64634,N/A
24635,64635,N/A
24636,64636,N/A
24637,64637,N/A
24638,64638,N/A
24639,64639,N/A
24640,64640,N/A
24641,64641,N/A
24642,64642,N/A
24643,64643,N/A
24644,64644,N/A
24645,64645,N/A
24646,64646,N/A
24647,64647,N/A
24648,64648,N/A
24649,64649,N/A
24650,64650,N/A
24651,64651,N/A
24652,64652,N/A
24653,64653,N/A
24654,64654,N/A
24655,64655,N/A
24656,64656,N/A
24657,64657,N/A
24658,64658,N/A
24659,64659,N/A
24660,64660,N/A
24661,64661,N/A
24662,64662,N/A
24663,64663,N/A
24664,64664,N/A
24665,64665,N/A
24666,64666,N/A
24667,64667,N/A
24668,64668,N/A
24669,64669,N/A
24670,64670,N/A
24671,64671,N/A
24672,64672,N/A
24673,64673,N/A
24674,64674,N/A
24675,64675,N/A
24676,64676,N/A
24677,64677,N/A
24678,64678,N/A
24679,64679,N/A
24680,64680,N/A
24681,64681,N/A
24682,64682,N/A
24683,64683,N/A
24684,64684,N/A
24685,64685,N/A
24686,64686,N/A
24687,64687,N/A
24688,64688,N/A
24689,64689,N/A
24690,64690,N/A
24691,64691,N/A
24692,64692,N/A
24693,64693,N/A
24694,64694,N/A
24695,64695,N/A
24696,64696,N/A
24697,64697,N/A
24698,64698,N/A
24699,64699,N/A
24700,64700,N/A
24701,64701,N/A
24702,64702,N/A
24703,64703,N/A
24704,64704,N/A
24705,64705,N/A
24706,64706,N/A
24707,64707,N/A
24708,64708,N/A
24709,64709,N/A
24710,64710,N/A
24711,64711,N/A
24712,64712,N/A
24713,64713,N/A
24714,64714,N/A
24715,64715,N/A
24716,64716,N/A
24717,64717,N/A
24718,64718,N/A
24719,64719,N/A
24720,64720,N/A
24721,64721,N/A
24722,64722,N/A
24723,64723,N/A
24724,64724,N/A
24725,64725,N/A
24726,64726,N/A
24727,64727,N/A
24728,64728,N/A
24729,64729,N/A
24730,64730,N/A
24731,64731,N/A
24732,64732,N/A
24733,64733,N/A
24734,64734,N/A
24735,64735,N/A
24736,64736,N/A
24737,64737,N/A
24738,64738,N/A
24739,64739,N/A
24740,64740,N/A
24741,64741,N/A
24742,64742,N/A
24743,64743,N/A
24744,64744,N/A
24745,64745,N/A
24746,64746,N/A
24747,64747,N/A
24748,64748,N/A
24749,64749,N/A
24750,64750,N/A
24751,64751,N/A
24752,64752,N/A
24753,64753,N/A
24754,64754,N/A
24755,64755,N/A
24756,64756,N/A
24757,64757,N/A
24758,64758,N/A
24759,64759,N/A
24760,64760,N/A
24761,64761,N/A
24762,64762,N/A
24763,64763,N/A
24764,64764,N/A
24765,64765,N/A
24766,64766,N/A
24767,64767,N/A
24768,64768,N/A
24769,64769,N/A
24770,64770,N/A
24771,64771,N/A
24772,64772,N/A
24773,64773,N/A
24774,64774,N/A
24775,64775,N/A
24776,64776,N/A
24777,64777,N/A
24778,64778,N/A
24779,64779,N/A
24780,64780,N/A
24781,64781,N/A
24782,64782,N/A
24783,64783,N/A
24784,64784,N/A
24785,64785,N/A
24786,64786,N/A
24787,64787,N/A
24788,64788,N/A
24789,64789,N/A
24790,64790,N/A
24791,64791,N/A
24792,64792,N/A
24793,64793,N/A
24794,64794,N/A
24795,64795,N/A
24796,64796,N/A
24797,64797,N/A
24798,64798,N/A
24799,64799,N/A
24800,64800,N/A
24801,64801,N/A
24802,64802,N/A
24803,64803,N/A
24804,64804,N/A
24805,64805,N/A
24806,64806,N/A
24807,64807,N/A
24808,64808,N/A
24809,64809,N/A
24810,64810,N/A
24811,64811,N/A
24812,64812,N/A
24813,64813,N/A
24814,64814,N/A
24815,64815,N/A
24816,64816,N/A
24817,64817,N/A
24818,64818,N/A
24819,64819,N/A
24820,64820,N/A
24821,64821,N/A
24822,64822,N/A
24823,64823,N/A
24824,64824,N/A
24825,64825,N/A
24826,64826,N/A
24827,64827,N/A
24828,64828,N/A
24829,64829,N/A
24830,64830,N/A
24831,64831,N/A
24832,64832,N/A
24833,64833,N/A
24834,64834,N/A
24835,64835,N/A
24836,64836,N/A
24837,64837,N/A
24838,64838,N/A
24839,64839,N/A
24840,64840,N/A
24841,64841,N/A
24842,64842,N/A
24843,64843,N/A
24844,64844,N/A
24845,64845,N/A
24846,64846,N/A
24847,64847,N/A
24848,64848,N/A
24849,64849,N/A
24850,64850,N/A
24851,64851,N/A
24852,64852,N/A
24853,64853,N/A
24854,64854,N/A
24855,64855,N/A
24856,64856,N/A
24857,64857,N/A
24858,64858,N/A
24859,64859,N/A
24860,64860,N/A
24861,64861,N/A
24862,64862,N/A
24863,64863,N/A
24864,64864,N/A
24865,64865,N/A
24866,64866,N/A
24867,64867,N/A
24868,64868,N/A
24869,64869,N/A
24870,64870,N/A
24871,64871,N/A
24872,64872,N/A
24873,64873,N/A
24874,64874,N/A
24875,64875,N/A
24876,64876,N/A
24877,64877,N/A
24878,64878,N/A
24879,64879,N/A
24880,64880,N/A
24881,64881,N/A
24882,64882,N/A
24883,64883,N/A
24884,64884,N/A
24885,64885,N/A
24886,64886,N/A
24887,64887,N/A
24888,64888,N/A
24889,64889,N/A
24890,64890,N/A
24891,64891,N/A
24892,64892,N/A
24893,64893,N/A
24894,64894,N/A
24895,64895,N/A
24896,64896,N/A
24897,64897,N/A
24898,64898,N/A
24899,64899,N/A
24900,64900,N/A
24901,64901,N/A
24902,64902,N/A
24903,64903,N/A
24904,64904,N/A
24905,64905,N/A
24906,64906,N/A
24907,64907,N/A
24908,64908,N/A
24909,64909,N/A
24910,64910,N/A
24911,64911,N/A
24912,64912,N/A
24913,64913,N/A
24914,64914,N/A
24915,64915,N/A
24916,64916,N/A
24917,64917,N/A
24918,64918,N/A
24919,64919,N/A
24920,64920,N/A
24921,64921,N/A
24922,64922,N/A
24923,64923,N/A
24924,64924,N/A
24925,64925,N/A
24926,64926,N/A
24927,64927,N/A
24928,64928,N/A
24929,64929,N/A
24930,64930,N/A
24931,64931,N/A
24932,64932,N/A
24933,64933,N/A
24934,64934,N/A
24935,64935,N/A
24936,64936,N/A
24937,64937,N/A
24938,64938,N/A
24939,64939,N/A
24940,64940,N/A
24941,64941,N/A
24942,64942,N/A
24943,64943,N/A
24944,64944,N/A
24945,64945,N/A
24946,64946,N/A
24947,64947,N/A
24948,64948,N/A
24949,64949,N/A
24950,64950,N/A
24951,64951,N/A
24952,64952,N/A
24953,64953,N/A
24954,64954,N/A
24955,64955,N/A
24956,64956,N/A
24957,64957,N/A
24958,64958,N/A
24959,64959,N/A
24960,64960,N/A
24961,64961,N/A
24962,64962,N/A
24963,64963,N/A
24964,64964,N/A
24965,64965,N/A
24966,64966,N/A
24967,64967,N/A
24968,64968,N/A
24969,64969,N/A
24970,64970,N/A
24971,64971,N/A
24972,64972,N/A
24973,64973,N/A
24974,64974,N/A
24975,64975,N/A
24976,64976,N/A
24977,64977,N/A
24978,64978,N/A
24979,64979,N/A
24980,64980,N/A
24981,64981,N/A
24982,64982,N/A
24983,64983,N/A
24984,64984,N/A
24985,64985,N/A
24986,64986,N/A
24987,64987,N/A
24988,64988,N/A
24989,64989,N/A
24990,64990,N/A
24991,64991,N/A
24992,64992,N/A
24993,64993,N/A
24994,64994,N/A
24995,64995,N/A
24996,64996,N/A
24997,64997,N/A
24998,64998,N/A
24999,64999,N/A
25000,65000,N/A
25001,65001,N/A
25002,65002,N/A
25003,65003,N/A
25004,65004,N/A
25005,65005,N/A
25006,65006,N/A
25007,65007,N/A
25008,65008,N/A
25009,65009,N/A
25010,65010,N/A
25011,65011,N/A
25012,65012,N/A
25013,65013,N/A
25014,65014,N/A
25015,65015,N/A
25016,65016,N/A
25017,65017,N/A
25018,65018,N/A
25019,65019,N/A
25020,65020,N/A
25021,65021,N/A
25022,65022,N/A
25023,65023,N/A
25024,65024,N/A
25025,65025,N/A
25026,65026,N/A
25027,65027,N/A
25028,65028,N/A
25029,65029,N/A
25030,65030,N/A
25031,65031,N/A
25032,65032,N/A
25033,65033,N/A
25034,65034,N/A
25035,65035,N/A
25036,65036,N/A
25037,65037,N/A
25038,65038,N/A
25039,65039,N/A
25040,65040,N/A
25041,65041,N/A
25042,65042,N/A
25043,65043,N/A
25044,65044,N/A
25045,65045,N/A
25046,65046,N/A
25047,65047,N/A
25048,65048,N/A
25049,65049,N/A
25050,65050,N/A
25051,65051,N/A
25052,65052,N/A
25053,65053,N/A
25054,65054,N/A
25055,65055,N/A
25056,65056,N/A
25057,65057,N/A
25058,65058,N/A
25059,65059,N/A
25060,65060,N/A
25061,65061,N/A
25062,65062,N/A
25063,65063,N/A
25064,65064,N/A
25065,65065,N/A
25066,65066,N/A
25067,65067,N/A
25068,65068,N/A
25069,65069,N/A
25070,65070,N/A
25071,65071,N/A
25072,65072,N/A
25073,65073,N/A
25074,65074,N/A
25075,65075,N/A
25076,65076,N/A
25077,65077,N/A
25078,65078,N/A
25079,65079,N/A
25080,65080,N/A
25081,65081,N/A
25082,65082,N/A
25083,65083,N/A
25084,65084,N/A
25085,65085,N/A
25086,65086,N/A
25087,65087,N/A
25088,65088,N/A
25089,65089,N/A
25090,65090,N/A
25091,65091,N/A
25092,65092,N/A
25093,65093,N/A
25094,65094,N/A
25095,65095,N/A
25096,65096,N/A
25097,65097,N/A
25098,65098,N/A
25099,65099,N/A
25100,65100,N/A
25101,65101,N/A
25102,65102,N/A
25103,65103,N/A
25104,65104,N/A
25105,65105,N/A
25106,65106,N/A
25107,65107,N/A
25108,65108,N/A
25109,65109,N/A
25110,65110,N/A
25111,65111,N/A
25112,65112,N/A
25113,65113,N/A
25114,65114,N/A
25115,65115,N/A
25116,65116,N/A
25117,65117,N/A
25118,65118,N/A
25119,65119,N/A
25120,65120,N/A
25121,65121,N/A
25122,65122,N/A
25123,65123,N/A
25124,65124,N/A
25125,65125,N/A
25126,65126,N/A
25127,65127,N/A
25128,65128,N/A
25129,65129,N/A
25130,65130,N/A
25131,65131,N/A
25132,65132,N/A
25133,65133,N/A
25134,65134,N/A
25135,65135,N/A
25136,65136,N/A
25137,65137,N/A
25138,65138,N/A
25139,65139,N/A
25140,65140,N/A
25141,65141,N/A
25142,65142,N/A
25143,65143,N/A
25144,65144,N/A
25145,65145,N/A
25146,65146,N/A
25147,65147,N/A
25148,65148,N/A
25149,65149,N/A
25150,65150,N/A
25151,65151,N/A
25152,65152,N/A
25153,65153,N/A
25154,65154,N/A
25155,65155,N/A
25156,65156,N/A
25157,65157,N/A
25158,65158,N/A
25159,65159,N/A
25160,65160,N/A
25161,65161,N/A
25162,65162,N/A
25163,65163,N/A
25164,65164,N/A
25165,65165,N/A
25166,65166,N/A
25167,65167,N/A
25168,65168,N/A
25169,65169,N/A
25170,65170,N/A
25171,65171,N/A
25172,65172,N/A
25173,65173,N/A
25174,65174,N/A
25175,65175,N/A
25176,65176,N/A
25177,65177,N/A
25178,65178,N/A
25179,65179,N/A
25180,65180,N/A
25181,65181,N/A
25182,65182,N/A
25183,65183,N/A
25184,65184,N/A
25185,65185,N/A
25186,65186,N/A
25187,65187,N/A
25188,65188,N/A
25189,65189,N/A
25190,65190,N/A
25191,65191,N/A
25192,65192,N/A
25193,65193,N/A
25194,65194,N/A
25195,65195,N/A
25196,65196,N/A
25197,65197,N/A
25198,65198,N/A
25199,65199,N/A
25200,65200,N/A
25201,65201,N/A
25202,65202,N/A
25203,65203,N/A
25204,65204,N/A
25205,65205,N/A
25206,65206,N/A
25207,65207,N/A
25208,65208,N/A
25209,65209,N/A
25210,65210,N/A
25211,65211,N/A
25212,65212,N/A
25213,65213,N/A
25214,65214,N/A
25215,65215,N/A
25216,65216,N/A
25217,65217,N/A
25218,65218,N/A
25219,65219,N/A
25220,65220,N/A
25221,65221,N/A
25222,65222,N/A
25223,65223,N/A
25224,65224,N/A
25225,65225,N/A
25226,65226,N/A
25227,65227,N/A
25228,65228,N/A
25229,65229,N/A
25230,65230,N/A
25231,65231,N/A
25232,65232,N/A
25233,65233,N/A
25234,65234,N/A
25235,65235,N/A
25236,65236,N/A
25237,65237,N/A
25238,65238,N/A
25239,65239,N/A
25240,65240,N/A
25241,65241,N/A
25242,65242,N/A
25243,65243,N/A
25244,65244,N/A
25245,65245,N/A
25246,65246,N/A
25247,65247,N/A
25248,65248,N/A
25249,65249,N/A
25250,65250,N/A
25251,65251,N/A
25252,65252,N/A
25253,65253,N/A
25254,65254,N/A
25255,65255,N/A
25256,65256,N/A
25257,65257,N/A
25258,65258,N/A
25259,65259,N/A
25260,65260,N/A
25261,65261,N/A
25262,65262,N/A
25263,65263,N/A
25264,65264,N/A
25265,65265,N/A
25266,65266,N/A
25267,65267,N/A
25268,65268,N/A
25269,65269,N/A
25270,65270,N/A
25271,65271,N/A
25272,65272,N/A
25273,65273,N/A
25274,65274,N/A
25275,65275,N/A
25276,65276,N/A
25277,65277,N/A
25278,65278,N/A
25279,65279,N/A
25280,65280,N/A
25281,65281,N/A
25282,65282,N/A
25283,65283,N/A
25284,65284,N/A
25285,65285,N/A
25286,65286,N/A
25287,65287,N/A
25288,65288,N/A
25289,65289,N/A
25290,65290,N/A
25291,65291,N/A
25292,65292,N/A
25293,65293,N/A
25294,65294,N/A
25295,65295,N/A
25296,65296,N/A
25297,65297,N/A
25298,65298,N/A
25299,65299,N/A
25300,65300,N/A
25301,65301,N/A
25302,65302,N/A
25303,65303,N/A
25304,65304,N/A
25305,65305,N/A
25306,65306,N/A
25307,65307,N/A
25308,65308,N/A
25309,65309,N/A
25310,65310,N/A
25311,65311,N/A
25312,65312,N/A
25313,65313,N/A
25314,65314,N/A
25315,65315,N/A
25316,65316,N/A
25317,65317,N/A
25318,65318,N/A
25319,65319,N/A
25320,65320,N/A
25321,65321,N/A
25322,65322,N/A
25323,65323,N/A
25324,65324,N/A
25325,65325,N/A
25326,65326,N/A
25327,65327,N/A
25328,65328,N/A
25329,65329,N/A
25330,65330,N/A
25331,65331,N/A
25332,65332,N/A
25333,65333,N/A
25334,65334,N/A
25335,65335,N/A
25336,65336,N/A
25337,65337,N/A
25338,65338,N/A
25339,65339,N/A
25340,65340,N/A
25341,65341,N/A
25342,65342,N/A
25343,65343,N/A
25344,65344,N/A
25345,65345,N/A
25346,65346,N/A
25347,65347,N/A
25348,65348,N/A
25349,65349,N/A
25350,65350,N/A
25351,65351,N/A
25352,65352,N/A
25353,65353,N/A
25354,65354,N/A
25355,65355,N/A
25356,65356,N/A
25357,65357,N/A
25358,65358,N/A
25359,65359,N/A
25360,65360,N/A
25361,65361,N/A
25362,65362,N/A
25363,65363,N/A
25364,65364,N/A
25365,65365,N/A
25366,65366,N/A
25367,65367,N/A
25368,65368,N/A
25369,65369,N/A
25370,65370,N/A
25371,65371,N/A
25372,65372,N/A
25373,65373,N/A
25374,65374,N/A
25375,65375,N/A
25376,65376,N/A
25377,65377,N/A
25378,65378,N/A
25379,65379,N/A
25380,65380,N/A
25381,65381,N/A
25382,65382,N/A
25383,65383,N/A
25384,65384,N/A
25385,65385,N/A
25386,65386,N/A
25387,65387,N/A
25388,65388,N/A
25389,65389,N/A
25390,65390,N/A
25391,65391,N/A
25392,65392,N/A
25393,65393,N/A
25394,65394,N/A
25395,65395,N/A
25396,65396,N/A
25397,65397,N/A
25398,65398,N/A
25399,65399,N/A
25400,65400,N/A
25401,65401,N/A
25402,65402,N/A
25403,65403,N/A
25404,65404,N/A
25405,65405,N/A
25406,65406,N/A
25407,65407,N/A
25408,65408,N/A
25409,65409,N/A
25410,65410,N/A
25411,65411,N/A
25412,65412,N/A
25413,65413,N/A
25414,65414,N/A
25415,65415,N/A
25416,65416,N/A
25417,65417,N/A
25418,65418,N/A
25419,65419,N/A
25420,65420,N/A
25421,65421,N/A
25422,65422,N/A
25423,65423,N/A
25424,65424,N/A
25425,65425,N/A
25426,65426,N/A
25427,65427,N/A
25428,65428,N/A
25429,65429,N/A
25430,65430,N/A
25431,65431,N/A
25432,65432,N/A
25433,65433,N/A
25434,65434,N/A
25435,65435,N/A
25436,65436,N/A
25437,65437,N/A
25438,65438,N/A
25439,65439,N/A
25440,65440,N/A
25441,65441,N/A
25442,65442,N/A
25443,65443,N/A
25444,65444,N/A
25445,65445,N/A
25446,65446,N/A
25447,65447,N/A
25448,65448,N/A
25449,65449,N/A
25450,65450,N/A
25451,65451,N/A
25452,65452,N/A
25453,65453,N/A
25454,65454,N/A
25455,65455,N/A
25456,65456,N/A
25457,65457,N/A
25458,65458,N/A
25459,65459,N/A
25460,65460,N/A
25461,65461,N/A
25462,65462,N/A
25463,65463,N/A
25464,65464,N/A
25465,65465,N/A
25466,65466,N/A
25467,65467,N/A
25468,65468,N/A
25469,65469,N/A
25470,65470,N/A
25471,65471,N/A
25472,65472,N/A
25473,65473,N/A
25474,65474,N/A
25475,65475,N/A
25476,65476,N/A
25477,65477,N/A
25478,65478,N/A
25479,65479,N/A
25480,65480,N/A
25481,65481,N/A
25482,65482,N/A
25483,65483,N/A
25484,65484,N/A
25485,65485,N/A
25486,65486,N/A
25487,65487,N/A
25488,65488,N/A
25489,65489,N/A
25490,65490,N/A
25491,65491,N/A
25492,65492,N/A
25493,65493,N/A
25494,65494,N/A
25495,65495,N/A
25496,65496,N/A
25497,65497,N/A
25498,65498,N/A
25499,65499,N/A
25500,65500,N/A
25501,65501,N/A
25502,65502,N/A
25503,65503,N/A
25504,65504,N/A
25505,65505,N/A
25506,65506,N/A
25507,65507,N/A
25508,65508,N/A
25509,65509,N/A
25510,65510,N/A
25511,65511,N/A
25512,65512,N/A
25513,65513,N/A
25514,65514,N/A
25515,65515,N/A
25516,65516,N/A
25517,65517,N/A
25518,65518,N/A
25519,65519,N/A
25520,65520,N/A
25521,65521,N/A
25522,65522,N/A
25523,65523,N/A
25524,65524,N/A
25525,65525,N/A
25526,65526,N/A
25527,65527,N/A
25528,65528,N/A
25529,65529,N/A
25530,65530,N/A
25531,65531,N/A
25532,65532,N/A
25533,65533,N/A
25534,65534,N/A
25535,65535,N/A
25536,65536,N/A
25537,65537,N/A
25538,65538,N/A
25539,65539,N/A
25540,65540,N/A
25541,65541,N/A
25542,65542,N/A
25543,65543,N/A
25544,65544,N/A
25545,65545,N/A
25546,65546,N/A
25547,65547,N/A
25548,65548,N/A
25549,65549,N/A
25550,65550,N/A
25551,65551,N/A
25552,65552,N/A
25553,65553,N/A
25554,65554,N/A
25555,65555,N/A
25556,65556,N/A
25557,65557,N/A
25558,65558,N/A
25559,65559,N/A
25560,65560,N/A
25561,65561,N/A
25562,65562,N/A
25563,65563,N/A
25564,65564,N/A
25565,65565,N/A
25566,65566,N/A
25567,65567,N/A
25568,65568,N/A
25569,65569,N/A
25570,65570,N/A
25571,65571,N/A
25572,65572,N/A
25573,65573,N/A
25574,65574,N/A
25575,65575,N/A
25576,65576,N/A
25577,65577,N/A
25578,65578,N/A
25579,65579,N/A
25580,65580,N/A
25581,65581,N/A
25582,65582,N/A
25583,65583,N/A
25584,65584,N/A
25585,65585,N/A
25586,65586,N/A
25587,65587,N/A
25588,65588,N/A
25589,65589,N/A
25590,65590,N/A
25591,65591,N/A
25592,65592,N/A
25593,65593,N/A
25594,65594,N/A
25595,65595,N/A
25596,65596,N/A
25597,65597,N/A
25598,65598,N/A
25599,65599,N/A
25600,65600,N/A
25601,65601,N/A
25602,65602,N/A
25603,65603,N/A
25604,65604,N/A
25605,65605,N/A
25606,65606,N/A
25607,65607,N/A
25608,65608,N/A
25609,65609,N/A
25610,65610,N/A
25611,65611,N/A
25612,65612,N/A
25613,65613,N/A
25614,65614,N/A
25615,65615,N/A
25616,65616,N/A
25617,65617,N/A
25618,65618,N/A
25619,65619,N/A
25620,65620,N/A
25621,65621,N/A
25622,65622,N/A
25623,65623,N/A
25624,65624,N/A
25625,65625,N/A
25626,65626,N/A
25627,65627,N/A
25628,65628,N/A
25629,65629,N/A
25630,65630,N/A
25631,65631,N/A
25632,65632,N/A
25633,65633,N/A
25634,65634,N/A
25635,65635,N/A
25636,65636,N/A
25637,65637,N/A
25638,65638,N/A
25639,65639,N/A
25640,65640,N/A
25641,65641,N/A
25642,65642,N/A
25643,65643,N/A
25644,65644,N/A
25645,65645,N/A
25646,65646,N/A
25647,65647,N/A
25648,65648,N/A
25649,65649,N/A
25650,65650,N/A
25651,65651,N/A
25652,65652,N/A
25653,65653,N/A
25654,65654,N/A
25655,65655,N/A
25656,65656,N/A
25657,65657,N/A
25658,65658,N/A
25659,65659,N/A
25660,65660,N/A
25661,65661,N/A
25662,65662,N/A
25663,65663,N/A
25664,65664,N/A
25665,65665,N/A
25666,65666,N/A
25667,65667,N/A
25668,65668,N/A
25669,65669,N/A
25670,65670,N/A
25671,65671,N/A
25672,65672,N/A
25673,65673,N/A
25674,65674,N/A
25675,65675,N/A
25676,65676,N/A
25677,65677,N/A
25678,65678,N/A
25679,65679,N/A
25680,65680,N/A
25681,65681,N/A
25682,65682,N/A
25683,65683,N/A
25684,65684,N/A
25685,65685,N/A
25686,65686,N/A
25687,65687,N/A
25688,65688,N/A
25689,65689,N/A
25690,65690,N/A
25691,65691,N/A
25692,65692,N/A
25693,65693,N/A
25694,65694,N/A
25695,65695,N/A
25696,65696,N/A
25697,65697,N/A
25698,65698,N/A
25699,65699,N/A
25700,65700,N/A
25701,65701,N/A
25702,65702,N/A
25703,65703,N/A
25704,65704,N/A
25705,65705,N/A
25706,65706,N/A
25707,65707,N/A
25708,65708,N/A
25709,65709,N/A
25710,65710,N/A
25711,65711,N/A
25712,65712,N/A
25713,65713,N/A
25714,65714,N/A
25715,65715,N/A
25716,65716,N/A
25717,65717,N/A
25718,65718,N/A
25719,65719,N/A
25720,65720,N/A
25721,65721,N/A
25722,65722,N/A
25723,65723,N/A
25724,65724,N/A
25725,65725,N/A
25726,65726,N/A
25727,65727,N/A
25728,65728,N/A
25729,65729,N/A
25730,65730,N/A
25731,65731,N/A
25732,65732,N/A
25733,65733,N/A
25734,65734,N/A
25735,65735,N/A
25736,65736,N/A
25737,65737,N/A
25738,65738,N/A
25739,65739,N/A
25740,65740,N/A
25741,65741,N/A
25742,65742,N/A
25743,65743,N/A
25744,65744,N/A
25745,65745,N/A
25746,65746,N/A
25747,65747,N/A
25748,65748,N/A
25749,65749,N/A
25750,65750,N/A
25751,65751,N/A
25752,65752,N/A
25753,65753,N/A
25754,65754,N/A
25755,65755,N/A
25756,65756,N/A
25757,65757,N/A
25758,65758,N/A
25759,65759,N/A
25760,65760,N/A
25761,65761,N/A
25762,65762,N/A
25763,65763,N/A
25764,65764,N/A
25765,65765,N/A
25766,65766,N/A
25767,65767,N/A
25768,65768,N/A
25769,65769,N/A
25770,65770,N/A
25771,65771,N/A
25772,65772,N/A
25773,65773,N/A
25774,65774,N/A
25775,65775,N/A
25776,65776,N/A
25777,65777,N/A
25778,65778,N/A
25779,65779,N/A
25780,65780,N/A
25781,65781,N/A
25782,65782,N/A
25783,65783,N/A
25784,65784,N/A
25785,65785,N/A
25786,65786,N/A
25787,65787,N/A
25788,65788,N/A
25789,65789,N/A
25790,65790,N/A
25791,65791,N/A
25792,65792,N/A
25793,65793,N/A
25794,65794,N/A
25795,65795,N/A
25796,65796,N/A
25797,65797,N/A
25798,65798,N/A
25799,65799,N/A
25800,65800,N/A
25801,65801,N/A
25802,65802,N/A
25803,65803,N/A
25804,65804,N/A
25805,65805,N/A
25806,65806,N/A
25807,65807,N/A
25808,65808,N/A
25809,65809,N/A
25810,65810,N/A
25811,65811,N/A
25812,65812,N/A
25813,65813,N/A
25814,65814,N/A
25815,65815,N/A
25816,65816,N/A
25817,65817,N/A
25818,65818,N/A
25819,65819,N/A
25820,65820,N/A
25821,65821,N/A
25822,65822,N/A
25823,65823,N/A
25824,65824,N/A
25825,65825,N/A
25826,65826,N/A
25827,65827,N/A
25828,65828,N/A
25829,65829,N/A
25830,65830,N/A
25831,65831,N/A
25832,65832,N/A
25833,65833,N/A
25834,65834,N/A
25835,65835,N/A
25836,65836,N/A
25837,65837,N/A
25838,65838,N/A
25839,65839,N/A
25840,65840,N/A
25841,65841,N/A
25842,65842,N/A
25843,65843,N/A
25844,65844,N/A
25845,65845,N/A
25846,65846,N/A
25847,65847,N/A
25848,65848,N/A
25849,65849,N/A
25850,65850,N/A
25851,65851,N/A
25852,65852,N/A
25853,65853,N/A
25854,65854,N/A
25855,65855,N/A
25856,65856,N/A
25857,65857,N/A
25858,65858,N/A
25859,65859,N/A
25860,65860,N/A
25861,65861,N/A
25862,65862,N/A
25863,65863,N/A
25864,65864,N/A
25865,65865,N/A
25866,65866,N/A
25867,65867,N/A
25868,65868,N/A
25869,65869,N/A
25870,65870,N/A
25871,65871,N/A
25872,65872,N/A
25873,65873,N/A
25874,65874,N/A
25875,65875,N/A
25876,65876,N/A
25877,65877,N/A
25878,65878,N/A
25879,65879,N/A
25880,65880,N/A
25881,65881,N/A
25882,65882,N/A
25883,65883,N/A
25884,65884,N/A
25885,65885,N/A
25886,65886,N/A
25887,65887,N/A
25888,65888,N/A
25889,65889,N/A
25890,65890,N/A
25891,65891,N/A
25892,65892,N/A
25893,65893,N/A
25894,65894,N/A
25895,65895,N/A
25896,65896,N/A
25897,65897,N/A
25898,65898,N/A
25899,65899,N/A
25900,65900,N/A
25901,65901,N/A
25902,65902,N/A
25903,65903,N/A
25904,65904,N/A
25905,65905,N/A
25906,65906,N/A
25907,65907,N/A
25908,65908,N/A
25909,65909,N/A
25910,65910,N/A
25911,65911,N/A
25912,65912,N/A
25913,65913,N/A
25914,65914,N/A
25915,65915,N/A
25916,65916,N/A
25917,65917,N/A
25918,65918,N/A
25919,65919,N/A
25920,65920,N/A
25921,65921,N/A
25922,65922,N/A
25923,65923,N/A
25924,65924,N/A
25925,65925,N/A
25926,65926,N/A
25927,65927,N/A
25928,65928,N/A
25929,65929,N/A
25930,65930,N/A
25931,65931,N/A
25932,65932,N/A
25933,65933,N/A
25934,65934,N/A
25935,65935,N/A
25936,65936,N/A
25937,65937,N/A
25938,65938,N/A
25939,65939,N/A
25940,65940,N/A
25941,65941,N/A
25942,65942,N/A
25943,65943,N/A
25944,65944,N/A
25945,65945,N/A
25946,65946,N/A
25947,65947,N/A
25948,65948,N/A
25949,65949,N/A
25950,65950,N/A
25951,65951,N/A
25952,65952,N/A
25953,65953,N/A
25954,65954,N/A
25955,65955,N/A
25956,65956,N/A
25957,65957,N/A
25958,65958,N/A
25959,65959,N/A
25960,65960,N/A
25961,65961,N/A
25962,65962,N/A
25963,65963,N/A
25964,65964,N/A
25965,65965,N/A
25966,65966,N/A
25967,65967,N/A
25968,65968,N/A
25969,65969,N/A
25970,65970,N/A
25971,65971,N/A
25972,65972,N/A
25973,65973,N/A
25974,65974,N/A
25975,65975,N/A
25976,65976,N/A
25977,65977,N/A
25978,65978,N/A
25979,65979,N/A
25980,65980,N/A
25981,65981,N/A
25982,65982,N/A
25983,65983,N/A
25984,65984,N/A
25985,65985,N/A
25986,65986,N/A
25987,65987,N/A
25988,65988,N/A
25989,65989,N/A
25990,65990,N/A
25991,65991,N/A
25992,65992,N/A
25993,65993,N/A
25994,65994,N/A
25995,65995,N/A
25996,65996,N/A
25997,65997,N/A
25998,65998,N/A
25999,65999,N/A
26000,66000,N/A
26001,66001,N/A
26002,66002,N/A
26003,66003,N/A
26004,66004,N/A
26005,66005,N/A
26006,66006,N/A
26007,66007,N/A
26008,66008,N/A
26009,66009,N/A
26010,66010,N/A
26011,66011,N/A
26012,66012,N/A
26013,66013,N/A
26014,66014,N/A
26015,66015,N/A
26016,66016,N/A
26017,66017,N/A
26018,66018,N/A
26019,66019,N/A
26020,66020,N/A
26021,66021,N/A
26022,66022,N/A
26023,66023,N/A
26024,66024,N/A
26025,66025,N/A
26026,66026,N/A
26027,66027,N/A
26028,66028,N/A
26029,66029,N/A
26030,66030,N/A
26031,66031,N/A
26032,66032,N/A
26033,66033,N/A
26034,66034,N/A
26035,66035,N/A
26036,66036,N/A
26037,66037,N/A
26038,66038,N/A
26039,66039,N/A
26040,66040,N/A
26041,66041,N/A
26042,66042,N/A
26043,66043,N/A
26044,66044,N/A
26045,66045,N/A
26046,66046,N/A
26047,66047,N/A
26048,66048,N/A
26049,66049,N/A
26050,66050,N/A
26051,66051,N/A
26052,66052,N/A
26053,66053,N/A
26054,66054,N/A
26055,66055,N/A
26056,66056,N/A
26057,66057,N/A
26058,66058,N/A
26059,66059,N/A
26060,66060,N/A
26061,66061,N/A
26062,66062,N/A
26063,66063,N/A
26064,66064,N/A
26065,66065,N/A
26066,66066,N/A
26067,66067,N/A
26068,66068,N/A
26069,66069,N/A
26070,66070,N/A
26071,66071,N/A
26072,66072,N/A
26073,66073,N/A
26074,66074,N/A
26075,66075,N/A
26076,66076,N/A
26077,66077,N/A
26078,66078,N/A
26079,66079,N/A
26080,66080,N/A
26081,66081,N/A
26082,66082,N/A
26083,66083,N/A
26084,66084,N/A
26085,66085,N/A
26086,66086,N/A
26087,66087,N/A
26088,66088,N/A
26089,66089,N/A
26090,66090,N/A
26091,66091,N/A
26092,66092,N/A
26093,66093,N/A
26094,66094,N/A
26095,66095,N/A
26096,66096,N/A
26097,66097,N/A
26098,66098,N/A
26099,66099,N/A
26100,66100,N/A
26101,66101,N/A
26102,66102,N/A
26103,66103,N/A
26104,66104,N/A
26105,66105,N/A
26106,66106,N/A
26107,66107,N/A
26108,66108,N/A
26109,66109,N/A
26110,66110,N/A
26111,66111,N/A
26112,66112,N/A
26113,66113,N/A
26114,66114,N/A
26115,66115,N/A
26116,66116,N/A
26117,66117,N/A
26118,66118,N/A
26119,66119,N/A
26120,66120,N/A
26121,66121,N/A
26122,66122,N/A
26123,66123,N/A
26124,66124,N/A
26125,66125,N/A
26126,66126,N/A
26127,66127,N/A
26128,66128,N/A
26129,66129,N/A
26130,66130,N/A
26131,66131,N/A
26132,66132,N/A
26133,66133,N/A
26134,66134,N/A
26135,66135,N/A
26136,66136,N/A
26137,66137,N/A
26138,66138,N/A
26139,66139,N/A
26140,66140,N/A
26141,66141,N/A
26142,66142,N/A
26143,66143,N/A
26144,66144,N/A
26145,66145,N/A
26146,66146,N/A
26147,66147,N/A
26148,66148,N/A
26149,66149,N/A
26150,66150,N/A
26151,66151,N/A
26152,66152,N/A
26153,66153,N/A
26154,66154,N/A
26155,66155,N/A
26156,66156,N/A
26157,66157,N/A
26158,66158,N/A
26159,66159,N/A
26160,66160,N/A
26161,66161,N/A
26162,66162,N/A
26163,66163,N/A
26164,66164,N/A
26165,66165,N/A
26166,66166,N/A
26167,66167,N/A
26168,66168,N/A
26169,66169,N/A
26170,66170,N/A
26171,66171,N/A
26172,66172,N/A
26173,66173,N/A
26174,66174,N/A
26175,66175,N/A
26176,66176,N/A
26177,66177,N/A
26178,66178,N/A
26179,66179,N/A
26180,66180,N/A
26181,66181,N/A
26182,66182,N/A
26183,66183,N/A
26184,66184,N/A
26185,66185,N/A
26186,66186,N/A
26187,66187,N/A
26188,66188,N/A
26189,66189,N/A
26190,66190,N/A
26191,66191,N/A
26192,66192,N/A
26193,66193,N/A
26194,66194,N/A
26195,66195,N/A
26196,66196,N/A
26197,66197,N/A
26198,66198,N/A
26199,66199,N/A
26200,66200,N/A
26201,66201,N/A
26202,66202,N/A
26203,66203,N/A
26204,66204,N/A
26205,66205,N/A
26206,66206,N/A
26207,66207,N/A
26208,66208,N/A
26209,66209,N/A
26210,66210,N/A
26211,66211,N/A
26212,66212,N/A
26213,66213,N/A
26214,66214,N/A
26215,66215,N/A
26216,66216,N/A
26217,66217,N/A
26218,66218,N/A
26219,66219,N/A
26220,66220,N/A
26221,66221,N/A
26222,66222,N/A
26223,66223,N/A
26224,66224,N/A
26225,66225,N/A
26226,66226,N/A
26227,66227,N/A
26228,66228,N/A
26229,66229,N/A
26230,66230,N/A
26231,66231,N/A
26232,66232,N/A
26233,66233,N/A
26234,66234,N/A
26235,66235,N/A
26236,66236,N/A
26237,66237,N/A
26238,66238,N/A
26239,66239,N/A
26240,66240,N/A
26241,66241,N/A
26242,66242,N/A
26243,66243,N/A
26244,66244,N/A
26245,66245,N/A
26246,66246,N/A
26247,66247,N/A
26248,66248,N/A
26249,66249,N/A
26250,66250,N/A
26251,66251,N/A
26252,66252,N/A
26253,66253,N/A
26254,66254,N/A
26255,66255,N/A
26256,66256,N/A
26257,66257,N/A
26258,66258,N/A
26259,66259,N/A
26260,66260,N/A
26261,66261,N/A
26262,66262,N/A
26263,66263,N/A
26264,66264,N/A
26265,66265,N/A
26266,66266,N/A
26267,66267,N/A
26268,66268,N/A
26269,66269,N/A
26270,66270,N/A
26271,66271,N/A
26272,66272,N/A
26273,66273,N/A
26274,66274,N/A
26275,66275,N/A
26276,66276,N/A
26277,66277,N/A
26278,66278,N/A
26279,66279,N/A
26280,66280,N/A
26281,66281,N/A
26282,66282,N/A
26283,66283,N/A
26284,66284,N/A
26285,66285,N/A
26286,66286,N/A
26287,66287,N/A
26288,66288,N/A
26289,66289,N/A
26290,66290,N/A
26291,66291,N/A
26292,66292,N/A
26293,66293,N/A
26294,66294,N/A
26295,66295,N/A
26296,66296,N/A
26297,66297,N/A
26298,66298,N/A
26299,66299,N/A
26300,66300,N/A
26301,66301,N/A
26302,66302,N/A
26303,66303,N/A
26304,66304,N/A
26305,66305,N/A
26306,66306,N/A
26307,66307,N/A
26308,66308,N/A
26309,66309,N/A
26310,66310,N/A
26311,66311,N/A
26312,66312,N/A
26313,66313,N/A
26314,66314,N/A
26315,66315,N/A
26316,66316,N/A
26317,66317,N/A
26318,66318,N/A
26319,66319,N/A
26320,66320,N/A
26321,66321,N/A
26322,66322,N/A
26323,66323,N/A
26324,66324,N/A
26325,66325,N/A
26326,66326,N/A
26327,66327,N/A
26328,66328,N/A
26329,66329,N/A
26330,66330,N/A
26331,66331,N/A
26332,66332,N/A
26333,66333,N/A
26334,66334,N/A
26335,66335,N/A
26336,66336,N/A
26337,66337,N/A
26338,66338,N/A
26339,66339,N/A
26340,66340,N/A
26341,66341,N/A
26342,66342,N/A
26343,66343,N/A
26344,66344,N/A
26345,66345,N/A
26346,66346,N/A
26347,66347,N/A
26348,66348,N/A
26349,66349,N/A
26350,66350,N/A
26351,66351,N/A
26352,66352,N/A
26353,66353,N/A
26354,66354,N/A
26355,66355,N/A
26356,66356,N/A
26357,66357,N/A
26358,66358,N/A
26359,66359,N/A
26360,66360,N/A
26361,66361,N/A
26362,66362,N/A
26363,66363,N/A
26364,66364,N/A
26365,66365,N/A
26366,66366,N/A
26367,66367,N/A
26368,66368,N/A
26369,66369,N/A
26370,66370,N/A
26371,66371,N/A
26372,66372,N/A
26373,66373,N/A
26374,66374,N/A
26375,66375,N/A
26376,66376,N/A
26377,66377,N/A
26378,66378,N/A
26379,66379,N/A
26380,66380,N/A
26381,66381,N/A
26382,66382,N/A
26383,66383,N/A
26384,66384,N/A
26385,66385,N/A
26386,66386,N/A
26387,66387,N/A
26388,66388,N/A
26389,66389,N/A
26390,66390,N/A
26391,66391,N/A
26392,66392,N/A
26393,66393,N/A
26394,66394,N/A
26395,66395,N/A
26396,66396,N/A
26397,66397,N/A
26398,66398,N/A
26399,66399,N/A
26400,66400,N/A
26401,66401,N/A
26402,66402,N/A
26403,66403,N/A
26404,66404,N/A
26405,66405,N/A
26406,66406,N/A
26407,66407,N/A
26408,66408,N/A
26409,66409,N/A
26410,66410,N/A
26411,66411,N/A
26412,66412,N/A
26413,66413,N/A
26414,66414,N/A
26415,66415,N/A
26416,66416,N/A
26417,66417,N/A
26418,66418,N/A
26419,66419,N/A
26420,66420,N/A
26421,66421,N/A
26422,66422,N/A
26423,66423,N/A
26424,66424,N/A
26425,66425,N/A
26426,66426,N/A
26427,66427,N/A
26428,66428,N/A
26429,66429,N/A
26430,66430,N/A
26431,66431,N/A
26432,66432,N/A
26433,66433,N/A
26434,66434,N/A
26435,66435,N/A
26436,66436,N/A
26437,66437,N/A
26438,66438,N/A
26439,66439,N/A
26440,66440,N/A
26441,66441,N/A
26442,66442,N/A
26443,66443,N/A
26444,66444,N/A
26445,66445,N/A
26446,66446,N/A
26447,66447,N/A
26448,66448,N/A
26449,66449,N/A
26450,66450,N/A
26451,66451,N/A
26452,66452,N/A
26453,66453,N/A
26454,66454,N/A
26455,66455,N/A
26456,66456,N/A
26457,66457,N/A
26458,66458,N/A
26459,66459,N/A
26460,66460,N/A
26461,66461,N/A
26462,66462,N/A
26463,66463,N/A
26464,66464,N/A
26465,66465,N/A
26466,66466,N/A
26467,66467,N/A
26468,66468,N/A
26469,66469,N/A
26470,66470,N/A
26471,66471,N/A
26472,66472,N/A
26473,66473,N/A
26474,66474,N/A
26475,66475,N/A
26476,66476,N/A
26477,66477,N/A
26478,66478,N/A
26479,66479,N/A
26480,66480,N/A
26481,66481,N/A
26482,66482,N/A
26483,66483,N/A
26484,66484,N/A
26485,66485,N/A
26486,66486,N/A
26487,66487,N/A
26488,66488,N/A
26489,66489,N/A
26490,66490,N/A
26491,66491,N/A
26492,66492,N/A
26493,66493,N/A
26494,66494,N/A
26495,66495,N/A
26496,66496,N/A
26497,66497,N/A
26498,66498,N/A
26499,66499,N/A
26500,66500,N/A
26501,66501,N/A
26502,66502,N/A
26503,66503,N/A
26504,66504,N/A
26505,66505,N/A
26506,66506,N/A
26507,66507,N/A
26508,66508,N/A
26509,66509,N/A
26510,66510,N/A
26511,66511,N/A
26512,66512,N/A
26513,66513,N/A
26514,66514,N/A
26515,66515,N/A
26516,66516,N/A
26517,66517,N/A
26518,66518,N/A
26519,66519,N/A
26520,66520,N/A
26521,66521,N/A
26522,66522,N/A
26523,66523,N/A
26524,66524,N/A
26525,66525,N/A
26526,66526,N/A
26527,66527,N/A
26528,66528,N/A
26529,66529,N/A
26530,66530,N/A
26531,66531,N/A
26532,66532,N/A
26533,66533,N/A
26534,66534,N/A
26535,66535,N/A
26536,66536,N/A
26537,66537,N/A
26538,66538,N/A
26539,66539,N/A
26540,66540,N/A
26541,66541,N/A
26542,66542,N/A
26543,66543,N/A
26544,66544,N/A
26545,66545,N/A
26546,66546,N/A
26547,66547,N/A
26548,66548,N/A
26549,66549,N/A
26550,66550,N/A
26551,66551,N/A
26552,66552,N/A
26553,66553,N/A
26554,66554,N/A
26555,66555,N/A
26556,66556,N/A
26557,66557,N/A
26558,66558,N/A
26559,66559,N/A
26560,66560,N/A
26561,66561,N/A
26562,66562,N/A
26563,66563,N/A
26564,66564,N/A
26565,66565,N/A
26566,66566,N/A
26567,66567,N/A
26568,66568,N/A
26569,66569,N/A
26570,66570,N/A
26571,66571,N/A
26572,66572,N/A
26573,66573,N/A
26574,66574,N/A
26575,66575,N/A
26576,66576,N/A
26577,66577,N/A
26578,66578,N/A
26579,66579,N/A
26580,66580,N/A
26581,66581,N/A
26582,66582,N/A
26583,66583,N/A
26584,66584,N/A
26585,66585,N/A
26586,66586,N/A
26587,66587,N/A
26588,66588,N/A
26589,66589,N/A
26590,66590,N/A
26591,66591,N/A
26592,66592,N/A
26593,66593,N/A
26594,66594,N/A
26595,66595,N/A
26596,66596,N/A
26597,66597,N/A
26598,66598,N/A
26599,66599,N/A
26600,66600,N/A
26601,66601,N/A
26602,66602,N/A
26603,66603,N/A
26604,66604,N/A
26605,66605,N/A
26606,66606,N/A
26607,66607,N/A
26608,66608,N/A
26609,66609,N/A
26610,66610,N/A
26611,66611,N/A
26612,66612,N/A
26613,66613,N/A
26614,66614,N/A
26615,66615,N/A
26616,66616,N/A
26617,66617,N/A
26618,66618,N/A
26619,66619,N/A
26620,66620,N/A
26621,66621,N/A
26622,66622,N/A
26623,66623,N/A
26624,66624,N/A
26625,66625,N/A
26626,66626,N/A
26627,66627,N/A
26628,66628,N/A
26629,66629,N/A
26630,66630,N/A
26631,66631,N/A
26632,66632,N/A
26633,66633,N/A
26634,66634,N/A
26635,66635,N/A
26636,66636,N/A
26637,66637,N/A
26638,66638,N/A
26639,66639,N/A
26640,66640,N/A
26641,66641,N/A
26642,66642,N/A
26643,66643,N/A
26644,66644,N/A
26645,66645,N/A
26646,66646,N/A
26647,66647,N/A
26648,66648,N/A
26649,66649,N/A
26650,66650,N/A
26651,66651,N/A
26652,66652,N/A
26653,66653,N/A
26654,66654,N/A
26655,66655,N/A
26656,66656,N/A
26657,66657,N/A
26658,66658,N/A
26659,66659,N/A
26660,66660,N/A
26661,66661,N/A
26662,66662,N/A
26663,66663,N/A
26664,66664,N/A
26665,66665,N/A
26666,66666,N/A
26667,66667,N/A
26668,66668,N/A
26669,66669,N/A
26670,66670,N/A
26671,66671,N/A
26672,66672,N/A
26673,66673,N/A
26674,66674,N/A
26675,66675,N/A
26676,66676,N/A
26677,66677,N/A
26678,66678,N/A
26679,66679,N/A
26680,66680,N/A
26681,66681,N/A
26682,66682,N/A
26683,66683,N/A
26684,66684,N/A
26685,66685,N/A
26686,66686,N/A
26687,66687,N/A
26688,66688,N/A
26689,66689,N/A
26690,66690,N/A
26691,66691,N/A
26692,66692,N/A
26693,66693,N/A
26694,66694,N/A
26695,66695,N/A
26696,66696,N/A
26697,66697,N/A
26698,66698,N/A
26699,66699,N/A
26700,66700,N/A
26701,66701,N/A
26702,66702,N/A
26703,66703,N/A
26704,66704,N/A
26705,66705,N/A
26706,66706,N/A
26707,66707,N/A
26708,66708,N/A
26709,66709,N/A
26710,66710,N/A
26711,66711,N/A
26712,66712,N/A
26713,66713,N/A
26714,66714,N/A
26715,66715,N/A
26716,66716,N/A
26717,66717,N/A
26718,66718,N/A
26719,66719,N/A
26720,66720,N/A
26721,66721,N/A
26722,66722,N/A
26723,66723,N/A
26724,66724,N/A
26725,66725,N/A
26726,66726,N/A
26727,66727,N/A
26728,66728,N/A
26729,66729,N/A
26730,66730,N/A
26731,66731,N/A
26732,66732,N/A
26733,66733,N/A
26734,66734,N/A
26735,66735,N/A
26736,66736,N/A
26737,66737,N/A
26738,66738,N/A
26739,66739,N/A
26740,66740,N/A
26741,66741,N/A
26742,66742,N/A
26743,66743,N/A
26744,66744,N/A
26745,66745,N/A
26746,66746,N/A
26747,66747,N/A
26748,66748,N/A
26749,66749,N/A
26750,66750,N/A
26751,66751,N/A
26752,66752,N/A
26753,66753,N/A
26754,66754,N/A
26755,66755,N/A
26756,66756,N/A
26757,66757,N/A
26758,66758,N/A
26759,66759,N/A
26760,66760,N/A
26761,66761,N/A
26762,66762,N/A
26763,66763,N/A
26764,66764,N/A
26765,66765,N/A
26766,66766,N/A
26767,66767,N/A
26768,66768,N/A
26769,66769,N/A
26770,66770,N/A
26771,66771,N/A
26772,66772,N/A
26773,66773,N/A
26774,66774,N/A
26775,66775,N/A
26776,66776,N/A
26777,66777,N/A
26778,66778,N/A
26779,66779,N/A
26780,66780,N/A
26781,66781,N/A
26782,66782,N/A
26783,66783,N/A
26784,66784,N/A
26785,66785,N/A
26786,66786,N/A
26787,66787,N/A
26788,66788,N/A
26789,66789,N/A
26790,66790,N/A
26791,66791,N/A
26792,66792,N/A
26793,66793,N/A
26794,66794,N/A
26795,66795,N/A
26796,66796,N/A
26797,66797,N/A
26798,66798,N/A
26799,66799,N/A
26800,66800,N/A
26801,66801,N/A
26802,66802,N/A
26803,66803,N/A
26804,66804,N/A
26805,66805,N/A
26806,66806,N/A
26807,66807,N/A
26808,66808,N/A
26809,66809,N/A
26810,66810,N/A
26811,66811,N/A
26812,66812,N/A
26813,66813,N/A
26814,66814,N/A
26815,66815,N/A
26816,66816,N/A
26817,66817,N/A
26818,66818,N/A
26819,66819,N/A
26820,66820,N/A
26821,66821,N/A
26822,66822,N/A
26823,66823,N/A
26824,66824,N/A
26825,66825,N/A
26826,66826,N/A
26827,66827,N/A
26828,66828,N/A
26829,66829,N/A
26830,66830,N/A
26831,66831,N/A
26832,66832,N/A
26833,66833,N/A
26834,66834,N/A
26835,66835,N/A
26836,66836,N/A
26837,66837,N/A
26838,66838,N/A
26839,66839,N/A
26840,66840,N/A
26841,66841,N/A
26842,66842,N/A
26843,66843,N/A
26844,66844,N/A
26845,66845,N/A
26846,66846,N/A
26847,66847,N/A
26848,66848,N/A
26849,66849,N/A
26850,66850,N/A
26851,66851,N/A
26852,66852,N/A
26853,66853,N/A
26854,66854,N/A
26855,66855,N/A
26856,66856,N/A
26857,66857,N/A
26858,66858,N/A
26859,66859,N/A
26860,66860,N/A
26861,66861,N/A
26862,66862,N/A
26863,66863,N/A
26864,66864,N/A
26865,66865,N/A
26866,66866,N/A
26867,66867,N/A
26868,66868,N/A
26869,66869,N/A
26870,66870,N/A
26871,66871,N/A
26872,66872,N/A
26873,66873,N/A
26874,66874,N/A
26875,66875,N/A
26876,66876,N/A
26877,66877,N/A
26878,66878,N/A
26879,66879,N/A
26880,66880,N/A
26881,66881,N/A
26882,66882,N/A
26883,66883,N/A
26884,66884,N/A
26885,66885,N/A
26886,66886,N/A
26887,66887,N/A
26888,66888,N/A
26889,66889,N/A
26890,66890,N/A
26891,66891,N/A
26892,66892,N/A
26893,66893,N/A
26894,66894,N/A
26895,66895,N/A
26896,66896,N/A
26897,66897,N/A
26898,66898,N/A
26899,66899,N/A
26900,66900,N/A
26901,66901,N/A
26902,66902,N/A
26903,66903,N/A
26904,66904,N/A
26905,66905,N/A
26906,66906,N/A
26907,66907,N/A
26908,66908,N/A
26909,66909,N/A
26910,66910,N/A
26911,66911,N/A
26912,66912,N/A
26913,66913,N/A
26914,66914,N/A
26915,66915,N/A
26916,66916,N/A
26917,66917,N/A
26918,66918,N/A
26919,66919,N/A
26920,66920,N/A
26921,66921,N/A
26922,66922,N/A
26923,66923,N/A
26924,66924,N/A
26925,66925,N/A
26926,66926,N/A
26927,66927,N/A
26928,66928,N/A
26929,66929,N/A
26930,66930,N/A
26931,66931,N/A
26932,66932,N/A
26933,66933,N/A
26934,66934,N/A
26935,66935,N/A
26936,66936,N/A
26937,66937,N/A
26938,66938,N/A
26939,66939,N/A
26940,66940,N/A
26941,66941,N/A
26942,66942,N/A
26943,66943,N/A
26944,66944,N/A
26945,66945,N/A
26946,66946,N/A
26947,66947,N/A
26948,66948,N/A
26949,66949,N/A
26950,66950,N/A
26951,66951,N/A
26952,66952,N/A
26953,66953,N/A
26954,66954,N/A
26955,66955,N/A
26956,66956,N/A
26957,66957,N/A
26958,66958,N/A
26959,66959,N/A
26960,66960,N/A
26961,66961,N/A
26962,66962,N/A
26963,66963,N/A
26964,66964,N/A
26965,66965,N/A
26966,66966,N/A
26967,66967,N/A
26968,66968,N/A
26969,66969,N/A
26970,66970,N/A
26971,66971,N/A
26972,66972,N/A
26973,66973,N/A
26974,66974,N/A
26975,66975,N/A
26976,66976,N/A
26977,66977,N/A
26978,66978,N/A
26979,66979,N/A
26980,66980,N/A
26981,66981,N/A
26982,66982,N/A
26983,66983,N/A
26984,66984,N/A
26985,66985,N/A
26986,66986,N/A
26987,66987,N/A
26988,66988,N/A
26989,66989,N/A
26990,66990,N/A
26991,66991,N/A
26992,66992,N/A
26993,66993,N/A
26994,66994,N/A
26995,66995,N/A
26996,66996,N/A
26997,66997,N/A
26998,66998,N/A
26999,66999,N/A
27000,67000,N/A
27001,67001,N/A
27002,67002,N/A
27003,67003,N/A
27004,67004,N/A
27005,67005,N/A
27006,67006,N/A
27007,67007,N/A
27008,67008,N/A
27009,67009,N/A
27010,67010,N/A
27011,67011,N/A
27012,67012,N/A
27013,67013,N/A
27014,67014,N/A
27015,67015,N/A
27016,67016,N/A
27017,67017,N/A
27018,67018,N/A
27019,67019,N/A
27020,67020,N/A
27021,67021,N/A
27022,67022,N/A
27023,67023,N/A
27024,67024,N/A
27025,67025,N/A
27026,67026,N/A
27027,67027,N/A
27028,67028,N/A
27029,67029,N/A
27030,67030,N/A
27031,67031,N/A
27032,67032,N/A
27033,67033,N/A
27034,67034,N/A
27035,67035,N/A
27036,67036,N/A
27037,67037,N/A
27038,67038,N/A
27039,67039,N/A
27040,67040,N/A
27041,67041,N/A
27042,67042,N/A
27043,67043,N/A
27044,67044,N/A
27045,67045,N/A
27046,67046,N/A
27047,67047,N/A
27048,67048,N/A
27049,67049,N/A
27050,67050,N/A
27051,67051,N/A
27052,67052,N/A
27053,67053,N/A
27054,67054,N/A
27055,67055,N/A
27056,67056,N/A
27057,67057,N/A
27058,67058,N/A
27059,67059,N/A
27060,67060,N/A
27061,67061,N/A
27062,67062,N/A
27063,67063,N/A
27064,67064,N/A
27065,67065,N/A
27066,67066,N/A
27067,67067,N/A
27068,67068,N/A
27069,67069,N/A
27070,67070,N/A
27071,67071,N/A
27072,67072,N/A
27073,67073,N/A
27074,67074,N/A
27075,67075,N/A
27076,67076,N/A
27077,67077,N/A
27078,67078,N/A
27079,67079,N/A
27080,67080,N/A
27081,67081,N/A
27082,67082,N/A
27083,67083,N/A
27084,67084,N/A
27085,67085,N/A
27086,67086,N/A
27087,67087,N/A
27088,67088,N/A
27089,67089,N/A
27090,67090,N/A
27091,67091,N/A
27092,67092,N/A
27093,67093,N/A
27094,67094,N/A
27095,67095,N/A
27096,67096,N/A
27097,67097,N/A
27098,67098,N/A
27099,67099,N/A
27100,67100,N/A
27101,67101,N/A
27102,67102,N/A
27103,67103,N/A
27104,67104,N/A
27105,67105,N/A
27106,67106,N/A
27107,67107,N/A
27108,67108,N/A
27109,67109,N/A
27110,67110,N/A
27111,67111,N/A
27112,67112,N/A
27113,67113,N/A
27114,67114,N/A
27115,67115,N/A
27116,67116,N/A
27117,67117,N/A
27118,67118,N/A
27119,67119,N/A
27120,67120,N/A
27121,67121,N/A
27122,67122,N/A
27123,67123,N/A
27124,67124,N/A
27125,67125,N/A
27126,67126,N/A
27127,67127,N/A
27128,67128,N/A
27129,67129,N/A
27130,67130,N/A
27131,67131,N/A
27132,67132,N/A
27133,67133,N/A
27134,67134,N/A
27135,67135,N/A
27136,67136,N/A
27137,67137,N/A
27138,67138,N/A
27139,67139,N/A
27140,67140,N/A
27141,67141,N/A
27142,67142,N/A
27143,67143,N/A
27144,67144,N/A
27145,67145,N/A
27146,67146,N/A
27147,67147,N/A
27148,67148,N/A
27149,67149,N/A
27150,67150,N/A
27151,67151,N/A
27152,67152,N/A
27153,67153,N/A
27154,67154,N/A
27155,67155,N/A
27156,67156,N/A
27157,67157,N/A
27158,67158,N/A
27159,67159,N/A
27160,67160,N/A
27161,67161,N/A
27162,67162,N/A
27163,67163,N/A
27164,67164,N/A
27165,67165,N/A
27166,67166,N/A
27167,67167,N/A
27168,67168,N/A
27169,67169,N/A
27170,67170,N/A
27171,67171,N/A
27172,67172,N/A
27173,67173,N/A
27174,67174,N/A
27175,67175,N/A
27176,67176,N/A
27177,67177,N/A
27178,67178,N/A
27179,67179,N/A
27180,67180,N/A
27181,67181,N/A
27182,67182,N/A
27183,67183,N/A
27184,67184,N/A
27185,67185,N/A
27186,67186,N/A
27187,67187,N/A
27188,67188,N/A
27189,67189,N/A
27190,67190,N/A
27191,67191,N/A
27192,67192,N/A
27193,67193,N/A
27194,67194,N/A
27195,67195,N/A
27196,67196,N/A
27197,67197,N/A
27198,67198,N/A
27199,67199,N/A
27200,67200,N/A
27201,67201,N/A
27202,67202,N/A
27203,67203,N/A
27204,67204,N/A
27205,67205,N/A
27206,67206,N/A
27207,67207,N/A
27208,67208,N/A
27209,67209,N/A
27210,67210,N/A
27211,67211,N/A
27212,67212,N/A
27213,67213,N/A
27214,67214,N/A
27215,67215,N/A
27216,67216,N/A
27217,67217,N/A
27218,67218,N/A
27219,67219,N/A
27220,67220,N/A
27221,67221,N/A
27222,67222,N/A
27223,67223,N/A
27224,67224,N/A
27225,67225,N/A
27226,67226,N/A
27227,67227,N/A
27228,67228,N/A
27229,67229,N/A
27230,67230,N/A
27231,67231,N/A
27232,67232,N/A
27233,67233,N/A
27234,67234,N/A
27235,67235,N/A
27236,67236,N/A
27237,67237,N/A
27238,67238,N/A
27239,67239,N/A
27240,67240,N/A
27241,67241,N/A
27242,67242,N/A
27243,67243,N/A
27244,67244,N/A
27245,67245,N/A
27246,67246,N/A
27247,67247,N/A
27248,67248,N/A
27249,67249,N/A
27250,67250,N/A
27251,67251,N/A
27252,67252,N/A
27253,67253,N/A
27254,67254,N/A
27255,67255,N/A
27256,67256,N/A
27257,67257,N/A
27258,67258,N/A
27259,67259,N/A
27260,67260,N/A
27261,67261,N/A
27262,67262,N/A
27263,67263,N/A
27264,67264,N/A
27265,67265,N/A
27266,67266,N/A
27267,67267,N/A
27268,67268,N/A
27269,67269,N/A
27270,67270,N/A
27271,67271,N/A
27272,67272,N/A
27273,67273,N/A
27274,67274,N/A
27275,67275,N/A
27276,67276,N/A
27277,67277,N/A
27278,67278,N/A
27279,67279,N/A
27280,67280,N/A
27281,67281,N/A
27282,67282,N/A
27283,67283,N/A
27284,67284,N/A
27285,67285,N/A
27286,67286,N/A
27287,67287,N/A
27288,67288,N/A
27289,67289,N/A
27290,67290,N/A
27291,67291,N/A
27292,67292,N/A
27293,67293,N/A
27294,67294,N/A
27295,67295,N/A
27296,67296,N/A
27297,67297,N/A
27298,67298,N/A
27299,67299,N/A
27300,67300,N/A
27301,67301,N/A
27302,67302,N/A
27303,67303,N/A
27304,67304,N/A
27305,67305,N/A
27306,67306,N/A
27307,67307,N/A
27308,67308,N/A
27309,67309,N/A
27310,67310,N/A
27311,67311,N/A
27312,67312,N/A
27313,67313,N/A
27314,67314,N/A
27315,67315,N/A
27316,67316,N/A
27317,67317,N/A
27318,67318,N/A
27319,67319,N/A
27320,67320,N/A
27321,67321,N/A
27322,67322,N/A
27323,67323,N/A
27324,67324,N/A
27325,67325,N/A
27326,67326,N/A
27327,67327,N/A
27328,67328,N/A
27329,67329,N/A
27330,67330,N/A
27331,67331,N/A
27332,67332,N/A
27333,67333,N/A
27334,67334,N/A
27335,67335,N/A
27336,67336,N/A
27337,67337,N/A
27338,67338,N/A
27339,67339,N/A
27340,67340,N/A
27341,67341,N/A
27342,67342,N/A
27343,67343,N/A
27344,67344,N/A
27345,67345,N/A
27346,67346,N/A
27347,67347,N/A
27348,67348,N/A
27349,67349,N/A
27350,67350,N/A
27351,67351,N/A
27352,67352,N/A
27353,67353,N/A
27354,67354,N/A
27355,67355,N/A
27356,67356,N/A
27357,67357,N/A
27358,67358,N/A
27359,67359,N/A
27360,67360,N/A
27361,67361,N/A
27362,67362,N/A
27363,67363,N/A
27364,67364,N/A
27365,67365,N/A
27366,67366,N/A
27367,67367,N/A
27368,67368,N/A
27369,67369,N/A
27370,67370,N/A
27371,67371,N/A
27372,67372,N/A
27373,67373,N/A
27374,67374,N/A
27375,67375,N/A
27376,67376,N/A
27377,67377,N/A
27378,67378,N/A
27379,67379,N/A
27380,67380,N/A
27381,67381,N/A
27382,67382,N/A
27383,67383,N/A
27384,67384,N/A
27385,67385,N/A
27386,67386,N/A
27387,67387,N/A
27388,67388,N/A
27389,67389,N/A
27390,67390,N/A
27391,67391,N/A
27392,67392,N/A
27393,67393,N/A
27394,67394,N/A
27395,67395,N/A
27396,67396,N/A
27397,67397,N/A
27398,67398,N/A
27399,67399,N/A
27400,67400,N/A
27401,67401,N/A
27402,67402,N/A
27403,67403,N/A
27404,67404,N/A
27405,67405,N/A
27406,67406,N/A
27407,67407,N/A
27408,67408,N/A
27409,67409,N/A
27410,67410,N/A
27411,67411,N/A
27412,67412,N/A
27413,67413,N/A
27414,67414,N/A
27415,67415,N/A
27416,67416,N/A
27417,67417,N/A
27418,67418,N/A
27419,67419,N/A
27420,67420,N/A
27421,67421,N/A
27422,67422,N/A
27423,67423,N/A
27424,67424,N/A
27425,67425,N/A
27426,67426,N/A
27427,67427,N/A
27428,67428,N/A
27429,67429,N/A
27430,67430,N/A
27431,67431,N/A
27432,67432,N/A
27433,67433,N/A
27434,67434,N/A
27435,67435,N/A
27436,67436,N/A
27437,67437,N/A
27438,67438,N/A
27439,67439,N/A
27440,67440,N/A
27441,67441,N/A
27442,67442,N/A
27443,67443,N/A
27444,67444,N/A
27445,67445,N/A
27446,67446,N/A
27447,67447,N/A
27448,67448,N/A
27449,67449,N/A
27450,67450,N/A
27451,67451,N/A
27452,67452,N/A
27453,67453,N/A
27454,67454,N/A
27455,67455,N/A
27456,67456,N/A
27457,67457,N/A
27458,67458,N/A
27459,67459,N/A
27460,67460,N/A
27461,67461,N/A
27462,67462,N/A
27463,67463,N/A
27464,67464,N/A
27465,67465,N/A
27466,67466,N/A
27467,67467,N/A
27468,67468,N/A
27469,67469,N/A
27470,67470,N/A
27471,67471,N/A
27472,67472,N/A
27473,67473,N/A
27474,67474,N/A
27475,67475,N/A
27476,67476,N/A
27477,67477,N/A
27478,67478,N/A
27479,67479,N/A
27480,67480,N/A
27481,67481,N/A
27482,67482,N/A
27483,67483,N/A
27484,67484,N/A
27485,67485,N/A
27486,67486,N/A
27487,67487,N/A
27488,67488,N/A
27489,67489,N/A
27490,67490,N/A
27491,67491,N/A
27492,67492,N/A
27493,67493,N/A
27494,67494,N/A
27495,67495,N/A
27496,67496,N/A
27497,67497,N/A
27498,67498,N/A
27499,67499,N/A
27500,67500,N/A
27501,67501,N/A
27502,67502,N/A
27503,67503,N/A
27504,67504,N/A
27505,67505,N/A
27506,67506,N/A
27507,67507,N/A
27508,67508,N/A
27509,67509,N/A
27510,67510,N/A
27511,67511,N/A
27512,67512,N/A
27513,67513,N/A
27514,67514,N/A
27515,67515,N/A
27516,67516,N/A
27517,67517,N/A
27518,67518,N/A
27519,67519,N/A
27520,67520,N/A
27521,67521,N/A
27522,67522,N/A
27523,67523,N/A
27524,67524,N/A
27525,67525,N/A
27526,67526,N/A
27527,67527,N/A
27528,67528,N/A
27529,67529,N/A
27530,67530,N/A
27531,67531,N/A
27532,67532,N/A
27533,67533,N/A
27534,67534,N/A
27535,67535,N/A
27536,67536,N/A
27537,67537,N/A
27538,67538,N/A
27539,67539,N/A
27540,67540,N/A
27541,67541,N/A
27542,67542,N/A
27543,67543,N/A
27544,67544,N/A
27545,67545,N/A
27546,67546,N/A
27547,67547,N/A
27548,67548,N/A
27549,67549,N/A
27550,67550,N/A
27551,67551,N/A
27552,67552,N/A
27553,67553,N/A
27554,67554,N/A
27555,67555,N/A
27556,67556,N/A
27557,67557,N/A
27558,67558,N/A
27559,67559,N/A
27560,67560,N/A
27561,67561,N/A
27562,67562,N/A
27563,67563,N/A
27564,67564,N/A
27565,67565,N/A
27566,67566,N/A
27567,67567,N/A
27568,67568,N/A
27569,67569,N/A
27570,67570,N/A
27571,67571,N/A
27572,67572,N/A
27573,67573,N/A
27574,67574,N/A
27575,67575,N/A
27576,67576,N/A
27577,67577,N/A
27578,67578,N/A
27579,67579,N/A
27580,67580,N/A
27581,67581,N/A
27582,67582,N/A
27583,67583,N/A
27584,67584,N/A
27585,67585,N/A
27586,67586,N/A
27587,67587,N/A
27588,67588,N/A
27589,67589,N/A
27590,67590,N/A
27591,67591,N/A
27592,67592,N/A
27593,67593,N/A
27594,67594,N/A
27595,67595,N/A
27596,67596,N/A
27597,67597,N/A
27598,67598,N/A
27599,67599,N/A
27600,67600,N/A
27601,67601,N/A
27602,67602,N/A
27603,67603,N/A
27604,67604,N/A
27605,67605,N/A
27606,67606,N/A
27607,67607,N/A
27608,67608,N/A
27609,67609,N/A
27610,67610,N/A
27611,67611,N/A
27612,67612,N/A
27613,67613,N/A
27614,67614,N/A
27615,67615,N/A
27616,67616,N/A
27617,67617,N/A
27618,67618,N/A
27619,67619,N/A
27620,67620,N/A
27621,67621,N/A
27622,67622,N/A
27623,67623,N/A
27624,67624,N/A
27625,67625,N/A
27626,67626,N/A
27627,67627,N/A
27628,67628,N/A
27629,67629,N/A
27630,67630,N/A
27631,67631,N/A
27632,67632,N/A
27633,67633,N/A
27634,67634,N/A
27635,67635,N/A
27636,67636,N/A
27637,67637,N/A
27638,67638,N/A
27639,67639,N/A
27640,67640,N/A
27641,67641,N/A
27642,67642,N/A
27643,67643,N/A
27644,67644,N/A
27645,67645,N/A
27646,67646,N/A
27647,67647,N/A
27648,67648,N/A
27649,67649,N/A
27650,67650,N/A
27651,67651,N/A
27652,67652,N/A
27653,67653,N/A
27654,67654,N/A
27655,67655,N/A
27656,67656,N/A
27657,67657,N/A
27658,67658,N/A
27659,67659,N/A
27660,67660,N/A
27661,67661,N/A
27662,67662,N/A
27663,67663,N/A
27664,67664,N/A
27665,67665,N/A
27666,67666,N/A
27667,67667,N/A
27668,67668,N/A
27669,67669,N/A
27670,67670,N/A
27671,67671,N/A
27672,67672,N/A
27673,67673,N/A
27674,67674,N/A
27675,67675,N/A
27676,67676,N/A
27677,67677,N/A
27678,67678,N/A
27679,67679,N/A
27680,67680,N/A
27681,67681,N/A
27682,67682,N/A
27683,67683,N/A
27684,67684,N/A
27685,67685,N/A
27686,67686,N/A
27687,67687,N/A
27688,67688,N/A
27689,67689,N/A
27690,67690,N/A
27691,67691,N/A
27692,67692,N/A
27693,67693,N/A
27694,67694,N/A
27695,67695,N/A
27696,67696,N/A
27697,67697,N/A
27698,67698,N/A
27699,67699,N/A
27700,67700,N/A
27701,67701,N/A
27702,67702,N/A
27703,67703,N/A
27704,67704,N/A
27705,67705,N/A
27706,67706,N/A
27707,67707,N/A
27708,67708,N/A
27709,67709,N/A
27710,67710,N/A
27711,67711,N/A
27712,67712,N/A
27713,67713,N/A
27714,67714,N/A
27715,67715,N/A
27716,67716,N/A
27717,67717,N/A
27718,67718,N/A
27719,67719,N/A
27720,67720,N/A
27721,67721,N/A
27722,67722,N/A
27723,67723,N/A
27724,67724,N/A
27725,67725,N/A
27726,67726,N/A
27727,67727,N/A
27728,67728,N/A
27729,67729,N/A
27730,67730,N/A
27731,67731,N/A
27732,67732,N/A
27733,67733,N/A
27734,67734,N/A
27735,67735,N/A
27736,67736,N/A
27737,67737,N/A
27738,67738,N/A
27739,67739,N/A
27740,67740,N/A
27741,67741,N/A
27742,67742,N/A
27743,67743,N/A
27744,67744,N/A
27745,67745,N/A
27746,67746,N/A
27747,67747,N/A
27748,67748,N/A
27749,67749,N/A
27750,67750,N/A
27751,67751,N/A
27752,67752,N/A
27753,67753,N/A
27754,67754,N/A
27755,67755,N/A
27756,67756,N/A
27757,67757,N/A
27758,67758,N/A
27759,67759,N/A
27760,67760,N/A
27761,67761,N/A
27762,67762,N/A
27763,67763,N/A
27764,67764,N/A
27765,67765,N/A
27766,67766,N/A
27767,67767,N/A
27768,67768,N/A
27769,67769,N/A
27770,67770,N/A
27771,67771,N/A
27772,67772,N/A
27773,67773,N/A
27774,67774,N/A
27775,67775,N/A
27776,67776,N/A
27777,67777,N/A
27778,67778,N/A
27779,67779,N/A
27780,67780,N/A
27781,67781,N/A
27782,67782,N/A
27783,67783,N/A
27784,67784,N/A
27785,67785,N/A
27786,67786,N/A
27787,67787,N/A
27788,67788,N/A
27789,67789,N/A
27790,67790,N/A
27791,67791,N/A
27792,67792,N/A
27793,67793,N/A
27794,67794,N/A
27795,67795,N/A
27796,67796,N/A
27797,67797,N/A
27798,67798,N/A
27799,67799,N/A
27800,67800,N/A
27801,67801,N/A
27802,67802,N/A
27803,67803,N/A
27804,67804,N/A
27805,67805,N/A
27806,67806,N/A
27807,67807,N/A
27808,67808,N/A
27809,67809,N/A
27810,67810,N/A
27811,67811,N/A
27812,67812,N/A
27813,67813,N/A
27814,67814,N/A
27815,67815,N/A
27816,67816,N/A
27817,67817,N/A
27818,67818,N/A
27819,67819,N/A
27820,67820,N/A
27821,67821,N/A
27822,67822,N/A
27823,67823,N/A
27824,67824,N/A
27825,67825,N/A
27826,67826,N/A
27827,67827,N/A
27828,67828,N/A
27829,67829,N/A
27830,67830,N/A
27831,67831,N/A
27832,67832,N/A
27833,67833,N/A
27834,67834,N/A
27835,67835,N/A
27836,67836,N/A
27837,67837,N/A
27838,67838,N/A
27839,67839,N/A
27840,67840,N/A
27841,67841,N/A
27842,67842,N/A
27843,67843,N/A
27844,67844,N/A
27845,67845,N/A
27846,67846,N/A
27847,67847,N/A
27848,67848,N/A
27849,67849,N/A
27850,67850,N/A
27851,67851,N/A
27852,67852,N/A
27853,67853,N/A
27854,67854,N/A
27855,67855,N/A
27856,67856,N/A
27857,67857,N/A
27858,67858,N/A
27859,67859,N/A
27860,67860,N/A
27861,67861,N/A
27862,67862,N/A
27863,67863,N/A
27864,67864,N/A
27865,67865,N/A
27866,67866,N/A
27867,67867,N/A
27868,67868,N/A
27869,67869,N/A
27870,67870,N/A
27871,67871,N/A
27872,67872,N/A
27873,67873,N/A
27874,67874,N/A
27875,67875,N/A
27876,67876,N/A
27877,67877,N/A
27878,67878,N/A
27879,67879,N/A
27880,67880,N/A
27881,67881,N/A
27882,67882,N/A
27883,67883,N/A
27884,67884,N/A
27885,67885,N/A
27886,67886,N/A
27887,67887,N/A
27888,67888,N/A
27889,67889,N/A
27890,67890,N/A
27891,67891,N/A
27892,67892,N/A
27893,67893,N/A
27894,67894,N/A
27895,67895,N/A
27896,67896,N/A
27897,67897,N/A
27898,67898,N/A
27899,67899,N/A
27900,67900,N/A
27901,67901,N/A
27902,67902,N/A
27903,67903,N/A
27904,67904,N/A
27905,67905,N/A
27906,67906,N/A
27907,67907,N/A
27908,67908,N/A
27909,67909,N/A
27910,67910,N/A
27911,67911,N/A
27912,67912,N/A
27913,67913,N/A
27914,67914,N/A
27915,67915,N/A
27916,67916,N/A
27917,67917,N/A
27918,67918,N/A
27919,67919,N/A
27920,67920,N/A
27921,67921,N/A
27922,67922,N/A
27923,67923,N/A
27924,67924,N/A
27925,67925,N/A
27926,67926,N/A
27927,67927,N/A
27928,67928,N/A
27929,67929,N/A
27930,67930,N/A
27931,67931,N/A
27932,67932,N/A
27933,67933,N/A
27934,67934,N/A
27935,67935,N/A
27936,67936,N/A
27937,67937,N/A
27938,67938,N/A
27939,67939,N/A
27940,67940,N/A
27941,67941,N/A
27942,67942,N/A
27943,67943,N/A
27944,67944,N/A
27945,67945,N/A
27946,67946,N/A
27947,67947,N/A
27948,67948,N/A
27949,67949,N/A
27950,67950,N/A
27951,67951,N/A
27952,67952,N/A
27953,67953,N/A
27954,67954,N/A
27955,67955,N/A
27956,67956,N/A
27957,67957,N/A
27958,67958,N/A
27959,67959,N/A
27960,67960,N/A
27961,67961,N/A
27962,67962,N/A
27963,67963,N/A
27964,67964,N/A
27965,67965,N/A
27966,67966,N/A
27967,67967,N/A
27968,67968,N/A
27969,67969,N/A
27970,67970,N/A
27971,67971,N/A
27972,67972,N/A
27973,67973,N/A
27974,67974,N/A
27975,67975,N/A
27976,67976,N/A
27977,67977,N/A
27978,67978,N/A
27979,67979,N/A
27980,67980,N/A
27981,67981,N/A
27982,67982,N/A
27983,67983,N/A
27984,67984,N/A
27985,67985,N/A
27986,67986,N/A
27987,67987,N/A
27988,67988,N/A
27989,67989,N/A
27990,67990,N/A
27991,67991,N/A
27992,67992,N/A
27993,67993,N/A
27994,67994,N/A
27995,67995,N/A
27996,67996,N/A
27997,67997,N/A
27998,67998,N/A
27999,67999,N/A
28000,68000,N/A
28001,68001,N/A
28002,68002,N/A
28003,68003,N/A
28004,68004,N/A
28005,68005,N/A
28006,68006,N/A
28007,68007,N/A
28008,68008,N/A
28009,68009,N/A
28010,68010,N/A
28011,68011,N/A
28012,68012,N/A
28013,68013,N/A
28014,68014,N/A
28015,68015,N/A
28016,68016,N/A
28017,68017,N/A
28018,68018,N/A
28019,68019,N/A
28020,68020,N/A
28021,68021,N/A
28022,68022,N/A
28023,68023,N/A
28024,68024,N/A
28025,68025,N/A
28026,68026,N/A
28027,68027,N/A
28028,68028,N/A
28029,68029,N/A
28030,68030,N/A
28031,68031,N/A
28032,68032,N/A
28033,68033,N/A
28034,68034,N/A
28035,68035,N/A
28036,68036,N/A
28037,68037,N/A
28038,68038,N/A
28039,68039,N/A
28040,68040,N/A
28041,68041,N/A
28042,68042,N/A
28043,68043,N/A
28044,68044,N/A
28045,68045,N/A
28046,68046,N/A
28047,68047,N/A
28048,68048,N/A
28049,68049,N/A
28050,68050,N/A
28051,68051,N/A
28052,68052,N/A
28053,68053,N/A
28054,68054,N/A
28055,68055,N/A
28056,68056,N/A
28057,68057,N/A
28058,68058,N/A
28059,68059,N/A
28060,68060,N/A
28061,68061,N/A
28062,68062,N/A
28063,68063,N/A
28064,68064,N/A
28065,68065,N/A
28066,68066,N/A
28067,68067,N/A
28068,68068,N/A
28069,68069,N/A
28070,68070,N/A
28071,68071,N/A
28072,68072,N/A
28073,68073,N/A
28074,68074,N/A
28075,68075,N/A
28076,68076,N/A
28077,68077,N/A
28078,68078,N/A
28079,68079,N/A
28080,68080,N/A
28081,68081,N/A
28082,68082,N/A
28083,68083,N/A
28084,68084,N/A
28085,68085,N/A
28086,68086,N/A
28087,68087,N/A
28088,68088,N/A
28089,68089,N/A
28090,68090,N/A
28091,68091,N/A
28092,68092,N/A
28093,68093,N/A
28094,68094,N/A
28095,68095,N/A
28096,68096,N/A
28097,68097,N/A
28098,68098,N/A
28099,68099,N/A
28100,68100,N/A
28101,68101,N/A
28102,68102,N/A
28103,68103,N/A
28104,68104,N/A
28105,68105,N/A
28106,68106,N/A
28107,68107,N/A
28108,68108,N/A
28109,68109,N/A
28110,68110,N/A
28111,68111,N/A
28112,68112,N/A
28113,68113,N/A
28114,68114,N/A
28115,68115,N/A
28116,68116,N/A
28117,68117,N/A
28118,68118,N/A
28119,68119,N/A
28120,68120,N/A
28121,68121,N/A
28122,68122,N/A
28123,68123,N/A
28124,68124,N/A
28125,68125,N/A
28126,68126,N/A
28127,68127,N/A
28128,68128,N/A
28129,68129,N/A
28130,68130,N/A
28131,68131,N/A
28132,68132,N/A
28133,68133,N/A
28134,68134,N/A
28135,68135,N/A
28136,68136,N/A
28137,68137,N/A
28138,68138,N/A
28139,68139,N/A
28140,68140,N/A
28141,68141,N/A
28142,68142,N/A
28143,68143,N/A
28144,68144,N/A
28145,68145,N/A
28146,68146,N/A
28147,68147,N/A
28148,68148,N/A
28149,68149,N/A
28150,68150,N/A
28151,68151,N/A
28152,68152,N/A
28153,68153,N/A
28154,68154,N/A
28155,68155,N/A
28156,68156,N/A
28157,68157,N/A
28158,68158,N/A
28159,68159,N/A
28160,68160,N/A
28161,68161,N/A
28162,68162,N/A
28163,68163,N/A
28164,68164,N/A
28165,68165,N/A
28166,68166,N/A
28167,68167,N/A
28168,68168,N/A
28169,68169,N/A
28170,68170,N/A
28171,68171,N/A
28172,68172,N/A
28173,68173,N/A
28174,68174,N/A
28175,68175,N/A
28176,68176,N/A
28177,68177,N/A
28178,68178,N/A
28179,68179,N/A
28180,68180,N/A
28181,68181,N/A
28182,68182,N/A
28183,68183,N/A
28184,68184,N/A
28185,68185,N/A
28186,68186,N/A
28187,68187,N/A
28188,68188,N/A
28189,68189,N/A
28190,68190,N/A
28191,68191,N/A
28192,68192,N/A
28193,68193,N/A
28194,68194,N/A
28195,68195,N/A
28196,68196,N/A
28197,68197,N/A
28198,68198,N/A
28199,68199,N/A
28200,68200,N/A
28201,68201,N/A
28202,68202,N/A
28203,68203,N/A
28204,68204,N/A
28205,68205,N/A
28206,68206,N/A
28207,68207,N/A
28208,68208,N/A
28209,68209,N/A
28210,68210,N/A
28211,68211,N/A
28212,68212,N/A
28213,68213,N/A
28214,68214,N/A
28215,68215,N/A
28216,68216,N/A
28217,68217,N/A
28218,68218,N/A
28219,68219,N/A
28220,68220,N/A
28221,68221,N/A
28222,68222,N/A
28223,68223,N/A
28224,68224,N/A
28225,68225,N/A
28226,68226,N/A
28227,68227,N/A
28228,68228,N/A
28229,68229,N/A
28230,68230,N/A
28231,68231,N/A
28232,68232,N/A
28233,68233,N/A
28234,68234,N/A
28235,68235,N/A
28236,68236,N/A
28237,68237,N/A
28238,68238,N/A
28239,68239,N/A
28240,68240,N/A
28241,68241,N/A
28242,68242,N/A
28243,68243,N/A
28244,68244,N/A
28245,68245,N/A
28246,68246,N/A
28247,68247,N/A
28248,68248,N/A
28249,68249,N/A
28250,68250,N/A
28251,68251,N/A
28252,68252,N/A
28253,68253,N/A
28254,68254,N/A
28255,68255,N/A
28256,68256,N/A
28257,68257,N/A
28258,68258,N/A
28259,68259,N/A
28260,68260,N/A
28261,68261,N/A
28262,68262,N/A
28263,68263,N/A
28264,68264,N/A
28265,68265,N/A
28266,68266,N/A
28267,68267,N/A
28268,68268,N/A
28269,68269,N/A
28270,68270,N/A
28271,68271,N/A
28272,68272,N/A
28273,68273,N/A
28274,68274,N/A
28275,68275,N/A
28276,68276,N/A
28277,68277,N/A
28278,68278,N/A
28279,68279,N/A
28280,68280,N/A
28281,68281,N/A
28282,68282,N/A
28283,68283,N/A
28284,68284,N/A
28285,68285,N/A
28286,68286,N/A
28287,68287,N/A
28288,68288,N/A
28289,68289,N/A
28290,68290,N/A
28291,68291,N/A
28292,68292,N/A
28293,68293,N/A
28294,68294,N/A
28295,68295,N/A
28296,68296,N/A
28297,68297,N/A
28298,68298,N/A
28299,68299,N/A
28300,68300,N/A
28301,68301,N/A
28302,68302,N/A
28303,68303,N/A
28304,68304,N/A
28305,68305,N/A
28306,68306,N/A
28307,68307,N/A
28308,68308,N/A
28309,68309,N/A
28310,68310,N/A
28311,68311,N/A
28312,68312,N/A
28313,68313,N/A
28314,68314,N/A
28315,68315,N/A
28316,68316,N/A
28317,68317,N/A
28318,68318,N/A
28319,68319,N/A
28320,68320,N/A
28321,68321,N/A
28322,68322,N/A
28323,68323,N/A
28324,68324,N/A
28325,68325,N/A
28326,68326,N/A
28327,68327,N/A
28328,68328,N/A
28329,68329,N/A
28330,68330,N/A
28331,68331,N/A
28332,68332,N/A
28333,68333,N/A
28334,68334,N/A
28335,68335,N/A
28336,68336,N/A
28337,68337,N/A
28338,68338,N/A
28339,68339,N/A
28340,68340,N/A
28341,68341,N/A
28342,68342,N/A
28343,68343,N/A
28344,68344,N/A
28345,68345,N/A
28346,68346,N/A
28347,68347,N/A
28348,68348,N/A
28349,68349,N/A
28350,68350,N/A
28351,68351,N/A
28352,68352,N/A
28353,68353,N/A
28354,68354,N/A
28355,68355,N/A
28356,68356,N/A
28357,68357,N/A
28358,68358,N/A
28359,68359,N/A
28360,68360,N/A
28361,68361,N/A
28362,68362,N/A
28363,68363,N/A
28364,68364,N/A
28365,68365,N/A
28366,68366,N/A
28367,68367,N/A
28368,68368,N/A
28369,68369,N/A
28370,68370,N/A
28371,68371,N/A
28372,68372,N/A
28373,68373,N/A
28374,68374,N/A
28375,68375,N/A
28376,68376,N/A
28377,68377,N/A
28378,68378,N/A
28379,68379,N/A
28380,68380,N/A
28381,68381,N/A
28382,68382,N/A
28383,68383,N/A
28384,68384,N/A
28385,68385,N/A
28386,68386,N/A
28387,68387,N/A
28388,68388,N/A
28389,68389,N/A
28390,68390,N/A
28391,68391,N/A
28392,68392,N/A
28393,68393,N/A
28394,68394,N/A
28395,68395,N/A
28396,68396,N/A
28397,68397,N/A
28398,68398,N/A
28399,68399,N/A
28400,68400,N/A
28401,68401,N/A
28402,68402,N/A
28403,68403,N/A
28404,68404,N/A
28405,68405,N/A
28406,68406,N/A
28407,68407,N/A
28408,68408,N/A
28409,68409,N/A
28410,68410,N/A
28411,68411,N/A
28412,68412,N/A
28413,68413,N/A
28414,68414,N/A
28415,68415,N/A
28416,68416,N/A
28417,68417,N/A
28418,68418,N/A
28419,68419,N/A
28420,68420,N/A
28421,68421,N/A
28422,68422,N/A
28423,68423,N/A
28424,68424,N/A
28425,68425,N/A
28426,68426,N/A
28427,68427,N/A
28428,68428,N/A
28429,68429,N/A
28430,68430,N/A
28431,68431,N/A
28432,68432,N/A
28433,68433,N/A
28434,68434,N/A
28435,68435,N/A
28436,68436,N/A
28437,68437,N/A
28438,68438,N/A
28439,68439,N/A
28440,68440,N/A
28441,68441,N/A
28442,68442,N/A
28443,68443,N/A
28444,68444,N/A
28445,68445,N/A
28446,68446,N/A
28447,68447,N/A
28448,68448,N/A
28449,68449,N/A
28450,68450,N/A
28451,68451,N/A
28452,68452,N/A
28453,68453,N/A
28454,68454,N/A
28455,68455,N/A
28456,68456,N/A
28457,68457,N/A
28458,68458,N/A
28459,68459,N/A
28460,68460,N/A
28461,68461,N/A
28462,68462,N/A
28463,68463,N/A
28464,68464,N/A
28465,68465,N/A
28466,68466,N/A
28467,68467,N/A
28468,68468,N/A
28469,68469,N/A
28470,68470,N/A
28471,68471,N/A
28472,68472,N/A
28473,68473,N/A
28474,68474,N/A
28475,68475,N/A
28476,68476,N/A
28477,68477,N/A
28478,68478,N/A
28479,68479,N/A
28480,68480,N/A
28481,68481,N/A
28482,68482,N/A
28483,68483,N/A
28484,68484,N/A
28485,68485,N/A
28486,68486,N/A
28487,68487,N/A
28488,68488,N/A
28489,68489,N/A
28490,68490,N/A
28491,68491,N/A
28492,68492,N/A
28493,68493,N/A
28494,68494,N/A
28495,68495,N/A
28496,68496,N/A
28497,68497,N/A
28498,68498,N/A
28499,68499,N/A
28500,68500,N/A
28501,68501,N/A
28502,68502,N/A
28503,68503,N/A
28504,68504,N/A
28505,68505,N/A
28506,68506,N/A
28507,68507,N/A
28508,68508,N/A
28509,68509,N/A
28510,68510,N/A
28511,68511,N/A
28512,68512,N/A
28513,68513,N/A
28514,68514,N/A
28515,68515,N/A
28516,68516,N/A
28517,68517,N/A
28518,68518,N/A
28519,68519,N/A
28520,68520,N/A
28521,68521,N/A
28522,68522,N/A
28523,68523,N/A
28524,68524,N/A
28525,68525,N/A
28526,68526,N/A
28527,68527,N/A
28528,68528,N/A
28529,68529,N/A
28530,68530,N/A
28531,68531,N/A
28532,68532,N/A
28533,68533,N/A
28534,68534,N/A
28535,68535,N/A
28536,68536,N/A
28537,68537,N/A
28538,68538,N/A
28539,68539,N/A
28540,68540,N/A
28541,68541,N/A
28542,68542,N/A
28543,68543,N/A
28544,68544,N/A
28545,68545,N/A
28546,68546,N/A
28547,68547,N/A
28548,68548,N/A
28549,68549,N/A
28550,68550,N/A
28551,68551,N/A
28552,68552,N/A
28553,68553,N/A
28554,68554,N/A
28555,68555,N/A
28556,68556,N/A
28557,68557,N/A
28558,68558,N/A
28559,68559,N/A
28560,68560,N/A
28561,68561,N/A
28562,68562,N/A
28563,68563,N/A
28564,68564,N/A
28565,68565,N/A
28566,68566,N/A
28567,68567,N/A
28568,68568,N/A
28569,68569,N/A
28570,68570,N/A
28571,68571,N/A
28572,68572,N/A
28573,68573,N/A
28574,68574,N/A
28575,68575,N/A
28576,68576,N/A
28577,68577,N/A
28578,68578,N/A
28579,68579,N/A
28580,68580,N/A
28581,68581,N/A
28582,68582,N/A
28583,68583,N/A
28584,68584,N/A
28585,68585,N/A
28586,68586,N/A
28587,68587,N/A
28588,68588,N/A
28589,68589,N/A
28590,68590,N/A
28591,68591,N/A
28592,68592,N/A
28593,68593,N/A
28594,68594,N/A
28595,68595,N/A
28596,68596,N/A
28597,68597,N/A
28598,68598,N/A
28599,68599,N/A
28600,68600,N/A
28601,68601,N/A
28602,68602,N/A
28603,68603,N/A
28604,68604,N/A
28605,68605,N/A
28606,68606,N/A
28607,68607,N/A
28608,68608,N/A
28609,68609,N/A
28610,68610,N/A
28611,68611,N/A
28612,68612,N/A
28613,68613,N/A
28614,68614,N/A
28615,68615,N/A
28616,68616,N/A
28617,68617,N/A
28618,68618,N/A
28619,68619,N/A
28620,68620,N/A
28621,68621,N/A
28622,68622,N/A
28623,68623,N/A
28624,68624,N/A
28625,68625,N/A
28626,68626,N/A
28627,68627,N/A
28628,68628,N/A
28629,68629,N/A
28630,68630,N/A
28631,68631,N/A
28632,68632,N/A
28633,68633,N/A
28634,68634,N/A
28635,68635,N/A
28636,68636,N/A
28637,68637,N/A
28638,68638,N/A
28639,68639,N/A
28640,68640,N/A
28641,68641,N/A
28642,68642,N/A
28643,68643,N/A
28644,68644,N/A
28645,68645,N/A
28646,68646,N/A
28647,68647,N/A
28648,68648,N/A
28649,68649,N/A
28650,68650,N/A
28651,68651,N/A
28652,68652,N/A
28653,68653,N/A
28654,68654,N/A
28655,68655,N/A
28656,68656,N/A
28657,68657,N/A
28658,68658,N/A
28659,68659,N/A
28660,68660,N/A
28661,68661,N/A
28662,68662,N/A
28663,68663,N/A
28664,68664,N/A
28665,68665,N/A
28666,68666,N/A
28667,68667,N/A
28668,68668,N/A
28669,68669,N/A
28670,68670,N/A
28671,68671,N/A
28672,68672,N/A
28673,68673,N/A
28674,68674,N/A
28675,68675,N/A
28676,68676,N/A
28677,68677,N/A
28678,68678,N/A
28679,68679,N/A
28680,68680,N/A
28681,68681,N/A
28682,68682,N/A
28683,68683,N/A
28684,68684,N/A
28685,68685,N/A
28686,68686,N/A
28687,68687,N/A
28688,68688,N/A
28689,68689,N/A
28690,68690,N/A
28691,68691,N/A
28692,68692,N/A
28693,68693,N/A
28694,68694,N/A
28695,68695,N/A
28696,68696,N/A
28697,68697,N/A
28698,68698,N/A
28699,68699,N/A
28700,68700,N/A
28701,68701,N/A
28702,68702,N/A
28703,68703,N/A
28704,68704,N/A
28705,68705,N/A
28706,68706,N/A
28707,68707,N/A
28708,68708,N/A
28709,68709,N/A
28710,68710,N/A
28711,68711,N/A
28712,68712,N/A
28713,68713,N/A
28714,68714,N/A
28715,68715,N/A
28716,68716,N/A
28717,68717,N/A
28718,68718,N/A
28719,68719,N/A
28720,68720,N/A
28721,68721,N/A
28722,68722,N/A
28723,68723,N/A
28724,68724,N/A
28725,68725,N/A
28726,68726,N/A
28727,68727,N/A
28728,68728,N/A
28729,68729,N/A
28730,68730,N/A
28731,68731,N/A
28732,68732,N/A
28733,68733,N/A
28734,68734,N/A
28735,68735,N/A
28736,68736,N/A
28737,68737,N/A
28738,68738,N/A
28739,68739,N/A
28740,68740,N/A
28741,68741,N/A
28742,68742,N/A
28743,68743,N/A
28744,68744,N/A
28745,68745,N/A
28746,68746,N/A
28747,68747,N/A
28748,68748,N/A
28749,68749,N/A
28750,68750,N/A
28751,68751,N/A
28752,68752,N/A
28753,68753,N/A
28754,68754,N/A
28755,68755,N/A
28756,68756,N/A
28757,68757,N/A
28758,68758,N/A
28759,68759,N/A
28760,68760,N/A
28761,68761,N/A
28762,68762,N/A
28763,68763,N/A
28764,68764,N/A
28765,68765,N/A
28766,68766,N/A
28767,68767,N/A
28768,68768,N/A
28769,68769,N/A
28770,68770,N/A
28771,68771,N/A
28772,68772,N/A
28773,68773,N/A
28774,68774,N/A
28775,68775,N/A
28776,68776,N/A
28777,68777,N/A
28778,68778,N/A
28779,68779,N/A
28780,68780,N/A
28781,68781,N/A
28782,68782,N/A
28783,68783,N/A
28784,68784,N/A
28785,68785,N/A
28786,68786,N/A
28787,68787,N/A
28788,68788,N/A
28789,68789,N/A
28790,68790,N/A
28791,68791,N/A
28792,68792,N/A
28793,68793,N/A
28794,68794,N/A
28795,68795,N/A
28796,68796,N/A
28797,68797,N/A
28798,68798,N/A
28799,68799,N/A
28800,68800,N/A
28801,68801,N/A
28802,68802,N/A
28803,68803,N/A
28804,68804,N/A
28805,68805,N/A
28806,68806,N/A
28807,68807,N/A
28808,68808,N/A
28809,68809,N/A
28810,68810,N/A
28811,68811,N/A
28812,68812,N/A
28813,68813,N/A
28814,68814,N/A
28815,68815,N/A
28816,68816,N/A
28817,68817,N/A
28818,68818,N/A
28819,68819,N/A
28820,68820,N/A
28821,68821,N/A
28822,68822,N/A
28823,68823,N/A
28824,68824,N/A
28825,68825,N/A
28826,68826,N/A
28827,68827,N/A
28828,68828,N/A
28829,68829,N/A
28830,68830,N/A
28831,68831,N/A
28832,68832,N/A
28833,68833,N/A
28834,68834,N/A
28835,68835,N/A
28836,68836,N/A
28837,68837,N/A
28838,68838,N/A
28839,68839,N/A
28840,68840,N/A
28841,68841,N/A
28842,68842,N/A
28843,68843,N/A
28844,68844,N/A
28845,68845,N/A
28846,68846,N/A
28847,68847,N/A
28848,68848,N/A
28849,68849,N/A
28850,68850,N/A
28851,68851,N/A
28852,68852,N/A
28853,68853,N/A
28854,68854,N/A
28855,68855,N/A
28856,68856,N/A
28857,68857,N/A
28858,68858,N/A
28859,68859,N/A
28860,68860,N/A
28861,68861,N/A
28862,68862,N/A
28863,68863,N/A
28864,68864,N/A
28865,68865,N/A
28866,68866,N/A
28867,68867,N/A
28868,68868,N/A
28869,68869,N/A
28870,68870,N/A
28871,68871,N/A
28872,68872,N/A
28873,68873,N/A
28874,68874,N/A
28875,68875,N/A
28876,68876,N/A
28877,68877,N/A
28878,68878,N/A
28879,68879,N/A
28880,68880,N/A
28881,68881,N/A
28882,68882,N/A
28883,68883,N/A
28884,68884,N/A
28885,68885,N/A
28886,68886,N/A
28887,68887,N/A
28888,68888,N/A
28889,68889,N/A
28890,68890,N/A
28891,68891,N/A
28892,68892,N/A
28893,68893,N/A
28894,68894,N/A
28895,68895,N/A
28896,68896,N/A
28897,68897,N/A
28898,68898,N/A
28899,68899,N/A
28900,68900,N/A
28901,68901,N/A
28902,68902,N/A
28903,68903,N/A
28904,68904,N/A
28905,68905,N/A
28906,68906,N/A
28907,68907,N/A
28908,68908,N/A
28909,68909,N/A
28910,68910,N/A
28911,68911,N/A
28912,68912,N/A
28913,68913,N/A
28914,68914,N/A
28915,68915,N/A
28916,68916,N/A
28917,68917,N/A
28918,68918,N/A
28919,68919,N/A
28920,68920,N/A
28921,68921,N/A
28922,68922,N/A
28923,68923,N/A
28924,68924,N/A
28925,68925,N/A
28926,68926,N/A
28927,68927,N/A
28928,68928,N/A
28929,68929,N/A
28930,68930,N/A
28931,68931,N/A
28932,68932,N/A
28933,68933,N/A
28934,68934,N/A
28935,68935,N/A
28936,68936,N/A
28937,68937,N/A
28938,68938,N/A
28939,68939,N/A
28940,68940,N/A
28941,68941,N/A
28942,68942,N/A
28943,68943,N/A
28944,68944,N/A
28945,68945,N/A
28946,68946,N/A
28947,68947,N/A
28948,68948,N/A
28949,68949,N/A
28950,68950,N/A
28951,68951,N/A
28952,68952,N/A
28953,68953,N/A
28954,68954,N/A
28955,68955,N/A
28956,68956,N/A
28957,68957,N/A
28958,68958,N/A
28959,68959,N/A
28960,68960,N/A
28961,68961,N/A
28962,68962,N/A
28963,68963,N/A
28964,68964,N/A
28965,68965,N/A
28966,68966,N/A
28967,68967,N/A
28968,68968,N/A
28969,68969,N/A
28970,68970,N/A
28971,68971,N/A
28972,68972,N/A
28973,68973,N/A
28974,68974,N/A
28975,68975,N/A
28976,68976,N/A
28977,68977,N/A
28978,68978,N/A
28979,68979,N/A
28980,68980,N/A
28981,68981,N/A
28982,68982,N/A
28983,68983,N/A
28984,68984,N/A
28985,68985,N/A
28986,68986,N/A
28987,68987,N/A
28988,68988,N/A
28989,68989,N/A
28990,68990,N/A
28991,68991,N/A
28992,68992,N/A
28993,68993,N/A
28994,68994,N/A
28995,68995,N/A
28996,68996,N/A
28997,68997,N/A
28998,68998,N/A
28999,68999,N/A
29000,69000,N/A
29001,69001,N/A
29002,69002,N/A
29003,69003,N/A
29004,69004,N/A
29005,69005,N/A
29006,69006,N/A
29007,69007,N/A
29008,69008,N/A
29009,69009,N/A
29010,69010,N/A
29011,69011,N/A
29012,69012,N/A
29013,69013,N/A
29014,69014,N/A
29015,69015,N/A
29016,69016,N/A
29017,69017,N/A
29018,69018,N/A
29019,69019,N/A
29020,69020,N/A
29021,69021,N/A
29022,69022,N/A
29023,69023,N/A
29024,69024,N/A
29025,69025,N/A
29026,69026,N/A
29027,69027,N/A
29028,69028,N/A
29029,69029,N/A
29030,69030,N/A
29031,69031,N/A
29032,69032,N/A
29033,69033,N/A
29034,69034,N/A
29035,69035,N/A
29036,69036,N/A
29037,69037,N/A
29038,69038,N/A
29039,69039,N/A
29040,69040,N/A
29041,69041,N/A
29042,69042,N/A
29043,69043,N/A
29044,69044,N/A
29045,69045,N/A
29046,69046,N/A
29047,69047,N/A
29048,69048,N/A
29049,69049,N/A
29050,69050,N/A
29051,69051,N/A
29052,69052,N/A
29053,69053,N/A
29054,69054,N/A
29055,69055,N/A
29056,69056,N/A
29057,69057,N/A
29058,69058,N/A
29059,69059,N/A
29060,69060,N/A
29061,69061,N/A
29062,69062,N/A
29063,69063,N/A
29064,69064,N/A
29065,69065,N/A
29066,69066,N/A
29067,69067,N/A
29068,69068,N/A
29069,69069,N/A
29070,69070,N/A
29071,69071,N/A
29072,69072,N/A
29073,69073,N/A
29074,69074,N/A
29075,69075,N/A
29076,69076,N/A
29077,69077,N/A
29078,69078,N/A
29079,69079,N/A
29080,69080,N/A
29081,69081,N/A
29082,69082,N/A
29083,69083,N/A
29084,69084,N/A
29085,69085,N/A
29086,69086,N/A
29087,69087,N/A
29088,69088,N/A
29089,69089,N/A
29090,69090,N/A
29091,69091,N/A
29092,69092,N/A
29093,69093,N/A
29094,69094,N/A
29095,69095,N/A
29096,69096,N/A
29097,69097,N/A
29098,69098,N/A
29099,69099,N/A
29100,69100,N/A
29101,69101,N/A
29102,69102,N/A
29103,69103,N/A
29104,69104,N/A
29105,69105,N/A
29106,69106,N/A
29107,69107,N/A
29108,69108,N/A
29109,69109,N/A
29110,69110,N/A
29111,69111,N/A
29112,69112,N/A
29113,69113,N/A
29114,69114,N/A
29115,69115,N/A
29116,69116,N/A
29117,69117,N/A
29118,69118,N/A
29119,69119,N/A
29120,69120,N/A
29121,69121,N/A
29122,69122,N/A
29123,69123,N/A
29124,69124,N/A
29125,69125,N/A
29126,69126,N/A
29127,69127,N/A
29128,69128,N/A
29129,69129,N/A
29130,69130,N/A
29131,69131,N/A
29132,69132,N/A
29133,69133,N/A
29134,69134,N/A
29135,69135,N/A
29136,69136,N/A
29137,69137,N/A
29138,69138,N/A
29139,69139,N/A
29140,69140,N/A
29141,69141,N/A
29142,69142,N/A
29143,69143,N/A
29144,69144,N/A
29145,69145,N/A
29146,69146,N/A
29147,69147,N/A
29148,69148,N/A
29149,69149,N/A
29150,69150,N/A
29151,69151,N/A
29152,69152,N/A
29153,69153,N/A
29154,69154,N/A
29155,69155,N/A
29156,69156,N/A
29157,69157,N/A
29158,69158,N/A
29159,69159,N/A
29160,69160,N/A
29161,69161,N/A
29162,69162,N/A
29163,69163,N/A
29164,69164,N/A
29165,69165,N/A
29166,69166,N/A
29167,69167,N/A
29168,69168,N/A
29169,69169,N/A
29170,69170,N/A
29171,69171,N/A
29172,69172,N/A
29173,69173,N/A
29174,69174,N/A
29175,69175,N/A
29176,69176,N/A
29177,69177,N/A
29178,69178,N/A
29179,69179,N/A
29180,69180,N/A
29181,69181,N/A
29182,69182,N/A
29183,69183,N/A
29184,69184,N/A
29185,69185,N/A
29186,69186,N/A
29187,69187,N/A
29188,69188,N/A
29189,69189,N/A
29190,69190,N/A
29191,69191,N/A
29192,69192,N/A
29193,69193,N/A
29194,69194,N/A
29195,69195,N/A
29196,69196,N/A
29197,69197,N/A
29198,69198,N/A
29199,69199,N/A
29200,69200,N/A
29201,69201,N/A
29202,69202,N/A
29203,69203,N/A
29204,69204,N/A
29205,69205,N/A
29206,69206,N/A
29207,69207,N/A
29208,69208,N/A
29209,69209,N/A
29210,69210,N/A
29211,69211,N/A
29212,69212,N/A
29213,69213,N/A
29214,69214,N/A
29215,69215,N/A
29216,69216,N/A
29217,69217,N/A
29218,69218,N/A
29219,69219,N/A
29220,69220,N/A
29221,69221,N/A
29222,69222,N/A
29223,69223,N/A
29224,69224,N/A
29225,69225,N/A
29226,69226,N/A
29227,69227,N/A
29228,69228,N/A
29229,69229,N/A
29230,69230,N/A
29231,69231,N/A
29232,69232,N/A
29233,69233,N/A
29234,69234,N/A
29235,69235,N/A
29236,69236,N/A
29237,69237,N/A
29238,69238,N/A
29239,69239,N/A
29240,69240,N/A
29241,69241,N/A
29242,69242,N/A
29243,69243,N/A
29244,69244,N/A
29245,69245,N/A
29246,69246,N/A
29247,69247,N/A
29248,69248,N/A
29249,69249,N/A
29250,69250,N/A
29251,69251,N/A
29252,69252,N/A
29253,69253,N/A
29254,69254,N/A
29255,69255,N/A
29256,69256,N/A
29257,69257,N/A
29258,69258,N/A
29259,69259,N/A
29260,69260,N/A
29261,69261,N/A
29262,69262,N/A
29263,69263,N/A
29264,69264,N/A
29265,69265,N/A
29266,69266,N/A
29267,69267,N/A
29268,69268,N/A
29269,69269,N/A
29270,69270,N/A
29271,69271,N/A
29272,69272,N/A
29273,69273,N/A
29274,69274,N/A
29275,69275,N/A
29276,69276,N/A
29277,69277,N/A
29278,69278,N/A
29279,69279,N/A
29280,69280,N/A
29281,69281,N/A
29282,69282,N/A
29283,69283,N/A
29284,69284,N/A
29285,69285,N/A
29286,69286,N/A
29287,69287,N/A
29288,69288,N/A
29289,69289,N/A
29290,69290,N/A
29291,69291,N/A
29292,69292,N/A
29293,69293,N/A
29294,69294,N/A
29295,69295,N/A
29296,69296,N/A
29297,69297,N/A
29298,69298,N/A
29299,69299,N/A
29300,69300,N/A
29301,69301,N/A
29302,69302,N/A
29303,69303,N/A
29304,69304,N/A
29305,69305,N/A
29306,69306,N/A
29307,69307,N/A
29308,69308,N/A
29309,69309,N/A
29310,69310,N/A
29311,69311,N/A
29312,69312,N/A
29313,69313,N/A
29314,69314,N/A
29315,69315,N/A
29316,69316,N/A
29317,69317,N/A
29318,69318,N/A
29319,69319,N/A
29320,69320,N/A
29321,69321,N/A
29322,69322,N/A
29323,69323,N/A
29324,69324,N/A
29325,69325,N/A
29326,69326,N/A
29327,69327,N/A
29328,69328,N/A
29329,69329,N/A
29330,69330,N/A
29331,69331,N/A
29332,69332,N/A
29333,69333,N/A
29334,69334,N/A
29335,69335,N/A
29336,69336,N/A
29337,69337,N/A
29338,69338,N/A
29339,69339,N/A
29340,69340,N/A
29341,69341,N/A
29342,69342,N/A
29343,69343,N/A
29344,69344,N/A
29345,69345,N/A
29346,69346,N/A
29347,69347,N/A
29348,69348,N/A
29349,69349,N/A
29350,69350,N/A
29351,69351,N/A
29352,69352,N/A
29353,69353,N/A
29354,69354,N/A
29355,69355,N/A
29356,69356,N/A
29357,69357,N/A
29358,69358,N/A
29359,69359,N/A
29360,69360,N/A
29361,69361,N/A
29362,69362,N/A
29363,69363,N/A
29364,69364,N/A
29365,69365,N/A
29366,69366,N/A
29367,69367,N/A
29368,69368,N/A
29369,69369,N/A
29370,69370,N/A
29371,69371,N/A
29372,69372,N/A
29373,69373,N/A
29374,69374,N/A
29375,69375,N/A
29376,69376,N/A
29377,69377,N/A
29378,69378,N/A
29379,69379,N/A
29380,69380,N/A
29381,69381,N/A
29382,69382,N/A
29383,69383,N/A
29384,69384,N/A
29385,69385,N/A
29386,69386,N/A
29387,69387,N/A
29388,69388,N/A
29389,69389,N/A
29390,69390,N/A
29391,69391,N/A
29392,69392,N/A
29393,69393,N/A
29394,69394,N/A
29395,69395,N/A
29396,69396,N/A
29397,69397,N/A
29398,69398,N/A
29399,69399,N/A
29400,69400,N/A
29401,69401,N/A
29402,69402,N/A
29403,69403,N/A
29404,69404,N/A
29405,69405,N/A
29406,69406,N/A
29407,69407,N/A
29408,69408,N/A
29409,69409,N/A
29410,69410,N/A
29411,69411,N/A
29412,69412,N/A
29413,69413,N/A
29414,69414,N/A
29415,69415,N/A
29416,69416,N/A
29417,69417,N/A
29418,69418,N/A
29419,69419,N/A
29420,69420,N/A
29421,69421,N/A
29422,69422,N/A
29423,69423,N/A
29424,69424,N/A
29425,69425,N/A
29426,69426,N/A
29427,69427,N/A
29428,69428,N/A
29429,69429,N/A
29430,69430,N/A
29431,69431,N/A
29432,69432,N/A
29433,69433,N/A
29434,69434,N/A
29435,69435,N/A
29436,69436,N/A
29437,69437,N/A
29438,69438,N/A
29439,69439,N/A
29440,69440,N/A
29441,69441,N/A
29442,69442,N/A
29443,69443,N/A
29444,69444,N/A
29445,69445,N/A
29446,69446,N/A
29447,69447,N/A
29448,69448,N/A
29449,69449,N/A
29450,69450,N/A
29451,69451,N/A
29452,69452,N/A
29453,69453,N/A
29454,69454,N/A
29455,69455,N/A
29456,69456,N/A
29457,69457,N/A
29458,69458,N/A
29459,69459,N/A
29460,69460,N/A
29461,69461,N/A
29462,69462,N/A
29463,69463,N/A
29464,69464,N/A
29465,69465,N/A
29466,69466,N/A
29467,69467,N/A
29468,69468,N/A
29469,69469,N/A
29470,69470,N/A
29471,69471,N/A
29472,69472,N/A
29473,69473,N/A
29474,69474,N/A
29475,69475,N/A
29476,69476,N/A
29477,69477,N/A
29478,69478,N/A
29479,69479,N/A
29480,69480,N/A
29481,69481,N/A
29482,69482,N/A
29483,69483,N/A
29484,69484,N/A
29485,69485,N/A
29486,69486,N/A
29487,69487,N/A
29488,69488,N/A
29489,69489,N/A
29490,69490,N/A
29491,69491,N/A
29492,69492,N/A
29493,69493,N/A
29494,69494,N/A
29495,69495,N/A
29496,69496,N/A
29497,69497,N/A
29498,69498,N/A
29499,69499,N/A
29500,69500,N/A
29501,69501,N/A
29502,69502,N/A
29503,69503,N/A
29504,69504,N/A
29505,69505,N/A
29506,69506,N/A
29507,69507,N/A
29508,69508,N/A
29509,69509,N/A
29510,69510,N/A
29511,69511,N/A
29512,69512,N/A
29513,69513,N/A
29514,69514,N/A
29515,69515,N/A
29516,69516,N/A
29517,69517,N/A
29518,69518,N/A
29519,69519,N/A
29520,69520,N/A
29521,69521,N/A
29522,69522,N/A
29523,69523,N/A
29524,69524,N/A
29525,69525,N/A
29526,69526,N/A
29527,69527,N/A
29528,69528,N/A
29529,69529,N/A
29530,69530,N/A
29531,69531,N/A
29532,69532,N/A
29533,69533,N/A
29534,69534,N/A
29535,69535,N/A
29536,69536,N/A
29537,69537,N/A
29538,69538,N/A
29539,69539,N/A
29540,69540,N/A
29541,69541,N/A
29542,69542,N/A
29543,69543,N/A
29544,69544,N/A
29545,69545,N/A
29546,69546,N/A
29547,69547,N/A
29548,69548,N/A
29549,69549,N/A
29550,69550,N/A
29551,69551,N/A
29552,69552,N/A
29553,69553,N/A
29554,69554,N/A
29555,69555,N/A
29556,69556,N/A
29557,69557,N/A
29558,69558,N/A
29559,69559,N/A
29560,69560,N/A
29561,69561,N/A
29562,69562,N/A
29563,69563,N/A
29564,69564,N/A
29565,69565,N/A
29566,69566,N/A
29567,69567,N/A
29568,69568,N/A
29569,69569,N/A
29570,69570,N/A
29571,69571,N/A
29572,69572,N/A
29573,69573,N/A
29574,69574,N/A
29575,69575,N/A
29576,69576,N/A
29577,69577,N/A
29578,69578,N/A
29579,69579,N/A
29580,69580,N/A
29581,69581,N/A
29582,69582,N/A
29583,69583,N/A
29584,69584,N/A
29585,69585,N/A
29586,69586,N/A
29587,69587,N/A
29588,69588,N/A
29589,69589,N/A
29590,69590,N/A
29591,69591,N/A
29592,69592,N/A
29593,69593,N/A
29594,69594,N/A
29595,69595,N/A
29596,69596,N/A
29597,69597,N/A
29598,69598,N/A
29599,69599,N/A
29600,69600,N/A
29601,69601,N/A
29602,69602,N/A
29603,69603,N/A
29604,69604,N/A
29605,69605,N/A
29606,69606,N/A
29607,69607,N/A
29608,69608,N/A
29609,69609,N/A
29610,69610,N/A
29611,69611,N/A
29612,69612,N/A
29613,69613,N/A
29614,69614,N/A
29615,69615,N/A
29616,69616,N/A
29617,69617,N/A
29618,69618,N/A
29619,69619,N/A
29620,69620,N/A
29621,69621,N/A
29622,69622,N/A
29623,69623,N/A
29624,69624,N/A
29625,69625,N/A
29626,69626,N/A
29627,69627,N/A
29628,69628,N/A
29629,69629,N/A
29630,69630,N/A
29631,69631,N/A
29632,69632,N/A
29633,69633,N/A
29634,69634,N/A
29635,69635,N/A
29636,69636,N/A
29637,69637,N/A
29638,69638,N/A
29639,69639,N/A
29640,69640,N/A
29641,69641,N/A
29642,69642,N/A
29643,69643,N/A
29644,69644,N/A
29645,69645,N/A
29646,69646,N/A
29647,69647,N/A
29648,69648,N/A
29649,69649,N/A
29650,69650,N/A
29651,69651,N/A
29652,69652,N/A
29653,69653,N/A
29654,69654,N/A
29655,69655,N/A
29656,69656,N/A
29657,69657,N/A
29658,69658,N/A
29659,69659,N/A
29660,69660,N/A
29661,69661,N/A
29662,69662,N/A
29663,69663,N/A
29664,69664,N/A
29665,69665,N/A
29666,69666,N/A
29667,69667,N/A
29668,69668,N/A
29669,69669,N/A
29670,69670,N/A
29671,69671,N/A
29672,69672,N/A
29673,69673,N/A
29674,69674,N/A
29675,69675,N/A
29676,69676,N/A
29677,69677,N/A
29678,69678,N/A
29679,69679,N/A
29680,69680,N/A
29681,69681,N/A
29682,69682,N/A
29683,69683,N/A
29684,69684,N/A
29685,69685,N/A
29686,69686,N/A
29687,69687,N/A
29688,69688,N/A
29689,69689,N/A
29690,69690,N/A
29691,69691,N/A
29692,69692,N/A
29693,69693,N/A
29694,69694,N/A
29695,69695,N/A
29696,69696,N/A
29697,69697,N/A
29698,69698,N/A
29699,69699,N/A
29700,69700,N/A
29701,69701,N/A
29702,69702,N/A
29703,69703,N/A
29704,69704,N/A
29705,69705,N/A
29706,69706,N/A
29707,69707,N/A
29708,69708,N/A
29709,69709,N/A
29710,69710,N/A
29711,69711,N/A
29712,69712,N/A
29713,69713,N/A
29714,69714,N/A
29715,69715,N/A
29716,69716,N/A
29717,69717,N/A
29718,69718,N/A
29719,69719,N/A
29720,69720,N/A
29721,69721,N/A
29722,69722,N/A
29723,69723,N/A
29724,69724,N/A
29725,69725,N/A
29726,69726,N/A
29727,69727,N/A
29728,69728,N/A
29729,69729,N/A
29730,69730,N/A
29731,69731,N/A
29732,69732,N/A
29733,69733,N/A
29734,69734,N/A
29735,69735,N/A
29736,69736,N/A
29737,69737,N/A
29738,69738,N/A
29739,69739,N/A
29740,69740,N/A
29741,69741,N/A
29742,69742,N/A
29743,69743,N/A
29744,69744,N/A
29745,69745,N/A
29746,69746,N/A
29747,69747,N/A
29748,69748,N/A
29749,69749,N/A
29750,69750,N/A
29751,69751,N/A
29752,69752,N/A
29753,69753,N/A
29754,69754,N/A
29755,69755,N/A
29756,69756,N/A
29757,69757,N/A
29758,69758,N/A
29759,69759,N/A
29760,69760,N/A
29761,69761,N/A
29762,69762,N/A
29763,69763,N/A
29764,69764,N/A
29765,69765,N/A
29766,69766,N/A
29767,69767,N/A
29768,69768,N/A
29769,69769,N/A
29770,69770,N/A
29771,69771,N/A
29772,69772,N/A
29773,69773,N/A
29774,69774,N/A
29775,69775,N/A
29776,69776,N/A
29777,69777,N/A
29778,69778,N/A
29779,69779,N/A
29780,69780,N/A
29781,69781,N/A
29782,69782,N/A
29783,69783,N/A
29784,69784,N/A
29785,69785,N/A
29786,69786,N/A
29787,69787,N/A
29788,69788,N/A
29789,69789,N/A
29790,69790,N/A
29791,69791,N/A
29792,69792,N/A
29793,69793,N/A
29794,69794,N/A
29795,69795,N/A
29796,69796,N/A
29797,69797,N/A
29798,69798,N/A
29799,69799,N/A
29800,69800,N/A
29801,69801,N/A
29802,69802,N/A
29803,69803,N/A
29804,69804,N/A
29805,69805,N/A
29806,69806,N/A
29807,69807,N/A
29808,69808,N/A
29809,69809,N/A
29810,69810,N/A
29811,69811,N/A
29812,69812,N/A
29813,69813,N/A
29814,69814,N/A
29815,69815,N/A
29816,69816,N/A
29817,69817,N/A
29818,69818,N/A
29819,69819,N/A
29820,69820,N/A
29821,69821,N/A
29822,69822,N/A
29823,69823,N/A
29824,69824,N/A
29825,69825,N/A
29826,69826,N/A
29827,69827,N/A
29828,69828,N/A
29829,69829,N/A
29830,69830,N/A
29831,69831,N/A
29832,69832,N/A
29833,69833,N/A
29834,69834,N/A
29835,69835,N/A
29836,69836,N/A
29837,69837,N/A
29838,69838,N/A
29839,69839,N/A
29840,69840,N/A
29841,69841,N/A
29842,69842,N/A
29843,69843,N/A
29844,69844,N/A
29845,69845,N/A
29846,69846,N/A
29847,69847,N/A
29848,69848,N/A
29849,69849,N/A
29850,69850,N/A
29851,69851,N/A
29852,69852,N/A
29853,69853,N/A
29854,69854,N/A
29855,69855,N/A
29856,69856,N/A
29857,69857,N/A
29858,69858,N/A
29859,69859,N/A
29860,69860,N/A
29861,69861,N/A
29862,69862,N/A
29863,69863,N/A
29864,69864,N/A
29865,69865,N/A
29866,69866,N/A
29867,69867,N/A
29868,69868,N/A
29869,69869,N/A
29870,69870,N/A
29871,69871,N/A
29872,69872,N/A
29873,69873,N/A
29874,69874,N/A
29875,69875,N/A
29876,69876,N/A
29877,69877,N/A
29878,69878,N/A
29879,69879,N/A
29880,69880,N/A
29881,69881,N/A
29882,69882,N/A
29883,69883,N/A
29884,69884,N/A
29885,69885,N/A
29886,69886,N/A
29887,69887,N/A
29888,69888,N/A
29889,69889,N/A
29890,69890,N/A
29891,69891,N/A
29892,69892,N/A
29893,69893,N/A
29894,69894,N/A
29895,69895,N/A
29896,69896,N/A
29897,69897,N/A
29898,69898,N/A
29899,69899,N/A
29900,69900,N/A
29901,69901,N/A
29902,69902,N/A
29903,69903,N/A
29904,69904,N/A
29905,69905,N/A
29906,69906,N/A
29907,69907,N/A
29908,69908,N/A
29909,69909,N/A
29910,69910,N/A
29911,69911,N/A
29912,69912,N/A
29913,69913,N/A
29914,69914,N/A
29915,69915,N/A
29916,69916,N/A
29917,69917,N/A
29918,69918,N/A
29919,69919,N/A
29920,69920,N/A
29921,69921,N/A
29922,69922,N/A
29923,69923,N/A
29924,69924,N/A
29925,69925,N/A
29926,69926,N/A
29927,69927,N/A
29928,69928,N/A
29929,69929,N/A
29930,69930,N/A
29931,69931,N/A
29932,69932,N/A
29933,69933,N/A
29934,69934,N/A
29935,69935,N/A
29936,69936,N/A
29937,69937,N/A
29938,69938,N/A
29939,69939,N/A
29940,69940,N/A
29941,69941,N/A
29942,69942,N/A
29943,69943,N/A
29944,69944,N/A
29945,69945,N/A
29946,69946,N/A
29947,69947,N/A
29948,69948,N/A
29949,69949,N/A
29950,69950,N/A
29951,69951,N/A
29952,69952,N/A
29953,69953,N/A
29954,69954,N/A
29955,69955,N/A
29956,69956,N/A
29957,69957,N/A
29958,69958,N/A
29959,69959,N/A
29960,69960,N/A
29961,69961,N/A
29962,69962,N/A
29963,69963,N/A
29964,69964,N/A
29965,69965,N/A
29966,69966,N/A
29967,69967,N/A
29968,69968,N/A
29969,69969,N/A
29970,69970,N/A
29971,69971,N/A
29972,69972,N/A
29973,69973,N/A
29974,69974,N/A
29975,69975,N/A
29976,69976,N/A
29977,69977,N/A
29978,69978,N/A
29979,69979,N/A
29980,69980,N/A
29981,69981,N/A
29982,69982,N/A
29983,69983,N/A
29984,69984,N/A
29985,69985,N/A
29986,69986,N/A
29987,69987,N/A
29988,69988,N/A
29989,69989,N/A
29990,69990,N/A
29991,69991,N/A
29992,69992,N/A
29993,69993,N/A
29994,69994,N/A
29995,69995,N/A
29996,69996,N/A
29997,69997,N/A
29998,69998,N/A
29999,69999,N/A
30000,70000,N/A
30001,70001,N/A
30002,70002,N/A
30003,70003,N/A
30004,70004,N/A
30005,70005,N/A
30006,70006,N/A
30007,70007,N/A
30008,70008,N/A
30009,70009,N/A
30010,70010,N/A
30011,70011,N/A
30012,70012,N/A
30013,70013,N/A
30014,70014,N/A
30015,70015,N/A
30016,70016,N/A
30017,70017,N/A
30018,70018,N/A
30019,70019,N/A
30020,70020,N/A
30021,70021,N/A
30022,70022,N/A
30023,70023,N/A
30024,70024,N/A
30025,70025,N/A
30026,70026,N/A
30027,70027,N/A
30028,70028,N/A
30029,70029,N/A
30030,70030,N/A
30031,70031,N/A
30032,70032,N/A
30033,70033,N/A
30034,70034,N/A
30035,70035,N/A
30036,70036,N/A
30037,70037,N/A
30038,70038,N/A
30039,70039,N/A
30040,70040,N/A
30041,70041,N/A
30042,70042,N/A
30043,70043,N/A
30044,70044,N/A
30045,70045,N/A
30046,70046,N/A
30047,70047,N/A
30048,70048,N/A
30049,70049,N/A
30050,70050,N/A
30051,70051,N/A
30052,70052,N/A
30053,70053,N/A
30054,70054,N/A
30055,70055,N/A
30056,70056,N/A
30057,70057,N/A
30058,70058,N/A
30059,70059,N/A
30060,70060,N/A
30061,70061,N/A
30062,70062,N/A
30063,70063,N/A
30064,70064,N/A
30065,70065,N/A
30066,70066,N/A
30067,70067,N/A
30068,70068,N/A
30069,70069,N/A
30070,70070,N/A
30071,70071,N/A
30072,70072,N/A
30073,70073,N/A
30074,70074,N/A
30075,70075,N/A
30076,70076,N/A
30077,70077,N/A
30078,70078,N/A
30079,70079,N/A
30080,70080,N/A
30081,70081,N/A
30082,70082,N/A
30083,70083,N/A
30084,70084,N/A
30085,70085,N/A
30086,70086,N/A
30087,70087,N/A
30088,70088,N/A
30089,70089,N/A
30090,70090,N/A
30091,70091,N/A
30092,70092,N/A
30093,70093,N/A
30094,70094,N/A
30095,70095,N/A
30096,70096,N/A
30097,70097,N/A
30098,70098,N/A
30099,70099,N/A
30100,70100,N/A
30101,70101,N/A
30102,70102,N/A
30103,70103,N/A
30104,70104,N/A
30105,70105,N/A
30106,70106,N/A
30107,70107,N/A
30108,70108,N/A
30109,70109,N/A
30110,70110,N/A
30111,70111,N/A
30112,70112,N/A
30113,70113,N/A
30114,70114,N/A
30115,70115,N/A
30116,70116,N/A
30117,70117,N/A
30118,70118,N/A
30119,70119,N/A
30120,70120,N/A
30121,70121,N/A
30122,70122,N/A
30123,70123,N/A
30124,70124,N/A
30125,70125,N/A
30126,70126,N/A
30127,70127,N/A
30128,70128,N/A
30129,70129,N/A
30130,70130,N/A
30131,70131,N/A
30132,70132,N/A
30133,70133,N/A
30134,70134,N/A
30135,70135,N/A
30136,70136,N/A
30137,70137,N/A
30138,70138,N/A
30139,70139,N/A
30140,70140,N/A
30141,70141,N/A
30142,70142,N/A
30143,70143,N/A
30144,70144,N/A
30145,70145,N/A
30146,70146,N/A
30147,70147,N/A
30148,70148,N/A
30149,70149,N/A
30150,70150,N/A
30151,70151,N/A
30152,70152,N/A
30153,70153,N/A
30154,70154,N/A
30155,70155,N/A
30156,70156,N/A
30157,70157,N/A
30158,70158,N/A
30159,70159,N/A
30160,70160,N/A
30161,70161,N/A
30162,70162,N/A
30163,70163,N/A
30164,70164,N/A
30165,70165,N/A
30166,70166,N/A
30167,70167,N/A
30168,70168,N/A
30169,70169,N/A
30170,70170,N/A
30171,70171,N/A
30172,70172,N/A
30173,70173,N/A
30174,70174,N/A
30175,70175,N/A
30176,70176,N/A
30177,70177,N/A
30178,70178,N/A
30179,70179,N/A
30180,70180,N/A
30181,70181,N/A
30182,70182,N/A
30183,70183,N/A
30184,70184,N/A
30185,70185,N/A
30186,70186,N/A
30187,70187,N/A
30188,70188,N/A
30189,70189,N/A
30190,70190,N/A
30191,70191,N/A
30192,70192,N/A
30193,70193,N/A
30194,70194,N/A
30195,70195,N/A
30196,70196,N/A
30197,70197,N/A
30198,70198,N/A
30199,70199,N/A
30200,70200,N/A
30201,70201,N/A
30202,70202,N/A
30203,70203,N/A
30204,70204,N/A
30205,70205,N/A
30206,70206,N/A
30207,70207,N/A
30208,70208,N/A
30209,70209,N/A
30210,70210,N/A
30211,70211,N/A
30212,70212,N/A
30213,70213,N/A
30214,70214,N/A
30215,70215,N/A
30216,70216,N/A
30217,70217,N/A
30218,70218,N/A
30219,70219,N/A
30220,70220,N/A
30221,70221,N/A
30222,70222,N/A
30223,70223,N/A
30224,70224,N/A
30225,70225,N/A
30226,70226,N/A
30227,70227,N/A
30228,70228,N/A
30229,70229,N/A
30230,70230,N/A
30231,70231,N/A
30232,70232,N/A
30233,70233,N/A
30234,70234,N/A
30235,70235,N/A
30236,70236,N/A
30237,70237,N/A
30238,70238,N/A
30239,70239,N/A
30240,70240,N/A
30241,70241,N/A
30242,70242,N/A
30243,70243,N/A
30244,70244,N/A
30245,70245,N/A
30246,70246,N/A
30247,70247,N/A
30248,70248,N/A
30249,70249,N/A
30250,70250,N/A
30251,70251,N/A
30252,70252,N/A
30253,70253,N/A
30254,70254,N/A
30255,70255,N/A
30256,70256,N/A
30257,70257,N/A
30258,70258,N/A
30259,70259,N/A
30260,70260,N/A
30261,70261,N/A
30262,70262,N/A
30263,70263,N/A
30264,70264,N/A
30265,70265,N/A
30266,70266,N/A
30267,70267,N/A
30268,70268,N/A
30269,70269,N/A
30270,70270,N/A
30271,70271,N/A
30272,70272,N/A
30273,70273,N/A
30274,70274,N/A
30275,70275,N/A
30276,70276,N/A
30277,70277,N/A
30278,70278,N/A
30279,70279,N/A
30280,70280,N/A
30281,70281,N/A
30282,70282,N/A
30283,70283,N/A
30284,70284,N/A
30285,70285,N/A
30286,70286,N/A
30287,70287,N/A
30288,70288,N/A
30289,70289,N/A
30290,70290,N/A
30291,70291,N/A
30292,70292,N/A
30293,70293,N/A
30294,70294,N/A
30295,70295,N/A
30296,70296,N/A
30297,70297,N/A
30298,70298,N/A
30299,70299,N/A
30300,70300,N/A
30301,70301,N/A
30302,70302,N/A
30303,70303,N/A
30304,70304,N/A
30305,70305,N/A
30306,70306,N/A
30307,70307,N/A
30308,70308,N/A
30309,70309,N/A
30310,70310,N/A
30311,70311,N/A
30312,70312,N/A
30313,70313,N/A
30314,70314,N/A
30315,70315,N/A
30316,70316,N/A
30317,70317,N/A
30318,70318,N/A
30319,70319,N/A
30320,70320,N/A
30321,70321,N/A
30322,70322,N/A
30323,70323,N/A
30324,70324,N/A
30325,70325,N/A
30326,70326,N/A
30327,70327,N/A
30328,70328,N/A
30329,70329,N/A
30330,70330,N/A
30331,70331,N/A
30332,70332,N/A
30333,70333,N/A
30334,70334,N/A
30335,70335,N/A
30336,70336,N/A
30337,70337,N/A
30338,70338,N/A
30339,70339,N/A
30340,70340,N/A
30341,70341,N/A
30342,70342,N/A
30343,70343,N/A
30344,70344,N/A
30345,70345,N/A
30346,70346,N/A
30347,70347,N/A
30348,70348,N/A
30349,70349,N/A
30350,70350,N/A
30351,70351,N/A
30352,70352,N/A
30353,70353,N/A
30354,70354,N/A
30355,70355,N/A
30356,70356,N/A
30357,70357,N/A
30358,70358,N/A
30359,70359,N/A
30360,70360,N/A
30361,70361,N/A
30362,70362,N/A
30363,70363,N/A
30364,70364,N/A
30365,70365,N/A
30366,70366,N/A
30367,70367,N/A
30368,70368,N/A
30369,70369,N/A
30370,70370,N/A
30371,70371,N/A
30372,70372,N/A
30373,70373,N/A
30374,70374,N/A
30375,70375,N/A
30376,70376,N/A
30377,70377,N/A
30378,70378,N/A
30379,70379,N/A
30380,70380,N/A
30381,70381,N/A
30382,70382,N/A
30383,70383,N/A
30384,70384,N/A
30385,70385,N/A
30386,70386,N/A
30387,70387,N/A
30388,70388,N/A
30389,70389,N/A
30390,70390,N/A
30391,70391,N/A
30392,70392,N/A
30393,70393,N/A
30394,70394,N/A
30395,70395,N/A
30396,70396,N/A
30397,70397,N/A
30398,70398,N/A
30399,70399,N/A
30400,70400,N/A
30401,70401,N/A
30402,70402,N/A
30403,70403,N/A
30404,70404,N/A
30405,70405,N/A
30406,70406,N/A
30407,70407,N/A
30408,70408,N/A
30409,70409,N/A
30410,70410,N/A
30411,70411,N/A
30412,70412,N/A
30413,70413,N/A
30414,70414,N/A
30415,70415,N/A
30416,70416,N/A
30417,70417,N/A
30418,70418,N/A
30419,70419,N/A
30420,70420,N/A
30421,70421,N/A
30422,70422,N/A
30423,70423,N/A
30424,70424,N/A
30425,70425,N/A
30426,70426,N/A
30427,70427,N/A
30428,70428,N/A
30429,70429,N/A
30430,70430,N/A
30431,70431,N/A
30432,70432,N/A
30433,70433,N/A
30434,70434,N/A
30435,70435,N/A
30436,70436,N/A
30437,70437,N/A
30438,70438,N/A
30439,70439,N/A
30440,70440,N/A
30441,70441,N/A
30442,70442,N/A
30443,70443,N/A
30444,70444,N/A
30445,70445,N/A
30446,70446,N/A
30447,70447,N/A
30448,70448,N/A
30449,70449,N/A
30450,70450,N/A
30451,70451,N/A
30452,70452,N/A
30453,70453,N/A
30454,70454,N/A
30455,70455,N/A
30456,70456,N/A
30457,70457,N/A
30458,70458,N/A
30459,70459,N/A
30460,70460,N/A
30461,70461,N/A
30462,70462,N/A
30463,70463,N/A
30464,70464,N/A
30465,70465,N/A
30466,70466,N/A
30467,70467,N/A
30468,70468,N/A
30469,70469,N/A
30470,70470,N/A
30471,70471,N/A
30472,70472,N/A
30473,70473,N/A
30474,70474,N/A
30475,70475,N/A
30476,70476,N/A
30477,70477,N/A
30478,70478,N/A
30479,70479,N/A
30480,70480,N/A
30481,70481,N/A
30482,70482,N/A
30483,70483,N/A
30484,70484,N/A
30485,70485,N/A
30486,70486,N/A
30487,70487,N/A
30488,70488,N/A
30489,70489,N/A
30490,70490,N/A
30491,70491,N/A
30492,70492,N/A
30493,70493,N/A
30494,70494,N/A
30495,70495,N/A
30496,70496,N/A
30497,70497,N/A
30498,70498,N/A
30499,70499,N/A
30500,70500,N/A
30501,70501,N/A
30502,70502,N/A
30503,70503,N/A
30504,70504,N/A
30505,70505,N/A
30506,70506,N/A
30507,70507,N/A
30508,70508,N/A
30509,70509,N/A
30510,70510,N/A
30511,70511,N/A
30512,70512,N/A
30513,70513,N/A
30514,70514,N/A
30515,70515,N/A
30516,70516,N/A
30517,70517,N/A
30518,70518,N/A
30519,70519,N/A
30520,70520,N/A
30521,70521,N/A
30522,70522,N/A
30523,70523,N/A
30524,70524,N/A
30525,70525,N/A
30526,70526,N/A
30527,70527,N/A
30528,70528,N/A
30529,70529,N/A
30530,70530,N/A
30531,70531,N/A
30532,70532,N/A
30533,70533,N/A
30534,70534,N/A
30535,70535,N/A
30536,70536,N/A
30537,70537,N/A
30538,70538,N/A
30539,70539,N/A
30540,70540,N/A
30541,70541,N/A
30542,70542,N/A
30543,70543,N/A
30544,70544,N/A
30545,70545,N/A
30546,70546,N/A
30547,70547,N/A
30548,70548,N/A
30549,70549,N/A
30550,70550,N/A
30551,70551,N/A
30552,70552,N/A
30553,70553,N/A
30554,70554,N/A
30555,70555,N/A
30556,70556,N/A
30557,70557,N/A
30558,70558,N/A
30559,70559,N/A
30560,70560,N/A
30561,70561,N/A
30562,70562,N/A
30563,70563,N/A
30564,70564,N/A
30565,70565,N/A
30566,70566,N/A
30567,70567,N/A
30568,70568,N/A
30569,70569,N/A
30570,70570,N/A
30571,70571,N/A
30572,70572,N/A
30573,70573,N/A
30574,70574,N/A
30575,70575,N/A
30576,70576,N/A
30577,70577,N/A
30578,70578,N/A
30579,70579,N/A
30580,70580,N/A
30581,70581,N/A
30582,70582,N/A
30583,70583,N/A
30584,70584,N/A
30585,70585,N/A
30586,70586,N/A
30587,70587,N/A
30588,70588,N/A
30589,70589,N/A
30590,70590,N/A
30591,70591,N/A
30592,70592,N/A
30593,70593,N/A
30594,70594,N/A
30595,70595,N/A
30596,70596,N/A
30597,70597,N/A
30598,70598,N/A
30599,70599,N/A
30600,70600,N/A
30601,70601,N/A
30602,70602,N/A
30603,70603,N/A
30604,70604,N/A
30605,70605,N/A
30606,70606,N/A
30607,70607,N/A
30608,70608,N/A
30609,70609,N/A
30610,70610,N/A
30611,70611,N/A
30612,70612,N/A
30613,70613,N/A
30614,70614,N/A
30615,70615,N/A
30616,70616,N/A
30617,70617,N/A
30618,70618,N/A
30619,70619,N/A
30620,70620,N/A
30621,70621,N/A
30622,70622,N/A
30623,70623,N/A
30624,70624,N/A
30625,70625,N/A
30626,70626,N/A
30627,70627,N/A
30628,70628,N/A
30629,70629,N/A
30630,70630,N/A
30631,70631,N/A
30632,70632,N/A
30633,70633,N/A
30634,70634,N/A
30635,70635,N/A
30636,70636,N/A
30637,70637,N/A
30638,70638,N/A
30639,70639,N/A
30640,70640,N/A
30641,70641,N/A
30642,70642,N/A
30643,70643,N/A
30644,70644,N/A
30645,70645,N/A
30646,70646,N/A
30647,70647,N/A
30648,70648,N/A
30649,70649,N/A
30650,70650,N/A
30651,70651,N/A
30652,70652,N/A
30653,70653,N/A
30654,70654,N/A
30655,70655,N/A
30656,70656,N/A
30657,70657,N/A
30658,70658,N/A
30659,70659,N/A
30660,70660,N/A
30661,70661,N/A
30662,70662,N/A
30663,70663,N/A
30664,70664,N/A
30665,70665,N/A
30666,70666,N/A
30667,70667,N/A
30668,70668,N/A
30669,70669,N/A
30670,70670,N/A
30671,70671,N/A
30672,70672,N/A
30673,70673,N/A
30674,70674,N/A
30675,70675,N/A
30676,70676,N/A
30677,70677,N/A
30678,70678,N/A
30679,70679,N/A
30680,70680,N/A
30681,70681,N/A
30682,70682,N/A
30683,70683,N/A
30684,70684,N/A
30685,70685,N/A
30686,70686,N/A
30687,70687,N/A
30688,70688,N/A
30689,70689,N/A
30690,70690,N/A
30691,70691,N/A
30692,70692,N/A
30693,70693,N/A
30694,70694,N/A
30695,70695,N/A
30696,70696,N/A
30697,70697,N/A
30698,70698,N/A
30699,70699,N/A
30700,70700,N/A
30701,70701,N/A
30702,70702,N/A
30703,70703,N/A
30704,70704,N/A
30705,70705,N/A
30706,70706,N/A
30707,70707,N/A
30708,70708,N/A
30709,70709,N/A
30710,70710,N/A
30711,70711,N/A
30712,70712,N/A
30713,70713,N/A
30714,70714,N/A
30715,70715,N/A
30716,70716,N/A
30717,70717,N/A
30718,70718,N/A
30719,70719,N/A
30720,70720,N/A
30721,70721,N/A
30722,70722,N/A
30723,70723,N/A
30724,70724,N/A
30725,70725,N/A
30726,70726,N/A
30727,70727,N/A
30728,70728,N/A
30729,70729,N/A
30730,70730,N/A
30731,70731,N/A
30732,70732,N/A
30733,70733,N/A
30734,70734,N/A
30735,70735,N/A
30736,70736,N/A
30737,70737,N/A
30738,70738,N/A
30739,70739,N/A
30740,70740,N/A
30741,70741,N/A
30742,70742,N/A
30743,70743,N/A
30744,70744,N/A
30745,70745,N/A
30746,70746,N/A
30747,70747,N/A
30748,70748,N/A
30749,70749,N/A
30750,70750,N/A
30751,70751,N/A
30752,70752,N/A
30753,70753,N/A
30754,70754,N/A
30755,70755,N/A
30756,70756,N/A
30757,70757,N/A
30758,70758,N/A
30759,70759,N/A
30760,70760,N/A
30761,70761,N/A
30762,70762,N/A
30763,70763,N/A
30764,70764,N/A
30765,70765,N/A
30766,70766,N/A
30767,70767,N/A
30768,70768,N/A
30769,70769,N/A
30770,70770,N/A
30771,70771,N/A
30772,70772,N/A
30773,70773,N/A
30774,70774,N/A
30775,70775,N/A
30776,70776,N/A
30777,70777,N/A
30778,70778,N/A
30779,70779,N/A
30780,70780,N/A
30781,70781,N/A
30782,70782,N/A
30783,70783,N/A
30784,70784,N/A
30785,70785,N/A
30786,70786,N/A
30787,70787,N/A
30788,70788,N/A
30789,70789,N/A
30790,70790,N/A
30791,70791,N/A
30792,70792,N/A
30793,70793,N/A
30794,70794,N/A
30795,70795,N/A
30796,70796,N/A
30797,70797,N/A
30798,70798,N/A
30799,70799,N/A
30800,70800,N/A
30801,70801,N/A
30802,70802,N/A
30803,70803,N/A
30804,70804,N/A
30805,70805,N/A
30806,70806,N/A
30807,70807,N/A
30808,70808,N/A
30809,70809,N/A
30810,70810,N/A
30811,70811,N/A
30812,70812,N/A
30813,70813,N/A
30814,70814,N/A
30815,70815,N/A
30816,70816,N/A
30817,70817,N/A
30818,70818,N/A
30819,70819,N/A
30820,70820,N/A
30821,70821,N/A
30822,70822,N/A
30823,70823,N/A
30824,70824,N/A
30825,70825,N/A
30826,70826,N/A
30827,70827,N/A
30828,70828,N/A
30829,70829,N/A
30830,70830,N/A
30831,70831,N/A
30832,70832,N/A
30833,70833,N/A
30834,70834,N/A
30835,70835,N/A
30836,70836,N/A
30837,70837,N/A
30838,70838,N/A
30839,70839,N/A
30840,70840,N/A
30841,70841,N/A
30842,70842,N/A
30843,70843,N/A
30844,70844,N/A
30845,70845,N/A
30846,70846,N/A
30847,70847,N/A
30848,70848,N/A
30849,70849,N/A
30850,70850,N/A
30851,70851,N/A
30852,70852,N/A
30853,70853,N/A
30854,70854,N/A
30855,70855,N/A
30856,70856,N/A
30857,70857,N/A
30858,70858,N/A
30859,70859,N/A
30860,70860,N/A
30861,70861,N/A
30862,70862,N/A
30863,70863,N/A
30864,70864,N/A
30865,70865,N/A
30866,70866,N/A
30867,70867,N/A
30868,70868,N/A
30869,70869,N/A
30870,70870,N/A
30871,70871,N/A
30872,70872,N/A
30873,70873,N/A
30874,70874,N/A
30875,70875,N/A
30876,70876,N/A
30877,70877,N/A
30878,70878,N/A
30879,70879,N/A
30880,70880,N/A
30881,70881,N/A
30882,70882,N/A
30883,70883,N/A
30884,70884,N/A
30885,70885,N/A
30886,70886,N/A
30887,70887,N/A
30888,70888,N/A
30889,70889,N/A
30890,70890,N/A
30891,70891,N/A
30892,70892,N/A
30893,70893,N/A
30894,70894,N/A
30895,70895,N/A
30896,70896,N/A
30897,70897,N/A
30898,70898,N/A
30899,70899,N/A
30900,70900,N/A
30901,70901,N/A
30902,70902,N/A
30903,70903,N/A
30904,70904,N/A
30905,70905,N/A
30906,70906,N/A
30907,70907,N/A
30908,70908,N/A
30909,70909,N/A
30910,70910,N/A
30911,70911,N/A
30912,70912,N/A
30913,70913,N/A
30914,70914,N/A
30915,70915,N/A
30916,70916,N/A
30917,70917,N/A
30918,70918,N/A
30919,70919,N/A
30920,70920,N/A
30921,70921,N/A
30922,70922,N/A
30923,70923,N/A
30924,70924,N/A
30925,70925,N/A
30926,70926,N/A
30927,70927,N/A
30928,70928,N/A
30929,70929,N/A
30930,70930,N/A
30931,70931,N/A
30932,70932,N/A
30933,70933,N/A
30934,70934,N/A
30935,70935,N/A
30936,70936,N/A
30937,70937,N/A
30938,70938,N/A
30939,70939,N/A
30940,70940,N/A
30941,70941,N/A
30942,70942,N/A
30943,70943,N/A
30944,70944,N/A
30945,70945,N/A
30946,70946,N/A
30947,70947,N/A
30948,70948,N/A
30949,70949,N/A
30950,70950,N/A
30951,70951,N/A
30952,70952,N/A
30953,70953,N/A
30954,70954,N/A
30955,70955,N/A
30956,70956,N/A
30957,70957,N/A
30958,70958,N/A
30959,70959,N/A
30960,70960,N/A
30961,70961,N/A
30962,70962,N/A
30963,70963,N/A
30964,70964,N/A
30965,70965,N/A
30966,70966,N/A
30967,70967,N/A
30968,70968,N/A
30969,70969,N/A
30970,70970,N/A
30971,70971,N/A
30972,70972,N/A
30973,70973,N/A
30974,70974,N/A
30975,70975,N/A
30976,70976,N/A
30977,70977,N/A
30978,70978,N/A
30979,70979,N/A
30980,70980,N/A
30981,70981,N/A
30982,70982,N/A
30983,70983,N/A
30984,70984,N/A
30985,70985,N/A
30986,70986,N/A
30987,70987,N/A
30988,70988,N/A
30989,70989,N/A
30990,70990,N/A
30991,70991,N/A
30992,70992,N/A
30993,70993,N/A
30994,70994,N/A
30995,70995,N/A
30996,70996,N/A
30997,70997,N/A
30998,70998,N/A
30999,70999,N/A
31000,71000,N/A
31001,71001,N/A
31002,71002,N/A
31003,71003,N/A
31004,71004,N/A
31005,71005,N/A
31006,71006,N/A
31007,71007,N/A
31008,71008,N/A
31009,71009,N/A
31010,71010,N/A
31011,71011,N/A
31012,71012,N/A
31013,71013,N/A
31014,71014,N/A
31015,71015,N/A
31016,71016,N/A
31017,71017,N/A
31018,71018,N/A
31019,71019,N/A
31020,71020,N/A
31021,71021,N/A
31022,71022,N/A
31023,71023,N/A
31024,71024,N/A
31025,71025,N/A
31026,71026,N/A
31027,71027,N/A
31028,71028,N/A
31029,71029,N/A
31030,71030,N/A
31031,71031,N/A
31032,71032,N/A
31033,71033,N/A
31034,71034,N/A
31035,71035,N/A
31036,71036,N/A
31037,71037,N/A
31038,71038,N/A
31039,71039,N/A
31040,71040,N/A
31041,71041,N/A
31042,71042,N/A
31043,71043,N/A
31044,71044,N/A
31045,71045,N/A
31046,71046,N/A
31047,71047,N/A
31048,71048,N/A
31049,71049,N/A
31050,71050,N/A
31051,71051,N/A
31052,71052,N/A
31053,71053,N/A
31054,71054,N/A
31055,71055,N/A
31056,71056,N/A
31057,71057,N/A
31058,71058,N/A
31059,71059,N/A
31060,71060,N/A
31061,71061,N/A
31062,71062,N/A
31063,71063,N/A
31064,71064,N/A
31065,71065,N/A
31066,71066,N/A
31067,71067,N/A
31068,71068,N/A
31069,71069,N/A
31070,71070,N/A
31071,71071,N/A
31072,71072,N/A
31073,71073,N/A
31074,71074,N/A
31075,71075,N/A
31076,71076,N/A
31077,71077,N/A
31078,71078,N/A
31079,71079,N/A
31080,71080,N/A
31081,71081,N/A
31082,71082,N/A
31083,71083,N/A
31084,71084,N/A
31085,71085,N/A
31086,71086,N/A
31087,71087,N/A
31088,71088,N/A
31089,71089,N/A
31090,71090,N/A
31091,71091,N/A
31092,71092,N/A
31093,71093,N/A
31094,71094,N/A
31095,71095,N/A
31096,71096,N/A
31097,71097,N/A
31098,71098,N/A
31099,71099,N/A
31100,71100,N/A
31101,71101,N/A
31102,71102,N/A
31103,71103,N/A
31104,71104,N/A
31105,71105,N/A
31106,71106,N/A
31107,71107,N/A
31108,71108,N/A
31109,71109,N/A
31110,71110,N/A
31111,71111,N/A
31112,71112,N/A
31113,71113,N/A
31114,71114,N/A
31115,71115,N/A
31116,71116,N/A
31117,71117,N/A
31118,71118,N/A
31119,71119,N/A
31120,71120,N/A
31121,71121,N/A
31122,71122,N/A
31123,71123,N/A
31124,71124,N/A
31125,71125,N/A
31126,71126,N/A
31127,71127,N/A
31128,71128,N/A
31129,71129,N/A
31130,71130,N/A
31131,71131,N/A
31132,71132,N/A
31133,71133,N/A
31134,71134,N/A
31135,71135,N/A
31136,71136,N/A
31137,71137,N/A
31138,71138,N/A
31139,71139,N/A
31140,71140,N/A
31141,71141,N/A
31142,71142,N/A
31143,71143,N/A
31144,71144,N/A
31145,71145,N/A
31146,71146,N/A
31147,71147,N/A
31148,71148,N/A
31149,71149,N/A
31150,71150,N/A
31151,71151,N/A
31152,71152,N/A
31153,71153,N/A
31154,71154,N/A
31155,71155,N/A
31156,71156,N/A
31157,71157,N/A
31158,71158,N/A
31159,71159,N/A
31160,71160,N/A
31161,71161,N/A
31162,71162,N/A
31163,71163,N/A
31164,71164,N/A
31165,71165,N/A
31166,71166,N/A
31167,71167,N/A
31168,71168,N/A
31169,71169,N/A
31170,71170,N/A
31171,71171,N/A
31172,71172,N/A
31173,71173,N/A
31174,71174,N/A
31175,71175,N/A
31176,71176,N/A
31177,71177,N/A
31178,71178,N/A
31179,71179,N/A
31180,71180,N/A
31181,71181,N/A
31182,71182,N/A
31183,71183,N/A
31184,71184,N/A
31185,71185,N/A
31186,71186,N/A
31187,71187,N/A
31188,71188,N/A
31189,71189,N/A
31190,71190,N/A
31191,71191,N/A
31192,71192,N/A
31193,71193,N/A
31194,71194,N/A
31195,71195,N/A
31196,71196,N/A
31197,71197,N/A
31198,71198,N/A
31199,71199,N/A
31200,71200,N/A
31201,71201,N/A
31202,71202,N/A
31203,71203,N/A
31204,71204,N/A
31205,71205,N/A
31206,71206,N/A
31207,71207,N/A
31208,71208,N/A
31209,71209,N/A
31210,71210,N/A
31211,71211,N/A
31212,71212,N/A
31213,71213,N/A
31214,71214,N/A
31215,71215,N/A
31216,71216,N/A
31217,71217,N/A
31218,71218,N/A
31219,71219,N/A
31220,71220,N/A
31221,71221,N/A
31222,71222,N/A
31223,71223,N/A
31224,71224,N/A
31225,71225,N/A
31226,71226,N/A
31227,71227,N/A
31228,71228,N/A
31229,71229,N/A
31230,71230,N/A
31231,71231,N/A
31232,71232,N/A
31233,71233,N/A
31234,71234,N/A
31235,71235,N/A
31236,71236,N/A
31237,71237,N/A
31238,71238,N/A
31239,71239,N/A
31240,71240,N/A
31241,71241,N/A
31242,71242,N/A
31243,71243,N/A
31244,71244,N/A
31245,71245,N/A
31246,71246,N/A
31247,71247,N/A
31248,71248,N/A
31249,71249,N/A
31250,71250,N/A
31251,71251,N/A
31252,71252,N/A
31253,71253,N/A
31254,71254,N/A
31255,71255,N/A
31256,71256,N/A
31257,71257,N/A
31258,71258,N/A
31259,71259,N/A
31260,71260,N/A
31261,71261,N/A
31262,71262,N/A
31263,71263,N/A
31264,71264,N/A
31265,71265,N/A
31266,71266,N/A
31267,71267,N/A
31268,71268,N/A
31269,71269,N/A
31270,71270,N/A
31271,71271,N/A
31272,71272,N/A
31273,71273,N/A
31274,71274,N/A
31275,71275,N/A
31276,71276,N/A
31277,71277,N/A
31278,71278,N/A
31279,71279,N/A
31280,71280,N/A
31281,71281,N/A
31282,71282,N/A
31283,71283,N/A
31284,71284,N/A
31285,71285,N/A
31286,71286,N/A
31287,71287,N/A
31288,71288,N/A
31289,71289,N/A
31290,71290,N/A
31291,71291,N/A
31292,71292,N/A
31293,71293,N/A
31294,71294,N/A
31295,71295,N/A
31296,71296,N/A
31297,71297,N/A
31298,71298,N/A
31299,71299,N/A
31300,71300,N/A
31301,71301,N/A
31302,71302,N/A
31303,71303,N/A
31304,71304,N/A
31305,71305,N/A
31306,71306,N/A
31307,71307,N/A
31308,71308,N/A
31309,71309,N/A
31310,71310,N/A
31311,71311,N/A
31312,71312,N/A
31313,71313,N/A
31314,71314,N/A
31315,71315,N/A
31316,71316,N/A
31317,71317,N/A
31318,71318,N/A
31319,71319,N/A
31320,71320,N/A
31321,71321,N/A
31322,71322,N/A
31323,71323,N/A
31324,71324,N/A
31325,71325,N/A
31326,71326,N/A
31327,71327,N/A
31328,71328,N/A
31329,71329,N/A
31330,71330,N/A
31331,71331,N/A
31332,71332,N/A
31333,71333,N/A
31334,71334,N/A
31335,71335,N/A
31336,71336,N/A
31337,71337,N/A
31338,71338,N/A
31339,71339,N/A
31340,71340,N/A
31341,71341,N/A
31342,71342,N/A
31343,71343,N/A
31344,71344,N/A
31345,71345,N/A
31346,71346,N/A
31347,71347,N/A
31348,71348,N/A
31349,71349,N/A
31350,71350,N/A
31351,71351,N/A
31352,71352,N/A
31353,71353,N/A
31354,71354,N/A
31355,71355,N/A
31356,71356,N/A
31357,71357,N/A
31358,71358,N/A
31359,71359,N/A
31360,71360,N/A
31361,71361,N/A
31362,71362,N/A
31363,71363,N/A
31364,71364,N/A
31365,71365,N/A
31366,71366,N/A
31367,71367,N/A
31368,71368,N/A
31369,71369,N/A
31370,71370,N/A
31371,71371,N/A
31372,71372,N/A
31373,71373,N/A
31374,71374,N/A
31375,71375,N/A
31376,71376,N/A
31377,71377,N/A
31378,71378,N/A
31379,71379,N/A
31380,71380,N/A
31381,71381,N/A
31382,71382,N/A
31383,71383,N/A
31384,71384,N/A
31385,71385,N/A
31386,71386,N/A
31387,71387,N/A
31388,71388,N/A
31389,71389,N/A
31390,71390,N/A
31391,71391,N/A
31392,71392,N/A
31393,71393,N/A
31394,71394,N/A
31395,71395,N/A
31396,71396,N/A
31397,71397,N/A
31398,71398,N/A
31399,71399,N/A
31400,71400,N/A
31401,71401,N/A
31402,71402,N/A
31403,71403,N/A
31404,71404,N/A
31405,71405,N/A
31406,71406,N/A
31407,71407,N/A
31408,71408,N/A
31409,71409,N/A
31410,71410,N/A
31411,71411,N/A
31412,71412,N/A
31413,71413,N/A
31414,71414,N/A
31415,71415,N/A
31416,71416,N/A
31417,71417,N/A
31418,71418,N/A
31419,71419,N/A
31420,71420,N/A
31421,71421,N/A
31422,71422,N/A
31423,71423,N/A
31424,71424,N/A
31425,71425,N/A
31426,71426,N/A
31427,71427,N/A
31428,71428,N/A
31429,71429,N/A
31430,71430,N/A
31431,71431,N/A
31432,71432,N/A
31433,71433,N/A
31434,71434,N/A
31435,71435,N/A
31436,71436,N/A
31437,71437,N/A
31438,71438,N/A
31439,71439,N/A
31440,71440,N/A
31441,71441,N/A
31442,71442,N/A
31443,71443,N/A
31444,71444,N/A
31445,71445,N/A
31446,71446,N/A
31447,71447,N/A
31448,71448,N/A
31449,71449,N/A
31450,71450,N/A
31451,71451,N/A
31452,71452,N/A
31453,71453,N/A
31454,71454,N/A
31455,71455,N/A
31456,71456,N/A
31457,71457,N/A
31458,71458,N/A
31459,71459,N/A
31460,71460,N/A
31461,71461,N/A
31462,71462,N/A
31463,71463,N/A
31464,71464,N/A
31465,71465,N/A
31466,71466,N/A
31467,71467,N/A
31468,71468,N/A
31469,71469,N/A
31470,71470,N/A
31471,71471,N/A
31472,71472,N/A
31473,71473,N/A
31474,71474,N/A
31475,71475,N/A
31476,71476,N/A
31477,71477,N/A
31478,71478,N/A
31479,71479,N/A
31480,71480,N/A
31481,71481,N/A
31482,71482,N/A
31483,71483,N/A
31484,71484,N/A
31485,71485,N/A
31486,71486,N/A
31487,71487,N/A
31488,71488,N/A
31489,71489,N/A
31490,71490,N/A
31491,71491,N/A
31492,71492,N/A
31493,71493,N/A
31494,71494,N/A
31495,71495,N/A
31496,71496,N/A
31497,71497,N/A
31498,71498,N/A
31499,71499,N/A
31500,71500,N/A
31501,71501,N/A
31502,71502,N/A
31503,71503,N/A
31504,71504,N/A
31505,71505,N/A
31506,71506,N/A
31507,71507,N/A
31508,71508,N/A
31509,71509,N/A
31510,71510,N/A
31511,71511,N/A
31512,71512,N/A
31513,71513,N/A
31514,71514,N/A
31515,71515,N/A
31516,71516,N/A
31517,71517,N/A
31518,71518,N/A
31519,71519,N/A
31520,71520,N/A
31521,71521,N/A
31522,71522,N/A
31523,71523,N/A
31524,71524,N/A
31525,71525,N/A
31526,71526,N/A
31527,71527,N/A
31528,71528,N/A
31529,71529,N/A
31530,71530,N/A
31531,71531,N/A
31532,71532,N/A
31533,71533,N/A
31534,71534,N/A
31535,71535,N/A
31536,71536,N/A
31537,71537,N/A
31538,71538,N/A
31539,71539,N/A
31540,71540,N/A
31541,71541,N/A
31542,71542,N/A
31543,71543,N/A
31544,71544,N/A
31545,71545,N/A
31546,71546,N/A
31547,71547,N/A
31548,71548,N/A
31549,71549,N/A
31550,71550,N/A
31551,71551,N/A
31552,71552,N/A
31553,71553,N/A
31554,71554,N/A
31555,71555,N/A
31556,71556,N/A
31557,71557,N/A
31558,71558,N/A
31559,71559,N/A
31560,71560,N/A
31561,71561,N/A
31562,71562,N/A
31563,71563,N/A
31564,71564,N/A
31565,71565,N/A
31566,71566,N/A
31567,71567,N/A
31568,71568,N/A
31569,71569,N/A
31570,71570,N/A
31571,71571,N/A
31572,71572,N/A
31573,71573,N/A
31574,71574,N/A
31575,71575,N/A
31576,71576,N/A
31577,71577,N/A
31578,71578,N/A
31579,71579,N/A
31580,71580,N/A
31581,71581,N/A
31582,71582,N/A
31583,71583,N/A
31584,71584,N/A
31585,71585,N/A
31586,71586,N/A
31587,71587,N/A
31588,71588,N/A
31589,71589,N/A
31590,71590,N/A
31591,71591,N/A
31592,71592,N/A
31593,71593,N/A
31594,71594,N/A
31595,71595,N/A
31596,71596,N/A
31597,71597,N/A
31598,71598,N/A
31599,71599,N/A
31600,71600,N/A
31601,71601,N/A
31602,71602,N/A
31603,71603,N/A
31604,71604,N/A
31605,71605,N/A
31606,71606,N/A
31607,71607,N/A
31608,71608,N/A
31609,71609,N/A
31610,71610,N/A
31611,71611,N/A
31612,71612,N/A
31613,71613,N/A
31614,71614,N/A
31615,71615,N/A
31616,71616,N/A
31617,71617,N/A
31618,71618,N/A
31619,71619,N/A
31620,71620,N/A
31621,71621,N/A
31622,71622,N/A
31623,71623,N/A
31624,71624,N/A
31625,71625,N/A
31626,71626,N/A
31627,71627,N/A
31628,71628,N/A
31629,71629,N/A
31630,71630,N/A
31631,71631,N/A
31632,71632,N/A
31633,71633,N/A
31634,71634,N/A
31635,71635,N/A
31636,71636,N/A
31637,71637,N/A
31638,71638,N/A
31639,71639,N/A
31640,71640,N/A
31641,71641,N/A
31642,71642,N/A
31643,71643,N/A
31644,71644,N/A
31645,71645,N/A
31646,71646,N/A
31647,71647,N/A
31648,71648,N/A
31649,71649,N/A
31650,71650,N/A
31651,71651,N/A
31652,71652,N/A
31653,71653,N/A
31654,71654,N/A
31655,71655,N/A
31656,71656,N/A
31657,71657,N/A
31658,71658,N/A
31659,71659,N/A
31660,71660,N/A
31661,71661,N/A
31662,71662,N/A
31663,71663,N/A
31664,71664,N/A
31665,71665,N/A
31666,71666,N/A
31667,71667,N/A
31668,71668,N/A
31669,71669,N/A
31670,71670,N/A
31671,71671,N/A
31672,71672,N/A
31673,71673,N/A
31674,71674,N/A
31675,71675,N/A
31676,71676,N/A
31677,71677,N/A
31678,71678,N/A
31679,71679,N/A
31680,71680,N/A
31681,71681,N/A
31682,71682,N/A
31683,71683,N/A
31684,71684,N/A
31685,71685,N/A
31686,71686,N/A
31687,71687,N/A
31688,71688,N/A
31689,71689,N/A
31690,71690,N/A
31691,71691,N/A
31692,71692,N/A
31693,71693,N/A
31694,71694,N/A
31695,71695,N/A
31696,71696,N/A
31697,71697,N/A
31698,71698,N/A
31699,71699,N/A
31700,71700,N/A
31701,71701,N/A
31702,71702,N/A
31703,71703,N/A
31704,71704,N/A
31705,71705,N/A
31706,71706,N/A
31707,71707,N/A
31708,71708,N/A
31709,71709,N/A
31710,71710,N/A
31711,71711,N/A
31712,71712,N/A
31713,71713,N/A
31714,71714,N/A
31715,71715,N/A
31716,71716,N/A
31717,71717,N/A
31718,71718,N/A
31719,71719,N/A
31720,71720,N/A
31721,71721,N/A
31722,71722,N/A
31723,71723,N/A
31724,71724,N/A
31725,71725,N/A
31726,71726,N/A
31727,71727,N/A
31728,71728,N/A
31729,71729,N/A
31730,71730,N/A
31731,71731,N/A
31732,71732,N/A
31733,71733,N/A
31734,71734,N/A
31735,71735,N/A
31736,71736,N/A
31737,71737,N/A
31738,71738,N/A
31739,71739,N/A
31740,71740,N/A
31741,71741,N/A
31742,71742,N/A
31743,71743,N/A
31744,71744,N/A
31745,71745,N/A
31746,71746,N/A
31747,71747,N/A
31748,71748,N/A
31749,71749,N/A
31750,71750,N/A
31751,71751,N/A
31752,71752,N/A
31753,71753,N/A
31754,71754,N/A
31755,71755,N/A
31756,71756,N/A
31757,71757,N/A
31758,71758,N/A
31759,71759,N/A
31760,71760,N/A
31761,71761,N/A
31762,71762,N/A
31763,71763,N/A
31764,71764,N/A
31765,71765,N/A
31766,71766,N/A
31767,71767,N/A
31768,71768,N/A
31769,71769,N/A
31770,71770,N/A
31771,71771,N/A
31772,71772,N/A
31773,71773,N/A
31774,71774,N/A
31775,71775,N/A
31776,71776,N/A
31777,71777,N/A
31778,71778,N/A
31779,71779,N/A
31780,71780,N/A
31781,71781,N/A
31782,71782,N/A
31783,71783,N/A
31784,71784,N/A
31785,71785,N/A
31786,71786,N/A
31787,71787,N/A
31788,71788,N/A
31789,71789,N/A
31790,71790,N/A
31791,71791,N/A
31792,71792,N/A
31793,71793,N/A
31794,71794,N/A
31795,71795,N/A
31796,71796,N/A
31797,71797,N/A
31798,71798,N/A
31799,71799,N/A
31800,71800,N/A
31801,71801,N/A
31802,71802,N/A
31803,71803,N/A
31804,71804,N/A
31805,71805,N/A
31806,71806,N/A
31807,71807,N/A
31808,71808,N/A
31809,71809,N/A
31810,71810,N/A
31811,71811,N/A
31812,71812,N/A
31813,71813,N/A
31814,71814,N/A
31815,71815,N/A
31816,71816,N/A
31817,71817,N/A
31818,71818,N/A
31819,71819,N/A
31820,71820,N/A
31821,71821,N/A
31822,71822,N/A
31823,71823,N/A
31824,71824,N/A
31825,71825,N/A
31826,71826,N/A
31827,71827,N/A
31828,71828,N/A
31829,71829,N/A
31830,71830,N/A
31831,71831,N/A
31832,71832,N/A
31833,71833,N/A
31834,71834,N/A
31835,71835,N/A
31836,71836,N/A
31837,71837,N/A
31838,71838,N/A
31839,71839,N/A
31840,71840,N/A
31841,71841,N/A
31842,71842,N/A
31843,71843,N/A
31844,71844,N/A
31845,71845,N/A
31846,71846,N/A
31847,71847,N/A
31848,71848,N/A
31849,71849,N/A
31850,71850,N/A
31851,71851,N/A
31852,71852,N/A
31853,71853,N/A
31854,71854,N/A
31855,71855,N/A
31856,71856,N/A
31857,71857,N/A
31858,71858,N/A
31859,71859,N/A
31860,71860,N/A
31861,71861,N/A
31862,71862,N/A
31863,71863,N/A
31864,71864,N/A
31865,71865,N/A
31866,71866,N/A
31867,71867,N/A
31868,71868,N/A
31869,71869,N/A
31870,71870,N/A
31871,71871,N/A
31872,71872,N/A
31873,71873,N/A
31874,71874,N/A
31875,71875,N/A
31876,71876,N/A
31877,71877,N/A
31878,71878,N/A
31879,71879,N/A
31880,71880,N/A
31881,71881,N/A
31882,71882,N/A
31883,71883,N/A
31884,71884,N/A
31885,71885,N/A
31886,71886,N/A
31887,71887,N/A
31888,71888,N/A
31889,71889,N/A
31890,71890,N/A
31891,71891,N/A
31892,71892,N/A
31893,71893,N/A
31894,71894,N/A
31895,71895,N/A
31896,71896,N/A
31897,71897,N/A
31898,71898,N/A
31899,71899,N/A
31900,71900,N/A
31901,71901,N/A
31902,71902,N/A
31903,71903,N/A
31904,71904,N/A
31905,71905,N/A
31906,71906,N/A
31907,71907,N/A
31908,71908,N/A
31909,71909,N/A
31910,71910,N/A
31911,71911,N/A
31912,71912,N/A
31913,71913,N/A
31914,71914,N/A
31915,71915,N/A
31916,71916,N/A
31917,71917,N/A
31918,71918,N/A
31919,71919,N/A
31920,71920,N/A
31921,71921,N/A
31922,71922,N/A
31923,71923,N/A
31924,71924,N/A
31925,71925,N/A
31926,71926,N/A
31927,71927,N/A
31928,71928,N/A
31929,71929,N/A
31930,71930,N/A
31931,71931,N/A
31932,71932,N/A
31933,71933,N/A
31934,71934,N/A
31935,71935,N/A
31936,71936,N/A
31937,71937,N/A
31938,71938,N/A
31939,71939,N/A
31940,71940,N/A
31941,71941,N/A
31942,71942,N/A
31943,71943,N/A
31944,71944,N/A
31945,71945,N/A
31946,71946,N/A
31947,71947,N/A
31948,71948,N/A
31949,71949,N/A
31950,71950,N/A
31951,71951,N/A
31952,71952,N/A
31953,71953,N/A
31954,71954,N/A
31955,71955,N/A
31956,71956,N/A
31957,71957,N/A
31958,71958,N/A
31959,71959,N/A
31960,71960,N/A
31961,71961,N/A
31962,71962,N/A
31963,71963,N/A
31964,71964,N/A
31965,71965,N/A
31966,71966,N/A
31967,71967,N/A
31968,71968,N/A
31969,71969,N/A
31970,71970,N/A
31971,71971,N/A
31972,71972,N/A
31973,71973,N/A
31974,71974,N/A
31975,71975,N/A
31976,71976,N/A
31977,71977,N/A
31978,71978,N/A
31979,71979,N/A
31980,71980,N/A
31981,71981,N/A
31982,71982,N/A
31983,71983,N/A
31984,71984,N/A
31985,71985,N/A
31986,71986,N/A
31987,71987,N/A
31988,71988,N/A
31989,71989,N/A
31990,71990,N/A
31991,71991,N/A
31992,71992,N/A
31993,71993,N/A
31994,71994,N/A
31995,71995,N/A
31996,71996,N/A
31997,71997,N/A
31998,71998,N/A
31999,71999,N/A
32000,72000,N/A
32001,72001,N/A
32002,72002,N/A
32003,72003,N/A
32004,72004,N/A
32005,72005,N/A
32006,72006,N/A
32007,72007,N/A
32008,72008,N/A
32009,72009,N/A
32010,72010,N/A
32011,72011,N/A
32012,72012,N/A
32013,72013,N/A
32014,72014,N/A
32015,72015,N/A
32016,72016,N/A
32017,72017,N/A
32018,72018,N/A
32019,72019,N/A
32020,72020,N/A
32021,72021,N/A
32022,72022,N/A
32023,72023,N/A
32024,72024,N/A
32025,72025,N/A
32026,72026,N/A
32027,72027,N/A
32028,72028,N/A
32029,72029,N/A
32030,72030,N/A
32031,72031,N/A
32032,72032,N/A
32033,72033,N/A
32034,72034,N/A
32035,72035,N/A
32036,72036,N/A
32037,72037,N/A
32038,72038,N/A
32039,72039,N/A
32040,72040,N/A
32041,72041,N/A
32042,72042,N/A
32043,72043,N/A
32044,72044,N/A
32045,72045,N/A
32046,72046,N/A
32047,72047,N/A
32048,72048,N/A
32049,72049,N/A
32050,72050,N/A
32051,72051,N/A
32052,72052,N/A
32053,72053,N/A
32054,72054,N/A
32055,72055,N/A
32056,72056,N/A
32057,72057,N/A
32058,72058,N/A
32059,72059,N/A
32060,72060,N/A
32061,72061,N/A
32062,72062,N/A
32063,72063,N/A
32064,72064,N/A
32065,72065,N/A
32066,72066,N/A
32067,72067,N/A
32068,72068,N/A
32069,72069,N/A
32070,72070,N/A
32071,72071,N/A
32072,72072,N/A
32073,72073,N/A
32074,72074,N/A
32075,72075,N/A
32076,72076,N/A
32077,72077,N/A
32078,72078,N/A
32079,72079,N/A
32080,72080,N/A
32081,72081,N/A
32082,72082,N/A
32083,72083,N/A
32084,72084,N/A
32085,72085,N/A
32086,72086,N/A
32087,72087,N/A
32088,72088,N/A
32089,72089,N/A
32090,72090,N/A
32091,72091,N/A
32092,72092,N/A
32093,72093,N/A
32094,72094,N/A
32095,72095,N/A
32096,72096,N/A
32097,72097,N/A
32098,72098,N/A
32099,72099,N/A
32100,72100,N/A
32101,72101,N/A
32102,72102,N/A
32103,72103,N/A
32104,72104,N/A
32105,72105,N/A
32106,72106,N/A
32107,72107,N/A
32108,72108,N/A
32109,72109,N/A
32110,72110,N/A
32111,72111,N/A
32112,72112,N/A
32113,72113,N/A
32114,72114,N/A
32115,72115,N/A
32116,72116,N/A
32117,72117,N/A
32118,72118,N/A
32119,72119,N/A
32120,72120,N/A
32121,72121,N/A
32122,72122,N/A
32123,72123,N/A
32124,72124,N/A
32125,72125,N/A
32126,72126,N/A
32127,72127,N/A
32128,72128,N/A
32129,72129,N/A
32130,72130,N/A
32131,72131,N/A
32132,72132,N/A
32133,72133,N/A
32134,72134,N/A
32135,72135,N/A
32136,72136,N/A
32137,72137,N/A
32138,72138,N/A
32139,72139,N/A
32140,72140,N/A
32141,72141,N/A
32142,72142,N/A
32143,72143,N/A
32144,72144,N/A
32145,72145,N/A
32146,72146,N/A
32147,72147,N/A
32148,72148,N/A
32149,72149,N/A
32150,72150,N/A
32151,72151,N/A
32152,72152,N/A
32153,72153,N/A
32154,72154,N/A
32155,72155,N/A
32156,72156,N/A
32157,72157,N/A
32158,72158,N/A
32159,72159,N/A
32160,72160,N/A
32161,72161,N/A
32162,72162,N/A
32163,72163,N/A
32164,72164,N/A
32165,72165,N/A
32166,72166,N/A
32167,72167,N/A
32168,72168,N/A
32169,72169,N/A
32170,72170,N/A
32171,72171,N/A
32172,72172,N/A
32173,72173,N/A
32174,72174,N/A
32175,72175,N/A
32176,72176,N/A
32177,72177,N/A
32178,72178,N/A
32179,72179,N/A
32180,72180,N/A
32181,72181,N/A
32182,72182,N/A
32183,72183,N/A
32184,72184,N/A
32185,72185,N/A
32186,72186,N/A
32187,72187,N/A
32188,72188,N/A
32189,72189,N/A
32190,72190,N/A
32191,72191,N/A
32192,72192,N/A
32193,72193,N/A
32194,72194,N/A
32195,72195,N/A
32196,72196,N/A
32197,72197,N/A
32198,72198,N/A
32199,72199,N/A
32200,72200,N/A
32201,72201,N/A
32202,72202,N/A
32203,72203,N/A
32204,72204,N/A
32205,72205,N/A
32206,72206,N/A
32207,72207,N/A
32208,72208,N/A
32209,72209,N/A
32210,72210,N/A
32211,72211,N/A
32212,72212,N/A
32213,72213,N/A
32214,72214,N/A
32215,72215,N/A
32216,72216,N/A
32217,72217,N/A
32218,72218,N/A
32219,72219,N/A
32220,72220,N/A
32221,72221,N/A
32222,72222,N/A
32223,72223,N/A
32224,72224,N/A
32225,72225,N/A
32226,72226,N/A
32227,72227,N/A
32228,72228,N/A
32229,72229,N/A
32230,72230,N/A
32231,72231,N/A
32232,72232,N/A
32233,72233,N/A
32234,72234,N/A
32235,72235,N/A
32236,72236,N/A
32237,72237,N/A
32238,72238,N/A
32239,72239,N/A
32240,72240,N/A
32241,72241,N/A
32242,72242,N/A
32243,72243,N/A
32244,72244,N/A
32245,72245,N/A
32246,72246,N/A
32247,72247,N/A
32248,72248,N/A
32249,72249,N/A
32250,72250,N/A
32251,72251,N/A
32252,72252,N/A
32253,72253,N/A
32254,72254,N/A
32255,72255,N/A
32256,72256,N/A
32257,72257,N/A
32258,72258,N/A
32259,72259,N/A
32260,72260,N/A
32261,72261,N/A
32262,72262,N/A
32263,72263,N/A
32264,72264,N/A
32265,72265,N/A
32266,72266,N/A
32267,72267,N/A
32268,72268,N/A
32269,72269,N/A
32270,72270,N/A
32271,72271,N/A
32272,72272,N/A
32273,72273,N/A
32274,72274,N/A
32275,72275,N/A
32276,72276,N/A
32277,72277,N/A
32278,72278,N/A
32279,72279,N/A
32280,72280,N/A
32281,72281,N/A
32282,72282,N/A
32283,72283,N/A
32284,72284,N/A
32285,72285,N/A
32286,72286,N/A
32287,72287,N/A
32288,72288,N/A
32289,72289,N/A
32290,72290,N/A
32291,72291,N/A
32292,72292,N/A
32293,72293,N/A
32294,72294,N/A
32295,72295,N/A
32296,72296,N/A
32297,72297,N/A
32298,72298,N/A
32299,72299,N/A
32300,72300,N/A
32301,72301,N/A
32302,72302,N/A
32303,72303,N/A
32304,72304,N/A
32305,72305,N/A
32306,72306,N/A
32307,72307,N/A
32308,72308,N/A
32309,72309,N/A
32310,72310,N/A
32311,72311,N/A
32312,72312,N/A
32313,72313,N/A
32314,72314,N/A
32315,72315,N/A
32316,72316,N/A
32317,72317,N/A
32318,72318,N/A
32319,72319,N/A
32320,72320,N/A
32321,72321,N/A
32322,72322,N/A
32323,72323,N/A
32324,72324,N/A
32325,72325,N/A
32326,72326,N/A
32327,72327,N/A
32328,72328,N/A
32329,72329,N/A
32330,72330,N/A
32331,72331,N/A
32332,72332,N/A
32333,72333,N/A
32334,72334,N/A
32335,72335,N/A
32336,72336,N/A
32337,72337,N/A
32338,72338,N/A
32339,72339,N/A
32340,72340,N/A
32341,72341,N/A
32342,72342,N/A
32343,72343,N/A
32344,72344,N/A
32345,72345,N/A
32346,72346,N/A
32347,72347,N/A
32348,72348,N/A
32349,72349,N/A
32350,72350,N/A
32351,72351,N/A
32352,72352,N/A
32353,72353,N/A
32354,72354,N/A
32355,72355,N/A
32356,72356,N/A
32357,72357,N/A
32358,72358,N/A
32359,72359,N/A
32360,72360,N/A
32361,72361,N/A
32362,72362,N/A
32363,72363,N/A
32364,72364,N/A
32365,72365,N/A
32366,72366,N/A
32367,72367,N/A
32368,72368,N/A
32369,72369,N/A
32370,72370,N/A
32371,72371,N/A
32372,72372,N/A
32373,72373,N/A
32374,72374,N/A
32375,72375,N/A
32376,72376,N/A
32377,72377,N/A
32378,72378,N/A
32379,72379,N/A
32380,72380,N/A
32381,72381,N/A
32382,72382,N/A
32383,72383,N/A
32384,72384,N/A
32385,72385,N/A
32386,72386,N/A
32387,72387,N/A
32388,72388,N/A
32389,72389,N/A
32390,72390,N/A
32391,72391,N/A
32392,72392,N/A
32393,72393,N/A
32394,72394,N/A
32395,72395,N/A
32396,72396,N/A
32397,72397,N/A
32398,72398,N/A
32399,72399,N/A
32400,72400,N/A
32401,72401,N/A
32402,72402,N/A
32403,72403,N/A
32404,72404,N/A
32405,72405,N/A
32406,72406,N/A
32407,72407,N/A
32408,72408,N/A
32409,72409,N/A
32410,72410,N/A
32411,72411,N/A
32412,72412,N/A
32413,72413,N/A
32414,72414,N/A
32415,72415,N/A
32416,72416,N/A
32417,72417,N/A
32418,72418,N/A
32419,72419,N/A
32420,72420,N/A
32421,72421,N/A
32422,72422,N/A
32423,72423,N/A
32424,72424,N/A
32425,72425,N/A
32426,72426,N/A
32427,72427,N/A
32428,72428,N/A
32429,72429,N/A
32430,72430,N/A
32431,72431,N/A
32432,72432,N/A
32433,72433,N/A
32434,72434,N/A
32435,72435,N/A
32436,72436,N/A
32437,72437,N/A
32438,72438,N/A
32439,72439,N/A
32440,72440,N/A
32441,72441,N/A
32442,72442,N/A
32443,72443,N/A
32444,72444,N/A
32445,72445,N/A
32446,72446,N/A
32447,72447,N/A
32448,72448,N/A
32449,72449,N/A
32450,72450,N/A
32451,72451,N/A
32452,72452,N/A
32453,72453,N/A
32454,72454,N/A
32455,72455,N/A
32456,72456,N/A
32457,72457,N/A
32458,72458,N/A
32459,72459,N/A
32460,72460,N/A
32461,72461,N/A
32462,72462,N/A
32463,72463,N/A
32464,72464,N/A
32465,72465,N/A
32466,72466,N/A
32467,72467,N/A
32468,72468,N/A
32469,72469,N/A
32470,72470,N/A
32471,72471,N/A
32472,72472,N/A
32473,72473,N/A
32474,72474,N/A
32475,72475,N/A
32476,72476,N/A
32477,72477,N/A
32478,72478,N/A
32479,72479,N/A
32480,72480,N/A
32481,72481,N/A
32482,72482,N/A
32483,72483,N/A
32484,72484,N/A
32485,72485,N/A
32486,72486,N/A
32487,72487,N/A
32488,72488,N/A
32489,72489,N/A
32490,72490,N/A
32491,72491,N/A
32492,72492,N/A
32493,72493,N/A
32494,72494,N/A
32495,72495,N/A
32496,72496,N/A
32497,72497,N/A
32498,72498,N/A
32499,72499,N/A
32500,72500,N/A
32501,72501,N/A
32502,72502,N/A
32503,72503,N/A
32504,72504,N/A
32505,72505,N/A
32506,72506,N/A
32507,72507,N/A
32508,72508,N/A
32509,72509,N/A
32510,72510,N/A
32511,72511,N/A
32512,72512,N/A
32513,72513,N/A
32514,72514,N/A
32515,72515,N/A
32516,72516,N/A
32517,72517,N/A
32518,72518,N/A
32519,72519,N/A
32520,72520,N/A
32521,72521,N/A
32522,72522,N/A
32523,72523,N/A
32524,72524,N/A
32525,72525,N/A
32526,72526,N/A
32527,72527,N/A
32528,72528,N/A
32529,72529,N/A
32530,72530,N/A
32531,72531,N/A
32532,72532,N/A
32533,72533,N/A
32534,72534,N/A
32535,72535,N/A
32536,72536,N/A
32537,72537,N/A
32538,72538,N/A
32539,72539,N/A
32540,72540,N/A
32541,72541,N/A
32542,72542,N/A
32543,72543,N/A
32544,72544,N/A
32545,72545,N/A
32546,72546,N/A
32547,72547,N/A
32548,72548,N/A
32549,72549,N/A
32550,72550,N/A
32551,72551,N/A
32552,72552,N/A
32553,72553,N/A
32554,72554,N/A
32555,72555,N/A
32556,72556,N/A
32557,72557,N/A
32558,72558,N/A
32559,72559,N/A
32560,72560,N/A
32561,72561,N/A
32562,72562,N/A
32563,72563,N/A
32564,72564,N/A
32565,72565,N/A
32566,72566,N/A
32567,72567,N/A
32568,72568,N/A
32569,72569,N/A
32570,72570,N/A
32571,72571,N/A
32572,72572,N/A
32573,72573,N/A
32574,72574,N/A
32575,72575,N/A
32576,72576,N/A
32577,72577,N/A
32578,72578,N/A
32579,72579,N/A
32580,72580,N/A
32581,72581,N/A
32582,72582,N/A
32583,72583,N/A
32584,72584,N/A
32585,72585,N/A
32586,72586,N/A
32587,72587,N/A
32588,72588,N/A
32589,72589,N/A
32590,72590,N/A
32591,72591,N/A
32592,72592,N/A
32593,72593,N/A
32594,72594,N/A
32595,72595,N/A
32596,72596,N/A
32597,72597,N/A
32598,72598,N/A
32599,72599,N/A
32600,72600,N/A
32601,72601,N/A
32602,72602,N/A
32603,72603,N/A
32604,72604,N/A
32605,72605,N/A
32606,72606,N/A
32607,72607,N/A
32608,72608,N/A
32609,72609,N/A
32610,72610,N/A
32611,72611,N/A
32612,72612,N/A
32613,72613,N/A
32614,72614,N/A
32615,72615,N/A
32616,72616,N/A
32617,72617,N/A
32618,72618,N/A
32619,72619,N/A
32620,72620,N/A
32621,72621,N/A
32622,72622,N/A
32623,72623,N/A
32624,72624,N/A
32625,72625,N/A
32626,72626,N/A
32627,72627,N/A
32628,72628,N/A
32629,72629,N/A
32630,72630,N/A
32631,72631,N/A
32632,72632,N/A
32633,72633,N/A
32634,72634,N/A
32635,72635,N/A
32636,72636,N/A
32637,72637,N/A
32638,72638,N/A
32639,72639,N/A
32640,72640,N/A
32641,72641,N/A
32642,72642,N/A
32643,72643,N/A
32644,72644,N/A
32645,72645,N/A
32646,72646,N/A
32647,72647,N/A
32648,72648,N/A
32649,72649,N/A
32650,72650,N/A
32651,72651,N/A
32652,72652,N/A
32653,72653,N/A
32654,72654,N/A
32655,72655,N/A
32656,72656,N/A
32657,72657,N/A
32658,72658,N/A
32659,72659,N/A
32660,72660,N/A
32661,72661,N/A
32662,72662,N/A
32663,72663,N/A
32664,72664,N/A
32665,72665,N/A
32666,72666,N/A
32667,72667,N/A
32668,72668,N/A
32669,72669,N/A
32670,72670,N/A
32671,72671,N/A
32672,72672,N/A
32673,72673,N/A
32674,72674,N/A
32675,72675,N/A
32676,72676,N/A
32677,72677,N/A
32678,72678,N/A
32679,72679,N/A
32680,72680,N/A
32681,72681,N/A
32682,72682,N/A
32683,72683,N/A
32684,72684,N/A
32685,72685,N/A
32686,72686,N/A
32687,72687,N/A
32688,72688,N/A
32689,72689,N/A
32690,72690,N/A
32691,72691,N/A
32692,72692,N/A
32693,72693,N/A
32694,72694,N/A
32695,72695,N/A
32696,72696,N/A
32697,72697,N/A
32698,72698,N/A
32699,72699,N/A
32700,72700,N/A
32701,72701,N/A
32702,72702,N/A
32703,72703,N/A
32704,72704,N/A
32705,72705,N/A
32706,72706,N/A
32707,72707,N/A
32708,72708,N/A
32709,72709,N/A
32710,72710,N/A
32711,72711,N/A
32712,72712,N/A
32713,72713,N/A
32714,72714,N/A
32715,72715,N/A
32716,72716,N/A
32717,72717,N/A
32718,72718,N/A
32719,72719,N/A
32720,72720,N/A
32721,72721,N/A
32722,72722,N/A
32723,72723,N/A
32724,72724,N/A
32725,72725,N/A
32726,72726,N/A
32727,72727,N/A
32728,72728,N/A
32729,72729,N/A
32730,72730,N/A
32731,72731,N/A
32732,72732,N/A
32733,72733,N/A
32734,72734,N/A
32735,72735,N/A
32736,72736,N/A
32737,72737,N/A
32738,72738,N/A
32739,72739,N/A
32740,72740,N/A
32741,72741,N/A
32742,72742,N/A
32743,72743,N/A
32744,72744,N/A
32745,72745,N/A
32746,72746,N/A
32747,72747,N/A
32748,72748,N/A
32749,72749,N/A
32750,72750,N/A
32751,72751,N/A
32752,72752,N/A
32753,72753,N/A
32754,72754,N/A
32755,72755,N/A
32756,72756,N/A
32757,72757,N/A
32758,72758,N/A
32759,72759,N/A
32760,72760,N/A
32761,72761,N/A
32762,72762,N/A
32763,72763,N/A
32764,72764,N/A
32765,72765,N/A
32766,72766,N/A
32767,72767,N/A
32768,72768,N/A
32769,72769,N/A
32770,72770,N/A
32771,72771,N/A
32772,72772,N/A
32773,72773,N/A
32774,72774,N/A
32775,72775,N/A
32776,72776,N/A
32777,72777,N/A
32778,72778,N/A
32779,72779,N/A
32780,72780,N/A
32781,72781,N/A
32782,72782,N/A
32783,72783,N/A
32784,72784,N/A
32785,72785,N/A
32786,72786,N/A
32787,72787,N/A
32788,72788,N/A
32789,72789,N/A
32790,72790,N/A
32791,72791,N/A
32792,72792,N/A
32793,72793,N/A
32794,72794,N/A
32795,72795,N/A
32796,72796,N/A
32797,72797,N/A
32798,72798,N/A
32799,72799,N/A
32800,72800,N/A
32801,72801,N/A
32802,72802,N/A
32803,72803,N/A
32804,72804,N/A
32805,72805,N/A
32806,72806,N/A
32807,72807,N/A
32808,72808,N/A
32809,72809,N/A
32810,72810,N/A
32811,72811,N/A
32812,72812,N/A
32813,72813,N/A
32814,72814,N/A
32815,72815,N/A
32816,72816,N/A
32817,72817,N/A
32818,72818,N/A
32819,72819,N/A
32820,72820,N/A
32821,72821,N/A
32822,72822,N/A
32823,72823,N/A
32824,72824,N/A
32825,72825,N/A
32826,72826,N/A
32827,72827,N/A
32828,72828,N/A
32829,72829,N/A
32830,72830,N/A
32831,72831,N/A
32832,72832,N/A
32833,72833,N/A
32834,72834,N/A
32835,72835,N/A
32836,72836,N/A
32837,72837,N/A
32838,72838,N/A
32839,72839,N/A
32840,72840,N/A
32841,72841,N/A
32842,72842,N/A
32843,72843,N/A
32844,72844,N/A
32845,72845,N/A
32846,72846,N/A
32847,72847,N/A
32848,72848,N/A
32849,72849,N/A
32850,72850,N/A
32851,72851,N/A
32852,72852,N/A
32853,72853,N/A
32854,72854,N/A
32855,72855,N/A
32856,72856,N/A
32857,72857,N/A
32858,72858,N/A
32859,72859,N/A
32860,72860,N/A
32861,72861,N/A
32862,72862,N/A
32863,72863,N/A
32864,72864,N/A
32865,72865,N/A
32866,72866,N/A
32867,72867,N/A
32868,72868,N/A
32869,72869,N/A
32870,72870,N/A
32871,72871,N/A
32872,72872,N/A
32873,72873,N/A
32874,72874,N/A
32875,72875,N/A
32876,72876,N/A
32877,72877,N/A
32878,72878,N/A
32879,72879,N/A
32880,72880,N/A
32881,72881,N/A
32882,72882,N/A
32883,72883,N/A
32884,72884,N/A
32885,72885,N/A
32886,72886,N/A
32887,72887,N/A
32888,72888,N/A
32889,72889,N/A
32890,72890,N/A
32891,72891,N/A
32892,72892,N/A
32893,72893,N/A
32894,72894,N/A
32895,72895,N/A
32896,72896,N/A
32897,72897,N/A
32898,72898,N/A
32899,72899,N/A
32900,72900,N/A
32901,72901,N/A
32902,72902,N/A
32903,72903,N/A
32904,72904,N/A
32905,72905,N/A
32906,72906,N/A
32907,72907,N/A
32908,72908,N/A
32909,72909,N/A
32910,72910,N/A
32911,72911,N/A
32912,72912,N/A
32913,72913,N/A
32914,72914,N/A
32915,72915,N/A
32916,72916,N/A
32917,72917,N/A
32918,72918,N/A
32919,72919,N/A
32920,72920,N/A
32921,72921,N/A
32922,72922,N/A
32923,72923,N/A
32924,72924,N/A
32925,72925,N/A
32926,72926,N/A
32927,72927,N/A
32928,72928,N/A
32929,72929,N/A
32930,72930,N/A
32931,72931,N/A
32932,72932,N/A
32933,72933,N/A
32934,72934,N/A
32935,72935,N/A
32936,72936,N/A
32937,72937,N/A
32938,72938,N/A
32939,72939,N/A
32940,72940,N/A
32941,72941,N/A
32942,72942,N/A
32943,72943,N/A
32944,72944,N/A
32945,72945,N/A
32946,72946,N/A
32947,72947,N/A
32948,72948,N/A
32949,72949,N/A
32950,72950,N/A
32951,72951,N/A
32952,72952,N/A
32953,72953,N/A
32954,72954,N/A
32955,72955,N/A
32956,72956,N/A
32957,72957,N/A
32958,72958,N/A
32959,72959,N/A
32960,72960,N/A
32961,72961,N/A
32962,72962,N/A
32963,72963,N/A
32964,72964,N/A
32965,72965,N/A
32966,72966,N/A
32967,72967,N/A
32968,72968,N/A
32969,72969,N/A
32970,72970,N/A
32971,72971,N/A
32972,72972,N/A
32973,72973,N/A
32974,72974,N/A
32975,72975,N/A
32976,72976,N/A
32977,72977,N/A
32978,72978,N/A
32979,72979,N/A
32980,72980,N/A
32981,72981,N/A
32982,72982,N/A
32983,72983,N/A
32984,72984,N/A
32985,72985,N/A
32986,72986,N/A
32987,72987,N/A
32988,72988,N/A
32989,72989,N/A
32990,72990,N/A
32991,72991,N/A
32992,72992,N/A
32993,72993,N/A
32994,72994,N/A
32995,72995,N/A
32996,72996,N/A
32997,72997,N/A
32998,72998,N/A
32999,72999,N/A
33000,73000,N/A
33001,73001,N/A
33002,73002,N/A
33003,73003,N/A
33004,73004,N/A
33005,73005,N/A
33006,73006,N/A
33007,73007,N/A
33008,73008,N/A
33009,73009,N/A
33010,73010,N/A
33011,73011,N/A
33012,73012,N/A
33013,73013,N/A
33014,73014,N/A
33015,73015,N/A
33016,73016,N/A
33017,73017,N/A
33018,73018,N/A
33019,73019,N/A
33020,73020,N/A
33021,73021,N/A
33022,73022,N/A
33023,73023,N/A
33024,73024,N/A
33025,73025,N/A
33026,73026,N/A
33027,73027,N/A
33028,73028,N/A
33029,73029,N/A
33030,73030,N/A
33031,73031,N/A
33032,73032,N/A
33033,73033,N/A
33034,73034,N/A
33035,73035,N/A
33036,73036,N/A
33037,73037,N/A
33038,73038,N/A
33039,73039,N/A
33040,73040,N/A
33041,73041,N/A
33042,73042,N/A
33043,73043,N/A
33044,73044,N/A
33045,73045,N/A
33046,73046,N/A
33047,73047,N/A
33048,73048,N/A
33049,73049,N/A
33050,73050,N/A
33051,73051,N/A
33052,73052,N/A
33053,73053,N/A
33054,73054,N/A
33055,73055,N/A
33056,73056,N/A
33057,73057,N/A
33058,73058,N/A
33059,73059,N/A
33060,73060,N/A
33061,73061,N/A
33062,73062,N/A
33063,73063,N/A
33064,73064,N/A
33065,73065,N/A
33066,73066,N/A
33067,73067,N/A
33068,73068,N/A
33069,73069,N/A
33070,73070,N/A
33071,73071,N/A
33072,73072,N/A
33073,73073,N/A
33074,73074,N/A
33075,73075,N/A
33076,73076,N/A
33077,73077,N/A
33078,73078,N/A
33079,73079,N/A
33080,73080,N/A
33081,73081,N/A
33082,73082,N/A
33083,73083,N/A
33084,73084,N/A
33085,73085,N/A
33086,73086,N/A
33087,73087,N/A
33088,73088,N/A
33089,73089,N/A
33090,73090,N/A
33091,73091,N/A
33092,73092,N/A
33093,73093,N/A
33094,73094,N/A
33095,73095,N/A
33096,73096,N/A
33097,73097,N/A
33098,73098,N/A
33099,73099,N/A
33100,73100,N/A
33101,73101,N/A
33102,73102,N/A
33103,73103,N/A
33104,73104,N/A
33105,73105,N/A
33106,73106,N/A
33107,73107,N/A
33108,73108,N/A
33109,73109,N/A
33110,73110,N/A
33111,73111,N/A
33112,73112,N/A
33113,73113,N/A
33114,73114,N/A
33115,73115,N/A
33116,73116,N/A
33117,73117,N/A
33118,73118,N/A
33119,73119,N/A
33120,73120,N/A
33121,73121,N/A
33122,73122,N/A
33123,73123,N/A
33124,73124,N/A
33125,73125,N/A
33126,73126,N/A
33127,73127,N/A
33128,73128,N/A
33129,73129,N/A
33130,73130,N/A
33131,73131,N/A
33132,73132,N/A
33133,73133,N/A
33134,73134,N/A
33135,73135,N/A
33136,73136,N/A
33137,73137,N/A
33138,73138,N/A
33139,73139,N/A
33140,73140,N/A
33141,73141,N/A
33142,73142,N/A
33143,73143,N/A
33144,73144,N/A
33145,73145,N/A
33146,73146,N/A
33147,73147,N/A
33148,73148,N/A
33149,73149,N/A
33150,73150,N/A
33151,73151,N/A
33152,73152,N/A
33153,73153,N/A
33154,73154,N/A
33155,73155,N/A
33156,73156,N/A
33157,73157,N/A
33158,73158,N/A
33159,73159,N/A
33160,73160,N/A
33161,73161,N/A
33162,73162,N/A
33163,73163,N/A
33164,73164,N/A
33165,73165,N/A
33166,73166,N/A
33167,73167,N/A
33168,73168,N/A
33169,73169,N/A
33170,73170,N/A
33171,73171,N/A
33172,73172,N/A
33173,73173,N/A
33174,73174,N/A
33175,73175,N/A
33176,73176,N/A
33177,73177,N/A
33178,73178,N/A
33179,73179,N/A
33180,73180,N/A
33181,73181,N/A
33182,73182,N/A
33183,73183,N/A
33184,73184,N/A
33185,73185,N/A
33186,73186,N/A
33187,73187,N/A
33188,73188,N/A
33189,73189,N/A
33190,73190,N/A
33191,73191,N/A
33192,73192,N/A
33193,73193,N/A
33194,73194,N/A
33195,73195,N/A
33196,73196,N/A
33197,73197,N/A
33198,73198,N/A
33199,73199,N/A
33200,73200,N/A
33201,73201,N/A
33202,73202,N/A
33203,73203,N/A
33204,73204,N/A
33205,73205,N/A
33206,73206,N/A
33207,73207,N/A
33208,73208,N/A
33209,73209,N/A
33210,73210,N/A
33211,73211,N/A
33212,73212,N/A
33213,73213,N/A
33214,73214,N/A
33215,73215,N/A
33216,73216,N/A
33217,73217,N/A
33218,73218,N/A
33219,73219,N/A
33220,73220,N/A
33221,73221,N/A
33222,73222,N/A
33223,73223,N/A
33224,73224,N/A
33225,73225,N/A
33226,73226,N/A
33227,73227,N/A
33228,73228,N/A
33229,73229,N/A
33230,73230,N/A
33231,73231,N/A
33232,73232,N/A
33233,73233,N/A
33234,73234,N/A
33235,73235,N/A
33236,73236,N/A
33237,73237,N/A
33238,73238,N/A
33239,73239,N/A
33240,73240,N/A
33241,73241,N/A
33242,73242,N/A
33243,73243,N/A
33244,73244,N/A
33245,73245,N/A
33246,73246,N/A
33247,73247,N/A
33248,73248,N/A
33249,73249,N/A
33250,73250,N/A
33251,73251,N/A
33252,73252,N/A
33253,73253,N/A
33254,73254,N/A
33255,73255,N/A
33256,73256,N/A
33257,73257,N/A
33258,73258,N/A
33259,73259,N/A
33260,73260,N/A
33261,73261,N/A
33262,73262,N/A
33263,73263,N/A
33264,73264,N/A
33265,73265,N/A
33266,73266,N/A
33267,73267,N/A
33268,73268,N/A
33269,73269,N/A
33270,73270,N/A
33271,73271,N/A
33272,73272,N/A
33273,73273,N/A
33274,73274,N/A
33275,73275,N/A
33276,73276,N/A
33277,73277,N/A
33278,73278,N/A
33279,73279,N/A
33280,73280,N/A
33281,73281,N/A
33282,73282,N/A
33283,73283,N/A
33284,73284,N/A
33285,73285,N/A
33286,73286,N/A
33287,73287,N/A
33288,73288,N/A
33289,73289,N/A
33290,73290,N/A
33291,73291,N/A
33292,73292,N/A
33293,73293,N/A
33294,73294,N/A
33295,73295,N/A
33296,73296,N/A
33297,73297,N/A
33298,73298,N/A
33299,73299,N/A
33300,73300,N/A
33301,73301,N/A
33302,73302,N/A
33303,73303,N/A
33304,73304,N/A
33305,73305,N/A
33306,73306,N/A
33307,73307,N/A
33308,73308,N/A
33309,73309,N/A
33310,73310,N/A
33311,73311,N/A
33312,73312,N/A
33313,73313,N/A
33314,73314,N/A
33315,73315,N/A
33316,73316,N/A
33317,73317,N/A
33318,73318,N/A
33319,73319,N/A
33320,73320,N/A
33321,73321,N/A
33322,73322,N/A
33323,73323,N/A
33324,73324,N/A
33325,73325,N/A
33326,73326,N/A
33327,73327,N/A
33328,73328,N/A
33329,73329,N/A
33330,73330,N/A
33331,73331,N/A
33332,73332,N/A
33333,73333,N/A
33334,73334,N/A
33335,73335,N/A
33336,73336,N/A
33337,73337,N/A
33338,73338,N/A
33339,73339,N/A
33340,73340,N/A
33341,73341,N/A
33342,73342,N/A
33343,73343,N/A
33344,73344,N/A
33345,73345,N/A
33346,73346,N/A
33347,73347,N/A
33348,73348,N/A
33349,73349,N/A
33350,73350,N/A
33351,73351,N/A
33352,73352,N/A
33353,73353,N/A
33354,73354,N/A
33355,73355,N/A
33356,73356,N/A
33357,73357,N/A
33358,73358,N/A
33359,73359,N/A
33360,73360,N/A
33361,73361,N/A
33362,73362,N/A
33363,73363,N/A
33364,73364,N/A
33365,73365,N/A
33366,73366,N/A
33367,73367,N/A
33368,73368,N/A
33369,73369,N/A
33370,73370,N/A
33371,73371,N/A
33372,73372,N/A
33373,73373,N/A
33374,73374,N/A
33375,73375,N/A
33376,73376,N/A
33377,73377,N/A
33378,73378,N/A
33379,73379,N/A
33380,73380,N/A
33381,73381,N/A
33382,73382,N/A
33383,73383,N/A
33384,73384,N/A
33385,73385,N/A
33386,73386,N/A
33387,73387,N/A
33388,73388,N/A
33389,73389,N/A
33390,73390,N/A
33391,73391,N/A
33392,73392,N/A
33393,73393,N/A
33394,73394,N/A
33395,73395,N/A
33396,73396,N/A
33397,73397,N/A
33398,73398,N/A
33399,73399,N/A
33400,73400,N/A
33401,73401,N/A
33402,73402,N/A
33403,73403,N/A
33404,73404,N/A
33405,73405,N/A
33406,73406,N/A
33407,73407,N/A
33408,73408,N/A
33409,73409,N/A
33410,73410,N/A
33411,73411,N/A
33412,73412,N/A
33413,73413,N/A
33414,73414,N/A
33415,73415,N/A
33416,73416,N/A
33417,73417,N/A
33418,73418,N/A
33419,73419,N/A
33420,73420,N/A
33421,73421,N/A
33422,73422,N/A
33423,73423,N/A
33424,73424,N/A
33425,73425,N/A
33426,73426,N/A
33427,73427,N/A
33428,73428,N/A
33429,73429,N/A
33430,73430,N/A
33431,73431,N/A
33432,73432,N/A
33433,73433,N/A
33434,73434,N/A
33435,73435,N/A
33436,73436,N/A
33437,73437,N/A
33438,73438,N/A
33439,73439,N/A
33440,73440,N/A
33441,73441,N/A
33442,73442,N/A
33443,73443,N/A
33444,73444,N/A
33445,73445,N/A
33446,73446,N/A
33447,73447,N/A
33448,73448,N/A
33449,73449,N/A
33450,73450,N/A
33451,73451,N/A
33452,73452,N/A
33453,73453,N/A
33454,73454,N/A
33455,73455,N/A
33456,73456,N/A
33457,73457,N/A
33458,73458,N/A
33459,73459,N/A
33460,73460,N/A
33461,73461,N/A
33462,73462,N/A
33463,73463,N/A
33464,73464,N/A
33465,73465,N/A
33466,73466,N/A
33467,73467,N/A
33468,73468,N/A
33469,73469,N/A
33470,73470,N/A
33471,73471,N/A
33472,73472,N/A
33473,73473,N/A
33474,73474,N/A
33475,73475,N/A
33476,73476,N/A
33477,73477,N/A
33478,73478,N/A
33479,73479,N/A
33480,73480,N/A
33481,73481,N/A
33482,73482,N/A
33483,73483,N/A
33484,73484,N/A
33485,73485,N/A
33486,73486,N/A
33487,73487,N/A
33488,73488,N/A
33489,73489,N/A
33490,73490,N/A
33491,73491,N/A
33492,73492,N/A
33493,73493,N/A
33494,73494,N/A
33495,73495,N/A
33496,73496,N/A
33497,73497,N/A
33498,73498,N/A
33499,73499,N/A
33500,73500,N/A
33501,73501,N/A
33502,73502,N/A
33503,73503,N/A
33504,73504,N/A
33505,73505,N/A
33506,73506,N/A
33507,73507,N/A
33508,73508,N/A
33509,73509,N/A
33510,73510,N/A
33511,73511,N/A
33512,73512,N/A
33513,73513,N/A
33514,73514,N/A
33515,73515,N/A
33516,73516,N/A
33517,73517,N/A
33518,73518,N/A
33519,73519,N/A
33520,73520,N/A
33521,73521,N/A
33522,73522,N/A
33523,73523,N/A
33524,73524,N/A
33525,73525,N/A
33526,73526,N/A
33527,73527,N/A
33528,73528,N/A
33529,73529,N/A
33530,73530,N/A
33531,73531,N/A
33532,73532,N/A
33533,73533,N/A
33534,73534,N/A
33535,73535,N/A
33536,73536,N/A
33537,73537,N/A
33538,73538,N/A
33539,73539,N/A
33540,73540,N/A
33541,73541,N/A
33542,73542,N/A
33543,73543,N/A
33544,73544,N/A
33545,73545,N/A
33546,73546,N/A
33547,73547,N/A
33548,73548,N/A
33549,73549,N/A
33550,73550,N/A
33551,73551,N/A
33552,73552,N/A
33553,73553,N/A
33554,73554,N/A
33555,73555,N/A
33556,73556,N/A
33557,73557,N/A
33558,73558,N/A
33559,73559,N/A
33560,73560,N/A
33561,73561,N/A
33562,73562,N/A
33563,73563,N/A
33564,73564,N/A
33565,73565,N/A
33566,73566,N/A
33567,73567,N/A
33568,73568,N/A
33569,73569,N/A
33570,73570,N/A
33571,73571,N/A
33572,73572,N/A
33573,73573,N/A
33574,73574,N/A
33575,73575,N/A
33576,73576,N/A
33577,73577,N/A
33578,73578,N/A
33579,73579,N/A
33580,73580,N/A
33581,73581,N/A
33582,73582,N/A
33583,73583,N/A
33584,73584,N/A
33585,73585,N/A
33586,73586,N/A
33587,73587,N/A
33588,73588,N/A
33589,73589,N/A
33590,73590,N/A
33591,73591,N/A
33592,73592,N/A
33593,73593,N/A
33594,73594,N/A
33595,73595,N/A
33596,73596,N/A
33597,73597,N/A
33598,73598,N/A
33599,73599,N/A
33600,73600,N/A
33601,73601,N/A
33602,73602,N/A
33603,73603,N/A
33604,73604,N/A
33605,73605,N/A
33606,73606,N/A
33607,73607,N/A
33608,73608,N/A
33609,73609,N/A
33610,73610,N/A
33611,73611,N/A
33612,73612,N/A
33613,73613,N/A
33614,73614,N/A
33615,73615,N/A
33616,73616,N/A
33617,73617,N/A
33618,73618,N/A
33619,73619,N/A
33620,73620,N/A
33621,73621,N/A
33622,73622,N/A
33623,73623,N/A
33624,73624,N/A
33625,73625,N/A
33626,73626,N/A
33627,73627,N/A
33628,73628,N/A
33629,73629,N/A
33630,73630,N/A
33631,73631,N/A
33632,73632,N/A
33633,73633,N/A
33634,73634,N/A
33635,73635,N/A
33636,73636,N/A
33637,73637,N/A
33638,73638,N/A
33639,73639,N/A
33640,73640,N/A
33641,73641,N/A
33642,73642,N/A
33643,73643,N/A
33644,73644,N/A
33645,73645,N/A
33646,73646,N/A
33647,73647,N/A
33648,73648,N/A
33649,73649,N/A
33650,73650,N/A
33651,73651,N/A
33652,73652,N/A
33653,73653,N/A
33654,73654,N/A
33655,73655,N/A
33656,73656,N/A
33657,73657,N/A
33658,73658,N/A
33659,73659,N/A
33660,73660,N/A
33661,73661,N/A
33662,73662,N/A
33663,73663,N/A
33664,73664,N/A
33665,73665,N/A
33666,73666,N/A
33667,73667,N/A
33668,73668,N/A
33669,73669,N/A
33670,73670,N/A
33671,73671,N/A
33672,73672,N/A
33673,73673,N/A
33674,73674,N/A
33675,73675,N/A
33676,73676,N/A
33677,73677,N/A
33678,73678,N/A
33679,73679,N/A
33680,73680,N/A
33681,73681,N/A
33682,73682,N/A
33683,73683,N/A
33684,73684,N/A
33685,73685,N/A
33686,73686,N/A
33687,73687,N/A
33688,73688,N/A
33689,73689,N/A
33690,73690,N/A
33691,73691,N/A
33692,73692,N/A
33693,73693,N/A
33694,73694,N/A
33695,73695,N/A
33696,73696,N/A
33697,73697,N/A
33698,73698,N/A
33699,73699,N/A
33700,73700,N/A
33701,73701,N/A
33702,73702,N/A
33703,73703,N/A
33704,73704,N/A
33705,73705,N/A
33706,73706,N/A
33707,73707,N/A
33708,73708,N/A
33709,73709,N/A
33710,73710,N/A
33711,73711,N/A
33712,73712,N/A
33713,73713,N/A
33714,73714,N/A
33715,73715,N/A
33716,73716,N/A
33717,73717,N/A
33718,73718,N/A
33719,73719,N/A
33720,73720,N/A
33721,73721,N/A
33722,73722,N/A
33723,73723,N/A
33724,73724,N/A
33725,73725,N/A
33726,73726,N/A
33727,73727,N/A
33728,73728,N/A
33729,73729,N/A
33730,73730,N/A
33731,73731,N/A
33732,73732,N/A
33733,73733,N/A
33734,73734,N/A
33735,73735,N/A
33736,73736,N/A
33737,73737,N/A
33738,73738,N/A
33739,73739,N/A
33740,73740,N/A
33741,73741,N/A
33742,73742,N/A
33743,73743,N/A
33744,73744,N/A
33745,73745,N/A
33746,73746,N/A
33747,73747,N/A
33748,73748,N/A
33749,73749,N/A
33750,73750,N/A
33751,73751,N/A
33752,73752,N/A
33753,73753,N/A
33754,73754,N/A
33755,73755,N/A
33756,73756,N/A
33757,73757,N/A
33758,73758,N/A
33759,73759,N/A
33760,73760,N/A
33761,73761,N/A
33762,73762,N/A
33763,73763,N/A
33764,73764,N/A
33765,73765,N/A
33766,73766,N/A
33767,73767,N/A
33768,73768,N/A
33769,73769,N/A
33770,73770,N/A
33771,73771,N/A
33772,73772,N/A
33773,73773,N/A
33774,73774,N/A
33775,73775,N/A
33776,73776,N/A
33777,73777,N/A
33778,73778,N/A
33779,73779,N/A
33780,73780,N/A
33781,73781,N/A
33782,73782,N/A
33783,73783,N/A
33784,73784,N/A
33785,73785,N/A
33786,73786,N/A
33787,73787,N/A
33788,73788,N/A
33789,73789,N/A
33790,73790,N/A
33791,73791,N/A
33792,73792,N/A
33793,73793,N/A
33794,73794,N/A
33795,73795,N/A
33796,73796,N/A
33797,73797,N/A
33798,73798,N/A
33799,73799,N/A
33800,73800,N/A
33801,73801,N/A
33802,73802,N/A
33803,73803,N/A
33804,73804,N/A
33805,73805,N/A
33806,73806,N/A
33807,73807,N/A
33808,73808,N/A
33809,73809,N/A
33810,73810,N/A
33811,73811,N/A
33812,73812,N/A
33813,73813,N/A
33814,73814,N/A
33815,73815,N/A
33816,73816,N/A
33817,73817,N/A
33818,73818,N/A
33819,73819,N/A
33820,73820,N/A
33821,73821,N/A
33822,73822,N/A
33823,73823,N/A
33824,73824,N/A
33825,73825,N/A
33826,73826,N/A
33827,73827,N/A
33828,73828,N/A
33829,73829,N/A
33830,73830,N/A
33831,73831,N/A
33832,73832,N/A
33833,73833,N/A
33834,73834,N/A
33835,73835,N/A
33836,73836,N/A
33837,73837,N/A
33838,73838,N/A
33839,73839,N/A
33840,73840,N/A
33841,73841,N/A
33842,73842,N/A
33843,73843,N/A
33844,73844,N/A
33845,73845,N/A
33846,73846,N/A
33847,73847,N/A
33848,73848,N/A
33849,73849,N/A
33850,73850,N/A
33851,73851,N/A
33852,73852,N/A
33853,73853,N/A
33854,73854,N/A
33855,73855,N/A
33856,73856,N/A
33857,73857,N/A
33858,73858,N/A
33859,73859,N/A
33860,73860,N/A
33861,73861,N/A
33862,73862,N/A
33863,73863,N/A
33864,73864,N/A
33865,73865,N/A
33866,73866,N/A
33867,73867,N/A
33868,73868,N/A
33869,73869,N/A
33870,73870,N/A
33871,73871,N/A
33872,73872,N/A
33873,73873,N/A
33874,73874,N/A
33875,73875,N/A
33876,73876,N/A
33877,73877,N/A
33878,73878,N/A
33879,73879,N/A
33880,73880,N/A
33881,73881,N/A
33882,73882,N/A
33883,73883,N/A
33884,73884,N/A
33885,73885,N/A
33886,73886,N/A
33887,73887,N/A
33888,73888,N/A
33889,73889,N/A
33890,73890,N/A
33891,73891,N/A
33892,73892,N/A
33893,73893,N/A
33894,73894,N/A
33895,73895,N/A
33896,73896,N/A
33897,73897,N/A
33898,73898,N/A
33899,73899,N/A
33900,73900,N/A
33901,73901,N/A
33902,73902,N/A
33903,73903,N/A
33904,73904,N/A
33905,73905,N/A
33906,73906,N/A
33907,73907,N/A
33908,73908,N/A
33909,73909,N/A
33910,73910,N/A
33911,73911,N/A
33912,73912,N/A
33913,73913,N/A
33914,73914,N/A
33915,73915,N/A
33916,73916,N/A
33917,73917,N/A
33918,73918,N/A
33919,73919,N/A
33920,73920,N/A
33921,73921,N/A
33922,73922,N/A
33923,73923,N/A
33924,73924,N/A
33925,73925,N/A
33926,73926,N/A
33927,73927,N/A
33928,73928,N/A
33929,73929,N/A
33930,73930,N/A
33931,73931,N/A
33932,73932,N/A
33933,73933,N/A
33934,73934,N/A
33935,73935,N/A
33936,73936,N/A
33937,73937,N/A
33938,73938,N/A
33939,73939,N/A
33940,73940,N/A
33941,73941,N/A
33942,73942,N/A
33943,73943,N/A
33944,73944,N/A
33945,73945,N/A
33946,73946,N/A
33947,73947,N/A
33948,73948,N/A
33949,73949,N/A
33950,73950,N/A
33951,73951,N/A
33952,73952,N/A
33953,73953,N/A
33954,73954,N/A
33955,73955,N/A
33956,73956,N/A
33957,73957,N/A
33958,73958,N/A
33959,73959,N/A
33960,73960,N/A
33961,73961,N/A
33962,73962,N/A
33963,73963,N/A
33964,73964,N/A
33965,73965,N/A
33966,73966,N/A
33967,73967,N/A
33968,73968,N/A
33969,73969,N/A
33970,73970,N/A
33971,73971,N/A
33972,73972,N/A
33973,73973,N/A
33974,73974,N/A
33975,73975,N/A
33976,73976,N/A
33977,73977,N/A
33978,73978,N/A
33979,73979,N/A
33980,73980,N/A
33981,73981,N/A
33982,73982,N/A
33983,73983,N/A
33984,73984,N/A
33985,73985,N/A
33986,73986,N/A
33987,73987,N/A
33988,73988,N/A
33989,73989,N/A
33990,73990,N/A
33991,73991,N/A
33992,73992,N/A
33993,73993,N/A
33994,73994,N/A
33995,73995,N/A
33996,73996,N/A
33997,73997,N/A
33998,73998,N/A
33999,73999,N/A
34000,74000,N/A
34001,74001,N/A
34002,74002,N/A
34003,74003,N/A
34004,74004,N/A
34005,74005,N/A
34006,74006,N/A
34007,74007,N/A
34008,74008,N/A
34009,74009,N/A
34010,74010,N/A
34011,74011,N/A
34012,74012,N/A
34013,74013,N/A
34014,74014,N/A
34015,74015,N/A
34016,74016,N/A
34017,74017,N/A
34018,74018,N/A
34019,74019,N/A
34020,74020,N/A
34021,74021,N/A
34022,74022,N/A
34023,74023,N/A
34024,74024,N/A
34025,74025,N/A
34026,74026,N/A
34027,74027,N/A
34028,74028,N/A
34029,74029,N/A
34030,74030,N/A
34031,74031,N/A
34032,74032,N/A
34033,74033,N/A
34034,74034,N/A
34035,74035,N/A
34036,74036,N/A
34037,74037,N/A
34038,74038,N/A
34039,74039,N/A
34040,74040,N/A
34041,74041,N/A
34042,74042,N/A
34043,74043,N/A
34044,74044,N/A
34045,74045,N/A
34046,74046,N/A
34047,74047,N/A
34048,74048,N/A
34049,74049,N/A
34050,74050,N/A
34051,74051,N/A
34052,74052,N/A
34053,74053,N/A
34054,74054,N/A
34055,74055,N/A
34056,74056,N/A
34057,74057,N/A
34058,74058,N/A
34059,74059,N/A
34060,74060,N/A
34061,74061,N/A
34062,74062,N/A
34063,74063,N/A
34064,74064,N/A
34065,74065,N/A
34066,74066,N/A
34067,74067,N/A
34068,74068,N/A
34069,74069,N/A
34070,74070,N/A
34071,74071,N/A
34072,74072,N/A
34073,74073,N/A
34074,74074,N/A
34075,74075,N/A
34076,74076,N/A
34077,74077,N/A
34078,74078,N/A
34079,74079,N/A
34080,74080,N/A
34081,74081,N/A
34082,74082,N/A
34083,74083,N/A
34084,74084,N/A
34085,74085,N/A
34086,74086,N/A
34087,74087,N/A
34088,74088,N/A
34089,74089,N/A
34090,74090,N/A
34091,74091,N/A
34092,74092,N/A
34093,74093,N/A
34094,74094,N/A
34095,74095,N/A
34096,74096,N/A
34097,74097,N/A
34098,74098,N/A
34099,74099,N/A
34100,74100,N/A
34101,74101,N/A
34102,74102,N/A
34103,74103,N/A
34104,74104,N/A
34105,74105,N/A
34106,74106,N/A
34107,74107,N/A
34108,74108,N/A
34109,74109,N/A
34110,74110,N/A
34111,74111,N/A
34112,74112,N/A
34113,74113,N/A
34114,74114,N/A
34115,74115,N/A
34116,74116,N/A
34117,74117,N/A
34118,74118,N/A
34119,74119,N/A
34120,74120,N/A
34121,74121,N/A
34122,74122,N/A
34123,74123,N/A
34124,74124,N/A
34125,74125,N/A
34126,74126,N/A
34127,74127,N/A
34128,74128,N/A
34129,74129,N/A
34130,74130,N/A
34131,74131,N/A
34132,74132,N/A
34133,74133,N/A
34134,74134,N/A
34135,74135,N/A
34136,74136,N/A
34137,74137,N/A
34138,74138,N/A
34139,74139,N/A
34140,74140,N/A
34141,74141,N/A
34142,74142,N/A
34143,74143,N/A
34144,74144,N/A
34145,74145,N/A
34146,74146,N/A
34147,74147,N/A
34148,74148,N/A
34149,74149,N/A
34150,74150,N/A
34151,74151,N/A
34152,74152,N/A
34153,74153,N/A
34154,74154,N/A
34155,74155,N/A
34156,74156,N/A
34157,74157,N/A
34158,74158,N/A
34159,74159,N/A
34160,74160,N/A
34161,74161,N/A
34162,74162,N/A
34163,74163,N/A
34164,74164,N/A
34165,74165,N/A
34166,74166,N/A
34167,74167,N/A
34168,74168,N/A
34169,74169,N/A
34170,74170,N/A
34171,74171,N/A
34172,74172,N/A
34173,74173,N/A
34174,74174,N/A
34175,74175,N/A
34176,74176,N/A
34177,74177,N/A
34178,74178,N/A
34179,74179,N/A
34180,74180,N/A
34181,74181,N/A
34182,74182,N/A
34183,74183,N/A
34184,74184,N/A
34185,74185,N/A
34186,74186,N/A
34187,74187,N/A
34188,74188,N/A
34189,74189,N/A
34190,74190,N/A
34191,74191,N/A
34192,74192,N/A
34193,74193,N/A
34194,74194,N/A
34195,74195,N/A
34196,74196,N/A
34197,74197,N/A
34198,74198,N/A
34199,74199,N/A
34200,74200,N/A
34201,74201,N/A
34202,74202,N/A
34203,74203,N/A
34204,74204,N/A
34205,74205,N/A
34206,74206,N/A
34207,74207,N/A
34208,74208,N/A
34209,74209,N/A
34210,74210,N/A
34211,74211,N/A
34212,74212,N/A
34213,74213,N/A
34214,74214,N/A
34215,74215,N/A
34216,74216,N/A
34217,74217,N/A
34218,74218,N/A
34219,74219,N/A
34220,74220,N/A
34221,74221,N/A
34222,74222,N/A
34223,74223,N/A
34224,74224,N/A
34225,74225,N/A
34226,74226,N/A
34227,74227,N/A
34228,74228,N/A
34229,74229,N/A
34230,74230,N/A
34231,74231,N/A
34232,74232,N/A
34233,74233,N/A
34234,74234,N/A
34235,74235,N/A
34236,74236,N/A
34237,74237,N/A
34238,74238,N/A
34239,74239,N/A
34240,74240,N/A
34241,74241,N/A
34242,74242,N/A
34243,74243,N/A
34244,74244,N/A
34245,74245,N/A
34246,74246,N/A
34247,74247,N/A
34248,74248,N/A
34249,74249,N/A
34250,74250,N/A
34251,74251,N/A
34252,74252,N/A
34253,74253,N/A
34254,74254,N/A
34255,74255,N/A
34256,74256,N/A
34257,74257,N/A
34258,74258,N/A
34259,74259,N/A
34260,74260,N/A
34261,74261,N/A
34262,74262,N/A
34263,74263,N/A
34264,74264,N/A
34265,74265,N/A
34266,74266,N/A
34267,74267,N/A
34268,74268,N/A
34269,74269,N/A
34270,74270,N/A
34271,74271,N/A
34272,74272,N/A
34273,74273,N/A
34274,74274,N/A
34275,74275,N/A
34276,74276,N/A
34277,74277,N/A
34278,74278,N/A
34279,74279,N/A
34280,74280,N/A
34281,74281,N/A
34282,74282,N/A
34283,74283,N/A
34284,74284,N/A
34285,74285,N/A
34286,74286,N/A
34287,74287,N/A
34288,74288,N/A
34289,74289,N/A
34290,74290,N/A
34291,74291,N/A
34292,74292,N/A
34293,74293,N/A
34294,74294,N/A
34295,74295,N/A
34296,74296,N/A
34297,74297,N/A
34298,74298,N/A
34299,74299,N/A
34300,74300,N/A
34301,74301,N/A
34302,74302,N/A
34303,74303,N/A
34304,74304,N/A
34305,74305,N/A
34306,74306,N/A
34307,74307,N/A
34308,74308,N/A
34309,74309,N/A
34310,74310,N/A
34311,74311,N/A
34312,74312,N/A
34313,74313,N/A
34314,74314,N/A
34315,74315,N/A
34316,74316,N/A
34317,74317,N/A
34318,74318,N/A
34319,74319,N/A
34320,74320,N/A
34321,74321,N/A
34322,74322,N/A
34323,74323,N/A
34324,74324,N/A
34325,74325,N/A
34326,74326,N/A
34327,74327,N/A
34328,74328,N/A
34329,74329,N/A
34330,74330,N/A
34331,74331,N/A
34332,74332,N/A
34333,74333,N/A
34334,74334,N/A
34335,74335,N/A
34336,74336,N/A
34337,74337,N/A
34338,74338,N/A
34339,74339,N/A
34340,74340,N/A
34341,74341,N/A
34342,74342,N/A
34343,74343,N/A
34344,74344,N/A
34345,74345,N/A
34346,74346,N/A
34347,74347,N/A
34348,74348,N/A
34349,74349,N/A
34350,74350,N/A
34351,74351,N/A
34352,74352,N/A
34353,74353,N/A
34354,74354,N/A
34355,74355,N/A
34356,74356,N/A
34357,74357,N/A
34358,74358,N/A
34359,74359,N/A
34360,74360,N/A
34361,74361,N/A
34362,74362,N/A
34363,74363,N/A
34364,74364,N/A
34365,74365,N/A
34366,74366,N/A
34367,74367,N/A
34368,74368,N/A
34369,74369,N/A
34370,74370,N/A
34371,74371,N/A
34372,74372,N/A
34373,74373,N/A
34374,74374,N/A
34375,74375,N/A
34376,74376,N/A
34377,74377,N/A
34378,74378,N/A
34379,74379,N/A
34380,74380,N/A
34381,74381,N/A
34382,74382,N/A
34383,74383,N/A
34384,74384,N/A
34385,74385,N/A
34386,74386,N/A
34387,74387,N/A
34388,74388,N/A
34389,74389,N/A
34390,74390,N/A
34391,74391,N/A
34392,74392,N/A
34393,74393,N/A
34394,74394,N/A
34395,74395,N/A
34396,74396,N/A
34397,74397,N/A
34398,74398,N/A
34399,74399,N/A
34400,74400,N/A
34401,74401,N/A
34402,74402,N/A
34403,74403,N/A
34404,74404,N/A
34405,74405,N/A
34406,74406,N/A
34407,74407,N/A
34408,74408,N/A
34409,74409,N/A
34410,74410,N/A
34411,74411,N/A
34412,74412,N/A
34413,74413,N/A
34414,74414,N/A
34415,74415,N/A
34416,74416,N/A
34417,74417,N/A
34418,74418,N/A
34419,74419,N/A
34420,74420,N/A
34421,74421,N/A
34422,74422,N/A
34423,74423,N/A
34424,74424,N/A
34425,74425,N/A
34426,74426,N/A
34427,74427,N/A
34428,74428,N/A
34429,74429,N/A
34430,74430,N/A
34431,74431,N/A
34432,74432,N/A
34433,74433,N/A
34434,74434,N/A
34435,74435,N/A
34436,74436,N/A
34437,74437,N/A
34438,74438,N/A
34439,74439,N/A
34440,74440,N/A
34441,74441,N/A
34442,74442,N/A
34443,74443,N/A
34444,74444,N/A
34445,74445,N/A
34446,74446,N/A
34447,74447,N/A
34448,74448,N/A
34449,74449,N/A
34450,74450,N/A
34451,74451,N/A
34452,74452,N/A
34453,74453,N/A
34454,74454,N/A
34455,74455,N/A
34456,74456,N/A
34457,74457,N/A
34458,74458,N/A
34459,74459,N/A
34460,74460,N/A
34461,74461,N/A
34462,74462,N/A
34463,74463,N/A
34464,74464,N/A
34465,74465,N/A
34466,74466,N/A
34467,74467,N/A
34468,74468,N/A
34469,74469,N/A
34470,74470,N/A
34471,74471,N/A
34472,74472,N/A
34473,74473,N/A
34474,74474,N/A
34475,74475,N/A
34476,74476,N/A
34477,74477,N/A
34478,74478,N/A
34479,74479,N/A
34480,74480,N/A
34481,74481,N/A
34482,74482,N/A
34483,74483,N/A
34484,74484,N/A
34485,74485,N/A
34486,74486,N/A
34487,74487,N/A
34488,74488,N/A
34489,74489,N/A
34490,74490,N/A
34491,74491,N/A
34492,74492,N/A
34493,74493,N/A
34494,74494,N/A
34495,74495,N/A
34496,74496,N/A
34497,74497,N/A
34498,74498,N/A
34499,74499,N/A
34500,74500,N/A
34501,74501,N/A
34502,74502,N/A
34503,74503,N/A
34504,74504,N/A
34505,74505,N/A
34506,74506,N/A
34507,74507,N/A
34508,74508,N/A
34509,74509,N/A
34510,74510,N/A
34511,74511,N/A
34512,74512,N/A
34513,74513,N/A
34514,74514,N/A
34515,74515,N/A
34516,74516,N/A
34517,74517,N/A
34518,74518,N/A
34519,74519,N/A
34520,74520,N/A
34521,74521,N/A
34522,74522,N/A
34523,74523,N/A
34524,74524,N/A
34525,74525,N/A
34526,74526,N/A
34527,74527,N/A
34528,74528,N/A
34529,74529,N/A
34530,74530,N/A
34531,74531,N/A
34532,74532,N/A
34533,74533,N/A
34534,74534,N/A
34535,74535,N/A
34536,74536,N/A
34537,74537,N/A
34538,74538,N/A
34539,74539,N/A
34540,74540,N/A
34541,74541,N/A
34542,74542,N/A
34543,74543,N/A
34544,74544,N/A
34545,74545,N/A
34546,74546,N/A
34547,74547,N/A
34548,74548,N/A
34549,74549,N/A
34550,74550,N/A
34551,74551,N/A
34552,74552,N/A
34553,74553,N/A
34554,74554,N/A
34555,74555,N/A
34556,74556,N/A
34557,74557,N/A
34558,74558,N/A
34559,74559,N/A
34560,74560,N/A
34561,74561,N/A
34562,74562,N/A
34563,74563,N/A
34564,74564,N/A
34565,74565,N/A
34566,74566,N/A
34567,74567,N/A
34568,74568,N/A
34569,74569,N/A
34570,74570,N/A
34571,74571,N/A
34572,74572,N/A
34573,74573,N/A
34574,74574,N/A
34575,74575,N/A
34576,74576,N/A
34577,74577,N/A
34578,74578,N/A
34579,74579,N/A
34580,74580,N/A
34581,74581,N/A
34582,74582,N/A
34583,74583,N/A
34584,74584,N/A
34585,74585,N/A
34586,74586,N/A
34587,74587,N/A
34588,74588,N/A
34589,74589,N/A
34590,74590,N/A
34591,74591,N/A
34592,74592,N/A
34593,74593,N/A
34594,74594,N/A
34595,74595,N/A
34596,74596,N/A
34597,74597,N/A
34598,74598,N/A
34599,74599,N/A
34600,74600,N/A
34601,74601,N/A
34602,74602,N/A
34603,74603,N/A
34604,74604,N/A
34605,74605,N/A
34606,74606,N/A
34607,74607,N/A
34608,74608,N/A
34609,74609,N/A
34610,74610,N/A
34611,74611,N/A
34612,74612,N/A
34613,74613,N/A
34614,74614,N/A
34615,74615,N/A
34616,74616,N/A
34617,74617,N/A
34618,74618,N/A
34619,74619,N/A
34620,74620,N/A
34621,74621,N/A
34622,74622,N/A
34623,74623,N/A
34624,74624,N/A
34625,74625,N/A
34626,74626,N/A
34627,74627,N/A
34628,74628,N/A
34629,74629,N/A
34630,74630,N/A
34631,74631,N/A
34632,74632,N/A
34633,74633,N/A
34634,74634,N/A
34635,74635,N/A
34636,74636,N/A
34637,74637,N/A
34638,74638,N/A
34639,74639,N/A
34640,74640,N/A
34641,74641,N/A
34642,74642,N/A
34643,74643,N/A
34644,74644,N/A
34645,74645,N/A
34646,74646,N/A
34647,74647,N/A
34648,74648,N/A
34649,74649,N/A
34650,74650,N/A
34651,74651,N/A
34652,74652,N/A
34653,74653,N/A
34654,74654,N/A
34655,74655,N/A
34656,74656,N/A
34657,74657,N/A
34658,74658,N/A
34659,74659,N/A
34660,74660,N/A
34661,74661,N/A
34662,74662,N/A
34663,74663,N/A
34664,74664,N/A
34665,74665,N/A
34666,74666,N/A
34667,74667,N/A
34668,74668,N/A
34669,74669,N/A
34670,74670,N/A
34671,74671,N/A
34672,74672,N/A
34673,74673,N/A
34674,74674,N/A
34675,74675,N/A
34676,74676,N/A
34677,74677,N/A
34678,74678,N/A
34679,74679,N/A
34680,74680,N/A
34681,74681,N/A
34682,74682,N/A
34683,74683,N/A
34684,74684,N/A
34685,74685,N/A
34686,74686,N/A
34687,74687,N/A
34688,74688,N/A
34689,74689,N/A
34690,74690,N/A
34691,74691,N/A
34692,74692,N/A
34693,74693,N/A
34694,74694,N/A
34695,74695,N/A
34696,74696,N/A
34697,74697,N/A
34698,74698,N/A
34699,74699,N/A
34700,74700,N/A
34701,74701,N/A
34702,74702,N/A
34703,74703,N/A
34704,74704,N/A
34705,74705,N/A
34706,74706,N/A
34707,74707,N/A
34708,74708,N/A
34709,74709,N/A
34710,74710,N/A
34711,74711,N/A
34712,74712,N/A
34713,74713,N/A
34714,74714,N/A
34715,74715,N/A
34716,74716,N/A
34717,74717,N/A
34718,74718,N/A
34719,74719,N/A
34720,74720,N/A
34721,74721,N/A
34722,74722,N/A
34723,74723,N/A
34724,74724,N/A
34725,74725,N/A
34726,74726,N/A
34727,74727,N/A
34728,74728,N/A
34729,74729,N/A
34730,74730,N/A
34731,74731,N/A
34732,74732,N/A
34733,74733,N/A
34734,74734,N/A
34735,74735,N/A
34736,74736,N/A
34737,74737,N/A
34738,74738,N/A
34739,74739,N/A
34740,74740,N/A
34741,74741,N/A
34742,74742,N/A
34743,74743,N/A
34744,74744,N/A
34745,74745,N/A
34746,74746,N/A
34747,74747,N/A
34748,74748,N/A
34749,74749,N/A
34750,74750,N/A
34751,74751,N/A
34752,74752,N/A
34753,74753,N/A
34754,74754,N/A
34755,74755,N/A
34756,74756,N/A
34757,74757,N/A
34758,74758,N/A
34759,74759,N/A
34760,74760,N/A
34761,74761,N/A
34762,74762,N/A
34763,74763,N/A
34764,74764,N/A
34765,74765,N/A
34766,74766,N/A
34767,74767,N/A
34768,74768,N/A
34769,74769,N/A
34770,74770,N/A
34771,74771,N/A
34772,74772,N/A
34773,74773,N/A
34774,74774,N/A
34775,74775,N/A
34776,74776,N/A
34777,74777,N/A
34778,74778,N/A
34779,74779,N/A
34780,74780,N/A
34781,74781,N/A
34782,74782,N/A
34783,74783,N/A
34784,74784,N/A
34785,74785,N/A
34786,74786,N/A
34787,74787,N/A
34788,74788,N/A
34789,74789,N/A
34790,74790,N/A
34791,74791,N/A
34792,74792,N/A
34793,74793,N/A
34794,74794,N/A
34795,74795,N/A
34796,74796,N/A
34797,74797,N/A
34798,74798,N/A
34799,74799,N/A
34800,74800,N/A
34801,74801,N/A
34802,74802,N/A
34803,74803,N/A
34804,74804,N/A
34805,74805,N/A
34806,74806,N/A
34807,74807,N/A
34808,74808,N/A
34809,74809,N/A
34810,74810,N/A
34811,74811,N/A
34812,74812,N/A
34813,74813,N/A
34814,74814,N/A
34815,74815,N/A
34816,74816,N/A
34817,74817,N/A
34818,74818,N/A
34819,74819,N/A
34820,74820,N/A
34821,74821,N/A
34822,74822,N/A
34823,74823,N/A
34824,74824,N/A
34825,74825,N/A
34826,74826,N/A
34827,74827,N/A
34828,74828,N/A
34829,74829,N/A
34830,74830,N/A
34831,74831,N/A
34832,74832,N/A
34833,74833,N/A
34834,74834,N/A
34835,74835,N/A
34836,74836,N/A
34837,74837,N/A
34838,74838,N/A
34839,74839,N/A
34840,74840,N/A
34841,74841,N/A
34842,74842,N/A
34843,74843,N/A
34844,74844,N/A
34845,74845,N/A
34846,74846,N/A
34847,74847,N/A
34848,74848,N/A
34849,74849,N/A
34850,74850,N/A
34851,74851,N/A
34852,74852,N/A
34853,74853,N/A
34854,74854,N/A
34855,74855,N/A
34856,74856,N/A
34857,74857,N/A
34858,74858,N/A
34859,74859,N/A
34860,74860,N/A
34861,74861,N/A
34862,74862,N/A
34863,74863,N/A
34864,74864,N/A
34865,74865,N/A
34866,74866,N/A
34867,74867,N/A
34868,74868,N/A
34869,74869,N/A
34870,74870,N/A
34871,74871,N/A
34872,74872,N/A
34873,74873,N/A
34874,74874,N/A
34875,74875,N/A
34876,74876,N/A
34877,74877,N/A
34878,74878,N/A
34879,74879,N/A
34880,74880,N/A
34881,74881,N/A
34882,74882,N/A
34883,74883,N/A
34884,74884,N/A
34885,74885,N/A
34886,74886,N/A
34887,74887,N/A
34888,74888,N/A
34889,74889,N/A
34890,74890,N/A
34891,74891,N/A
34892,74892,N/A
34893,74893,N/A
34894,74894,N/A
34895,74895,N/A
34896,74896,N/A
34897,74897,N/A
34898,74898,N/A
34899,74899,N/A
34900,74900,N/A
34901,74901,N/A
34902,74902,N/A
34903,74903,N/A
34904,74904,N/A
34905,74905,N/A
34906,74906,N/A
34907,74907,N/A
34908,74908,N/A
34909,74909,N/A
34910,74910,N/A
34911,74911,N/A
34912,74912,N/A
34913,74913,N/A
34914,74914,N/A
34915,74915,N/A
34916,74916,N/A
34917,74917,N/A
34918,74918,N/A
34919,74919,N/A
34920,74920,N/A
34921,74921,N/A
34922,74922,N/A
34923,74923,N/A
34924,74924,N/A
34925,74925,N/A
34926,74926,N/A
34927,74927,N/A
34928,74928,N/A
34929,74929,N/A
34930,74930,N/A
34931,74931,N/A
34932,74932,N/A
34933,74933,N/A
34934,74934,N/A
34935,74935,N/A
34936,74936,N/A
34937,74937,N/A
34938,74938,N/A
34939,74939,N/A
34940,74940,N/A
34941,74941,N/A
34942,74942,N/A
34943,74943,N/A
34944,74944,N/A
34945,74945,N/A
34946,74946,N/A
34947,74947,N/A
34948,74948,N/A
34949,74949,N/A
34950,74950,N/A
34951,74951,N/A
34952,74952,N/A
34953,74953,N/A
34954,74954,N/A
34955,74955,N/A
34956,74956,N/A
34957,74957,N/A
34958,74958,N/A
34959,74959,N/A
34960,74960,N/A
34961,74961,N/A
34962,74962,N/A
34963,74963,N/A
34964,74964,N/A
34965,74965,N/A
34966,74966,N/A
34967,74967,N/A
34968,74968,N/A
34969,74969,N/A
34970,74970,N/A
34971,74971,N/A
34972,74972,N/A
34973,74973,N/A
34974,74974,N/A
34975,74975,N/A
34976,74976,N/A
34977,74977,N/A
34978,74978,N/A
34979,74979,N/A
34980,74980,N/A
34981,74981,N/A
34982,74982,N/A
34983,74983,N/A
34984,74984,N/A
34985,74985,N/A
34986,74986,N/A
34987,74987,N/A
34988,74988,N/A
34989,74989,N/A
34990,74990,N/A
34991,74991,N/A
34992,74992,N/A
34993,74993,N/A
34994,74994,N/A
34995,74995,N/A
34996,74996,N/A
34997,74997,N/A
34998,74998,N/A
34999,74999,N/A
35000,75000,N/A
35001,75001,N/A
35002,75002,N/A
35003,75003,N/A
35004,75004,N/A
35005,75005,N/A
35006,75006,N/A
35007,75007,N/A
35008,75008,N/A
35009,75009,N/A
35010,75010,N/A
35011,75011,N/A
35012,75012,N/A
35013,75013,N/A
35014,75014,N/A
35015,75015,N/A
35016,75016,N/A
35017,75017,N/A
35018,75018,N/A
35019,75019,N/A
35020,75020,N/A
35021,75021,N/A
35022,75022,N/A
35023,75023,N/A
35024,75024,N/A
35025,75025,N/A
35026,75026,N/A
35027,75027,N/A
35028,75028,N/A
35029,75029,N/A
35030,75030,N/A
35031,75031,N/A
35032,75032,N/A
35033,75033,N/A
35034,75034,N/A
35035,75035,N/A
35036,75036,N/A
35037,75037,N/A
35038,75038,N/A
35039,75039,N/A
35040,75040,N/A
35041,75041,N/A
35042,75042,N/A
35043,75043,N/A
35044,75044,N/A
35045,75045,N/A
35046,75046,N/A
35047,75047,N/A
35048,75048,N/A
35049,75049,N/A
35050,75050,N/A
35051,75051,N/A
35052,75052,N/A
35053,75053,N/A
35054,75054,N/A
35055,75055,N/A
35056,75056,N/A
35057,75057,N/A
35058,75058,N/A
35059,75059,N/A
35060,75060,N/A
35061,75061,N/A
35062,75062,N/A
35063,75063,N/A
35064,75064,N/A
35065,75065,N/A
35066,75066,N/A
35067,75067,N/A
35068,75068,N/A
35069,75069,N/A
35070,75070,N/A
35071,75071,N/A
35072,75072,N/A
35073,75073,N/A
35074,75074,N/A
35075,75075,N/A
35076,75076,N/A
35077,75077,N/A
35078,75078,N/A
35079,75079,N/A
35080,75080,N/A
35081,75081,N/A
35082,75082,N/A
35083,75083,N/A
35084,75084,N/A
35085,75085,N/A
35086,75086,N/A
35087,75087,N/A
35088,75088,N/A
35089,75089,N/A
35090,75090,N/A
35091,75091,N/A
35092,75092,N/A
35093,75093,N/A
35094,75094,N/A
35095,75095,N/A
35096,75096,N/A
35097,75097,N/A
35098,75098,N/A
35099,75099,N/A
35100,75100,N/A
35101,75101,N/A
35102,75102,N/A
35103,75103,N/A
35104,75104,N/A
35105,75105,N/A
35106,75106,N/A
35107,75107,N/A
35108,75108,N/A
35109,75109,N/A
35110,75110,N/A
35111,75111,N/A
35112,75112,N/A
35113,75113,N/A
35114,75114,N/A
35115,75115,N/A
35116,75116,N/A
35117,75117,N/A
35118,75118,N/A
35119,75119,N/A
35120,75120,N/A
35121,75121,N/A
35122,75122,N/A
35123,75123,N/A
35124,75124,N/A
35125,75125,N/A
35126,75126,N/A
35127,75127,N/A
35128,75128,N/A
35129,75129,N/A
35130,75130,N/A
35131,75131,N/A
35132,75132,N/A
35133,75133,N/A
35134,75134,N/A
35135,75135,N/A
35136,75136,N/A
35137,75137,N/A
35138,75138,N/A
35139,75139,N/A
35140,75140,N/A
35141,75141,N/A
35142,75142,N/A
35143,75143,N/A
35144,75144,N/A
35145,75145,N/A
35146,75146,N/A
35147,75147,N/A
35148,75148,N/A
35149,75149,N/A
35150,75150,N/A
35151,75151,N/A
35152,75152,N/A
35153,75153,N/A
35154,75154,N/A
35155,75155,N/A
35156,75156,N/A
35157,75157,N/A
35158,75158,N/A
35159,75159,N/A
35160,75160,N/A
35161,75161,N/A
35162,75162,N/A
35163,75163,N/A
35164,75164,N/A
35165,75165,N/A
35166,75166,N/A
35167,75167,N/A
35168,75168,N/A
35169,75169,N/A
35170,75170,N/A
35171,75171,N/A
35172,75172,N/A
35173,75173,N/A
35174,75174,N/A
35175,75175,N/A
35176,75176,N/A
35177,75177,N/A
35178,75178,N/A
35179,75179,N/A
35180,75180,N/A
35181,75181,N/A
35182,75182,N/A
35183,75183,N/A
35184,75184,N/A
35185,75185,N/A
35186,75186,N/A
35187,75187,N/A
35188,75188,N/A
35189,75189,N/A
35190,75190,N/A
35191,75191,N/A
35192,75192,N/A
35193,75193,N/A
35194,75194,N/A
35195,75195,N/A
35196,75196,N/A
35197,75197,N/A
35198,75198,N/A
35199,75199,N/A
35200,75200,N/A
35201,75201,N/A
35202,75202,N/A
35203,75203,N/A
35204,75204,N/A
35205,75205,N/A
35206,75206,N/A
35207,75207,N/A
35208,75208,N/A
35209,75209,N/A
35210,75210,N/A
35211,75211,N/A
35212,75212,N/A
35213,75213,N/A
35214,75214,N/A
35215,75215,N/A
35216,75216,N/A
35217,75217,N/A
35218,75218,N/A
35219,75219,N/A
35220,75220,N/A
35221,75221,N/A
35222,75222,N/A
35223,75223,N/A
35224,75224,N/A
35225,75225,N/A
35226,75226,N/A
35227,75227,N/A
35228,75228,N/A
35229,75229,N/A
35230,75230,N/A
35231,75231,N/A
35232,75232,N/A
35233,75233,N/A
35234,75234,N/A
35235,75235,N/A
35236,75236,N/A
35237,75237,N/A
35238,75238,N/A
35239,75239,N/A
35240,75240,N/A
35241,75241,N/A
35242,75242,N/A
35243,75243,N/A
35244,75244,N/A
35245,75245,N/A
35246,75246,N/A
35247,75247,N/A
35248,75248,N/A
35249,75249,N/A
35250,75250,N/A
35251,75251,N/A
35252,75252,N/A
35253,75253,N/A
35254,75254,N/A
35255,75255,N/A
35256,75256,N/A
35257,75257,N/A
35258,75258,N/A
35259,75259,N/A
35260,75260,N/A
35261,75261,N/A
35262,75262,N/A
35263,75263,N/A
35264,75264,N/A
35265,75265,N/A
35266,75266,N/A
35267,75267,N/A
35268,75268,N/A
35269,75269,N/A
35270,75270,N/A
35271,75271,N/A
35272,75272,N/A
35273,75273,N/A
35274,75274,N/A
35275,75275,N/A
35276,75276,N/A
35277,75277,N/A
35278,75278,N/A
35279,75279,N/A
35280,75280,N/A
35281,75281,N/A
35282,75282,N/A
35283,75283,N/A
35284,75284,N/A
35285,75285,N/A
35286,75286,N/A
35287,75287,N/A
35288,75288,N/A
35289,75289,N/A
35290,75290,N/A
35291,75291,N/A
35292,75292,N/A
35293,75293,N/A
35294,75294,N/A
35295,75295,N/A
35296,75296,N/A
35297,75297,N/A
35298,75298,N/A
35299,75299,N/A
35300,75300,N/A
35301,75301,N/A
35302,75302,N/A
35303,75303,N/A
35304,75304,N/A
35305,75305,N/A
35306,75306,N/A
35307,75307,N/A
35308,75308,N/A
35309,75309,N/A
35310,75310,N/A
35311,75311,N/A
35312,75312,N/A
35313,75313,N/A
35314,75314,N/A
35315,75315,N/A
35316,75316,N/A
35317,75317,N/A
35318,75318,N/A
35319,75319,N/A
35320,75320,N/A
35321,75321,N/A
35322,75322,N/A
35323,75323,N/A
35324,75324,N/A
35325,75325,N/A
35326,75326,N/A
35327,75327,N/A
35328,75328,N/A
35329,75329,N/A
35330,75330,N/A
35331,75331,N/A
35332,75332,N/A
35333,75333,N/A
35334,75334,N/A
35335,75335,N/A
35336,75336,N/A
35337,75337,N/A
35338,75338,N/A
35339,75339,N/A
35340,75340,N/A
35341,75341,N/A
35342,75342,N/A
35343,75343,N/A
35344,75344,N/A
35345,75345,N/A
35346,75346,N/A
35347,75347,N/A
35348,75348,N/A
35349,75349,N/A
35350,75350,N/A
35351,75351,N/A
35352,75352,N/A
35353,75353,N/A
35354,75354,N/A
35355,75355,N/A
35356,75356,N/A
35357,75357,N/A
35358,75358,N/A
35359,75359,N/A
35360,75360,N/A
35361,75361,N/A
35362,75362,N/A
35363,75363,N/A
35364,75364,N/A
35365,75365,N/A
35366,75366,N/A
35367,75367,N/A
35368,75368,N/A
35369,75369,N/A
35370,75370,N/A
35371,75371,N/A
35372,75372,N/A
35373,75373,N/A
35374,75374,N/A
35375,75375,N/A
35376,75376,N/A
35377,75377,N/A
35378,75378,N/A
35379,75379,N/A
35380,75380,N/A
35381,75381,N/A
35382,75382,N/A
35383,75383,N/A
35384,75384,N/A
35385,75385,N/A
35386,75386,N/A
35387,75387,N/A
35388,75388,N/A
35389,75389,N/A
35390,75390,N/A
35391,75391,N/A
35392,75392,N/A
35393,75393,N/A
35394,75394,N/A
35395,75395,N/A
35396,75396,N/A
35397,75397,N/A
35398,75398,N/A
35399,75399,N/A
35400,75400,N/A
35401,75401,N/A
35402,75402,N/A
35403,75403,N/A
35404,75404,N/A
35405,75405,N/A
35406,75406,N/A
35407,75407,N/A
35408,75408,N/A
35409,75409,N/A
35410,75410,N/A
35411,75411,N/A
35412,75412,N/A
35413,75413,N/A
35414,75414,N/A
35415,75415,N/A
35416,75416,N/A
35417,75417,N/A
35418,75418,N/A
35419,75419,N/A
35420,75420,N/A
35421,75421,N/A
35422,75422,N/A
35423,75423,N/A
35424,75424,N/A
35425,75425,N/A
35426,75426,N/A
35427,75427,N/A
35428,75428,N/A
35429,75429,N/A
35430,75430,N/A
35431,75431,N/A
35432,75432,N/A
35433,75433,N/A
35434,75434,N/A
35435,75435,N/A
35436,75436,N/A
35437,75437,N/A
35438,75438,N/A
35439,75439,N/A
35440,75440,N/A
35441,75441,N/A
35442,75442,N/A
35443,75443,N/A
35444,75444,N/A
35445,75445,N/A
35446,75446,N/A
35447,75447,N/A
35448,75448,N/A
35449,75449,N/A
35450,75450,N/A
35451,75451,N/A
35452,75452,N/A
35453,75453,N/A
35454,75454,N/A
35455,75455,N/A
35456,75456,N/A
35457,75457,N/A
35458,75458,N/A
35459,75459,N/A
35460,75460,N/A
35461,75461,N/A
35462,75462,N/A
35463,75463,N/A
35464,75464,N/A
35465,75465,N/A
35466,75466,N/A
35467,75467,N/A
35468,75468,N/A
35469,75469,N/A
35470,75470,N/A
35471,75471,N/A
35472,75472,N/A
35473,75473,N/A
35474,75474,N/A
35475,75475,N/A
35476,75476,N/A
35477,75477,N/A
35478,75478,N/A
35479,75479,N/A
35480,75480,N/A
35481,75481,N/A
35482,75482,N/A
35483,75483,N/A
35484,75484,N/A
35485,75485,N/A
35486,75486,N/A
35487,75487,N/A
35488,75488,N/A
35489,75489,N/A
35490,75490,N/A
35491,75491,N/A
35492,75492,N/A
35493,75493,N/A
35494,75494,N/A
35495,75495,N/A
35496,75496,N/A
35497,75497,N/A
35498,75498,N/A
35499,75499,N/A
35500,75500,N/A
35501,75501,N/A
35502,75502,N/A
35503,75503,N/A
35504,75504,N/A
35505,75505,N/A
35506,75506,N/A
35507,75507,N/A
35508,75508,N/A
35509,75509,N/A
35510,75510,N/A
35511,75511,N/A
35512,75512,N/A
35513,75513,N/A
35514,75514,N/A
35515,75515,N/A
35516,75516,N/A
35517,75517,N/A
35518,75518,N/A
35519,75519,N/A
35520,75520,N/A
35521,75521,N/A
35522,75522,N/A
35523,75523,N/A
35524,75524,N/A
35525,75525,N/A
35526,75526,N/A
35527,75527,N/A
35528,75528,N/A
35529,75529,N/A
35530,75530,N/A
35531,75531,N/A
35532,75532,N/A
35533,75533,N/A
35534,75534,N/A
35535,75535,N/A
35536,75536,N/A
35537,75537,N/A
35538,75538,N/A
35539,75539,N/A
35540,75540,N/A
35541,75541,N/A
35542,75542,N/A
35543,75543,N/A
35544,75544,N/A
35545,75545,N/A
35546,75546,N/A
35547,75547,N/A
35548,75548,N/A
35549,75549,N/A
35550,75550,N/A
35551,75551,N/A
35552,75552,N/A
35553,75553,N/A
35554,75554,N/A
35555,75555,N/A
35556,75556,N/A
35557,75557,N/A
35558,75558,N/A
35559,75559,N/A
35560,75560,N/A
35561,75561,N/A
35562,75562,N/A
35563,75563,N/A
35564,75564,N/A
35565,75565,N/A
35566,75566,N/A
35567,75567,N/A
35568,75568,N/A
35569,75569,N/A
35570,75570,N/A
35571,75571,N/A
35572,75572,N/A
35573,75573,N/A
35574,75574,N/A
35575,75575,N/A
35576,75576,N/A
35577,75577,N/A
35578,75578,N/A
35579,75579,N/A
35580,75580,N/A
35581,75581,N/A
35582,75582,N/A
35583,75583,N/A
35584,75584,N/A
35585,75585,N/A
35586,75586,N/A
35587,75587,N/A
35588,75588,N/A
35589,75589,N/A
35590,75590,N/A
35591,75591,N/A
35592,75592,N/A
35593,75593,N/A
35594,75594,N/A
35595,75595,N/A
35596,75596,N/A
35597,75597,N/A
35598,75598,N/A
35599,75599,N/A
35600,75600,N/A
35601,75601,N/A
35602,75602,N/A
35603,75603,N/A
35604,75604,N/A
35605,75605,N/A
35606,75606,N/A
35607,75607,N/A
35608,75608,N/A
35609,75609,N/A
35610,75610,N/A
35611,75611,N/A
35612,75612,N/A
35613,75613,N/A
35614,75614,N/A
35615,75615,N/A
35616,75616,N/A
35617,75617,N/A
35618,75618,N/A
35619,75619,N/A
35620,75620,N/A
35621,75621,N/A
35622,75622,N/A
35623,75623,N/A
35624,75624,N/A
35625,75625,N/A
35626,75626,N/A
35627,75627,N/A
35628,75628,N/A
35629,75629,N/A
35630,75630,N/A
35631,75631,N/A
35632,75632,N/A
35633,75633,N/A
35634,75634,N/A
35635,75635,N/A
35636,75636,N/A
35637,75637,N/A
35638,75638,N/A
35639,75639,N/A
35640,75640,N/A
35641,75641,N/A
35642,75642,N/A
35643,75643,N/A
35644,75644,N/A
35645,75645,N/A
35646,75646,N/A
35647,75647,N/A
35648,75648,N/A
35649,75649,N/A
35650,75650,N/A
35651,75651,N/A
35652,75652,N/A
35653,75653,N/A
35654,75654,N/A
35655,75655,N/A
35656,75656,N/A
35657,75657,N/A
35658,75658,N/A
35659,75659,N/A
35660,75660,N/A
35661,75661,N/A
35662,75662,N/A
35663,75663,N/A
35664,75664,N/A
35665,75665,N/A
35666,75666,N/A
35667,75667,N/A
35668,75668,N/A
35669,75669,N/A
35670,75670,N/A
35671,75671,N/A
35672,75672,N/A
35673,75673,N/A
35674,75674,N/A
35675,75675,N/A
35676,75676,N/A
35677,75677,N/A
35678,75678,N/A
35679,75679,N/A
35680,75680,N/A
35681,75681,N/A
35682,75682,N/A
35683,75683,N/A
35684,75684,N/A
35685,75685,N/A
35686,75686,N/A
35687,75687,N/A
35688,75688,N/A
35689,75689,N/A
35690,75690,N/A
35691,75691,N/A
35692,75692,N/A
35693,75693,N/A
35694,75694,N/A
35695,75695,N/A
35696,75696,N/A
35697,75697,N/A
35698,75698,N/A
35699,75699,N/A
35700,75700,N/A
35701,75701,N/A
35702,75702,N/A
35703,75703,N/A
35704,75704,N/A
35705,75705,N/A
35706,75706,N/A
35707,75707,N/A
35708,75708,N/A
35709,75709,N/A
35710,75710,N/A
35711,75711,N/A
35712,75712,N/A
35713,75713,N/A
35714,75714,N/A
35715,75715,N/A
35716,75716,N/A
35717,75717,N/A
35718,75718,N/A
35719,75719,N/A
35720,75720,N/A
35721,75721,N/A
35722,75722,N/A
35723,75723,N/A
35724,75724,N/A
35725,75725,N/A
35726,75726,N/A
35727,75727,N/A
35728,75728,N/A
35729,75729,N/A
35730,75730,N/A
35731,75731,N/A
35732,75732,N/A
35733,75733,N/A
35734,75734,N/A
35735,75735,N/A
35736,75736,N/A
35737,75737,N/A
35738,75738,N/A
35739,75739,N/A
35740,75740,N/A
35741,75741,N/A
35742,75742,N/A
35743,75743,N/A
35744,75744,N/A
35745,75745,N/A
35746,75746,N/A
35747,75747,N/A
35748,75748,N/A
35749,75749,N/A
35750,75750,N/A
35751,75751,N/A
35752,75752,N/A
35753,75753,N/A
35754,75754,N/A
35755,75755,N/A
35756,75756,N/A
35757,75757,N/A
35758,75758,N/A
35759,75759,N/A
35760,75760,N/A
35761,75761,N/A
35762,75762,N/A
35763,75763,N/A
35764,75764,N/A
35765,75765,N/A
35766,75766,N/A
35767,75767,N/A
35768,75768,N/A
35769,75769,N/A
35770,75770,N/A
35771,75771,N/A
35772,75772,N/A
35773,75773,N/A
35774,75774,N/A
35775,75775,N/A
35776,75776,N/A
35777,75777,N/A
35778,75778,N/A
35779,75779,N/A
35780,75780,N/A
35781,75781,N/A
35782,75782,N/A
35783,75783,N/A
35784,75784,N/A
35785,75785,N/A
35786,75786,N/A
35787,75787,N/A
35788,75788,N/A
35789,75789,N/A
35790,75790,N/A
35791,75791,N/A
35792,75792,N/A
35793,75793,N/A
35794,75794,N/A
35795,75795,N/A
35796,75796,N/A
35797,75797,N/A
35798,75798,N/A
35799,75799,N/A
35800,75800,N/A
35801,75801,N/A
35802,75802,N/A
35803,75803,N/A
35804,75804,N/A
35805,75805,N/A
35806,75806,N/A
35807,75807,N/A
35808,75808,N/A
35809,75809,N/A
35810,75810,N/A
35811,75811,N/A
35812,75812,N/A
35813,75813,N/A
35814,75814,N/A
35815,75815,N/A
35816,75816,N/A
35817,75817,N/A
35818,75818,N/A
35819,75819,N/A
35820,75820,N/A
35821,75821,N/A
35822,75822,N/A
35823,75823,N/A
35824,75824,N/A
35825,75825,N/A
35826,75826,N/A
35827,75827,N/A
35828,75828,N/A
35829,75829,N/A
35830,75830,N/A
35831,75831,N/A
35832,75832,N/A
35833,75833,N/A
35834,75834,N/A
35835,75835,N/A
35836,75836,N/A
35837,75837,N/A
35838,75838,N/A
35839,75839,N/A
35840,75840,N/A
35841,75841,N/A
35842,75842,N/A
35843,75843,N/A
35844,75844,N/A
35845,75845,N/A
35846,75846,N/A
35847,75847,N/A
35848,75848,N/A
35849,75849,N/A
35850,75850,N/A
35851,75851,N/A
35852,75852,N/A
35853,75853,N/A
35854,75854,N/A
35855,75855,N/A
35856,75856,N/A
35857,75857,N/A
35858,75858,N/A
35859,75859,N/A
35860,75860,N/A
35861,75861,N/A
35862,75862,N/A
35863,75863,N/A
35864,75864,N/A
35865,75865,N/A
35866,75866,N/A
35867,75867,N/A
35868,75868,N/A
35869,75869,N/A
35870,75870,N/A
35871,75871,N/A
35872,75872,N/A
35873,75873,N/A
35874,75874,N/A
35875,75875,N/A
35876,75876,N/A
35877,75877,N/A
35878,75878,N/A
35879,75879,N/A
35880,75880,N/A
35881,75881,N/A
35882,75882,N/A
35883,75883,N/A
35884,75884,N/A
35885,75885,N/A
35886,75886,N/A
35887,75887,N/A
35888,75888,N/A
35889,75889,N/A
35890,75890,N/A
35891,75891,N/A
35892,75892,N/A
35893,75893,N/A
35894,75894,N/A
35895,75895,N/A
35896,75896,N/A
35897,75897,N/A
35898,75898,N/A
35899,75899,N/A
35900,75900,N/A
35901,75901,N/A
35902,75902,N/A
35903,75903,N/A
35904,75904,N/A
35905,75905,N/A
35906,75906,N/A
35907,75907,N/A
35908,75908,N/A
35909,75909,N/A
35910,75910,N/A
35911,75911,N/A
35912,75912,N/A
35913,75913,N/A
35914,75914,N/A
35915,75915,N/A
35916,75916,N/A
35917,75917,N/A
35918,75918,N/A
35919,75919,N/A
35920,75920,N/A
35921,75921,N/A
35922,75922,N/A
35923,75923,N/A
35924,75924,N/A
35925,75925,N/A
35926,75926,N/A
35927,75927,N/A
35928,75928,N/A
35929,75929,N/A
35930,75930,N/A
35931,75931,N/A
35932,75932,N/A
35933,75933,N/A
35934,75934,N/A
35935,75935,N/A
35936,75936,N/A
35937,75937,N/A
35938,75938,N/A
35939,75939,N/A
35940,75940,N/A
35941,75941,N/A
35942,75942,N/A
35943,75943,N/A
35944,75944,N/A
35945,75945,N/A
35946,75946,N/A
35947,75947,N/A
35948,75948,N/A
35949,75949,N/A
35950,75950,N/A
35951,75951,N/A
35952,75952,N/A
35953,75953,N/A
35954,75954,N/A
35955,75955,N/A
35956,75956,N/A
35957,75957,N/A
35958,75958,N/A
35959,75959,N/A
35960,75960,N/A
35961,75961,N/A
35962,75962,N/A
35963,75963,N/A
35964,75964,N/A
35965,75965,N/A
35966,75966,N/A
35967,75967,N/A
35968,75968,N/A
35969,75969,N/A
35970,75970,N/A
35971,75971,N/A
35972,75972,N/A
35973,75973,N/A
35974,75974,N/A
35975,75975,N/A
35976,75976,N/A
35977,75977,N/A
35978,75978,N/A
35979,75979,N/A
35980,75980,N/A
35981,75981,N/A
35982,75982,N/A
35983,75983,N/A
35984,75984,N/A
35985,75985,N/A
35986,75986,N/A
35987,75987,N/A
35988,75988,N/A
35989,75989,N/A
35990,75990,N/A
35991,75991,N/A
35992,75992,N/A
35993,75993,N/A
35994,75994,N/A
35995,75995,N/A
35996,75996,N/A
35997,75997,N/A
35998,75998,N/A
35999,75999,N/A
36000,76000,N/A
36001,76001,N/A
36002,76002,N/A
36003,76003,N/A
36004,76004,N/A
36005,76005,N/A
36006,76006,N/A
36007,76007,N/A
36008,76008,N/A
36009,76009,N/A
36010,76010,N/A
36011,76011,N/A
36012,76012,N/A
36013,76013,N/A
36014,76014,N/A
36015,76015,N/A
36016,76016,N/A
36017,76017,N/A
36018,76018,N/A
36019,76019,N/A
36020,76020,N/A
36021,76021,N/A
36022,76022,N/A
36023,76023,N/A
36024,76024,N/A
36025,76025,N/A
36026,76026,N/A
36027,76027,N/A
36028,76028,N/A
36029,76029,N/A
36030,76030,N/A
36031,76031,N/A
36032,76032,N/A
36033,76033,N/A
36034,76034,N/A
36035,76035,N/A
36036,76036,N/A
36037,76037,N/A
36038,76038,N/A
36039,76039,N/A
36040,76040,N/A
36041,76041,N/A
36042,76042,N/A
36043,76043,N/A
36044,76044,N/A
36045,76045,N/A
36046,76046,N/A
36047,76047,N/A
36048,76048,N/A
36049,76049,N/A
36050,76050,N/A
36051,76051,N/A
36052,76052,N/A
36053,76053,N/A
36054,76054,N/A
36055,76055,N/A
36056,76056,N/A
36057,76057,N/A
36058,76058,N/A
36059,76059,N/A
36060,76060,N/A
36061,76061,N/A
36062,76062,N/A
36063,76063,N/A
36064,76064,N/A
36065,76065,N/A
36066,76066,N/A
36067,76067,N/A
36068,76068,N/A
36069,76069,N/A
36070,76070,N/A
36071,76071,N/A
36072,76072,N/A
36073,76073,N/A
36074,76074,N/A
36075,76075,N/A
36076,76076,N/A
36077,76077,N/A
36078,76078,N/A
36079,76079,N/A
36080,76080,N/A
36081,76081,N/A
36082,76082,N/A
36083,76083,N/A
36084,76084,N/A
36085,76085,N/A
36086,76086,N/A
36087,76087,N/A
36088,76088,N/A
36089,76089,N/A
36090,76090,N/A
36091,76091,N/A
36092,76092,N/A
36093,76093,N/A
36094,76094,N/A
36095,76095,N/A
36096,76096,N/A
36097,76097,N/A
36098,76098,N/A
36099,76099,N/A
36100,76100,N/A
36101,76101,N/A
36102,76102,N/A
36103,76103,N/A
36104,76104,N/A
36105,76105,N/A
36106,76106,N/A
36107,76107,N/A
36108,76108,N/A
36109,76109,N/A
36110,76110,N/A
36111,76111,N/A
36112,76112,N/A
36113,76113,N/A
36114,76114,N/A
36115,76115,N/A
36116,76116,N/A
36117,76117,N/A
36118,76118,N/A
36119,76119,N/A
36120,76120,N/A
36121,76121,N/A
36122,76122,N/A
36123,76123,N/A
36124,76124,N/A
36125,76125,N/A
36126,76126,N/A
36127,76127,N/A
36128,76128,N/A
36129,76129,N/A
36130,76130,N/A
36131,76131,N/A
36132,76132,N/A
36133,76133,N/A
36134,76134,N/A
36135,76135,N/A
36136,76136,N/A
36137,76137,N/A
36138,76138,N/A
36139,76139,N/A
36140,76140,N/A
36141,76141,N/A
36142,76142,N/A
36143,76143,N/A
36144,76144,N/A
36145,76145,N/A
36146,76146,N/A
36147,76147,N/A
36148,76148,N/A
36149,76149,N/A
36150,76150,N/A
36151,76151,N/A
36152,76152,N/A
36153,76153,N/A
36154,76154,N/A
36155,76155,N/A
36156,76156,N/A
36157,76157,N/A
36158,76158,N/A
36159,76159,N/A
36160,76160,N/A
36161,76161,N/A
36162,76162,N/A
36163,76163,N/A
36164,76164,N/A
36165,76165,N/A
36166,76166,N/A
36167,76167,N/A
36168,76168,N/A
36169,76169,N/A
36170,76170,N/A
36171,76171,N/A
36172,76172,N/A
36173,76173,N/A
36174,76174,N/A
36175,76175,N/A
36176,76176,N/A
36177,76177,N/A
36178,76178,N/A
36179,76179,N/A
36180,76180,N/A
36181,76181,N/A
36182,76182,N/A
36183,76183,N/A
36184,76184,N/A
36185,76185,N/A
36186,76186,N/A
36187,76187,N/A
36188,76188,N/A
36189,76189,N/A
36190,76190,N/A
36191,76191,N/A
36192,76192,N/A
36193,76193,N/A
36194,76194,N/A
36195,76195,N/A
36196,76196,N/A
36197,76197,N/A
36198,76198,N/A
36199,76199,N/A
36200,76200,N/A
36201,76201,N/A
36202,76202,N/A
36203,76203,N/A
36204,76204,N/A
36205,76205,N/A
36206,76206,N/A
36207,76207,N/A
36208,76208,N/A
36209,76209,N/A
36210,76210,N/A
36211,76211,N/A
36212,76212,N/A
36213,76213,N/A
36214,76214,N/A
36215,76215,N/A
36216,76216,N/A
36217,76217,N/A
36218,76218,N/A
36219,76219,N/A
36220,76220,N/A
36221,76221,N/A
36222,76222,N/A
36223,76223,N/A
36224,76224,N/A
36225,76225,N/A
36226,76226,N/A
36227,76227,N/A
36228,76228,N/A
36229,76229,N/A
36230,76230,N/A
36231,76231,N/A
36232,76232,N/A
36233,76233,N/A
36234,76234,N/A
36235,76235,N/A
36236,76236,N/A
36237,76237,N/A
36238,76238,N/A
36239,76239,N/A
36240,76240,N/A
36241,76241,N/A
36242,76242,N/A
36243,76243,N/A
36244,76244,N/A
36245,76245,N/A
36246,76246,N/A
36247,76247,N/A
36248,76248,N/A
36249,76249,N/A
36250,76250,N/A
36251,76251,N/A
36252,76252,N/A
36253,76253,N/A
36254,76254,N/A
36255,76255,N/A
36256,76256,N/A
36257,76257,N/A
36258,76258,N/A
36259,76259,N/A
36260,76260,N/A
36261,76261,N/A
36262,76262,N/A
36263,76263,N/A
36264,76264,N/A
36265,76265,N/A
36266,76266,N/A
36267,76267,N/A
36268,76268,N/A
36269,76269,N/A
36270,76270,N/A
36271,76271,N/A
36272,76272,N/A
36273,76273,N/A
36274,76274,N/A
36275,76275,N/A
36276,76276,N/A
36277,76277,N/A
36278,76278,N/A
36279,76279,N/A
36280,76280,N/A
36281,76281,N/A
36282,76282,N/A
36283,76283,N/A
36284,76284,N/A
36285,76285,N/A
36286,76286,N/A
36287,76287,N/A
36288,76288,N/A
36289,76289,N/A
36290,76290,N/A
36291,76291,N/A
36292,76292,N/A
36293,76293,N/A
36294,76294,N/A
36295,76295,N/A
36296,76296,N/A
36297,76297,N/A
36298,76298,N/A
36299,76299,N/A
36300,76300,N/A
36301,76301,N/A
36302,76302,N/A
36303,76303,N/A
36304,76304,N/A
36305,76305,N/A
36306,76306,N/A
36307,76307,N/A
36308,76308,N/A
36309,76309,N/A
36310,76310,N/A
36311,76311,N/A
36312,76312,N/A
36313,76313,N/A
36314,76314,N/A
36315,76315,N/A
36316,76316,N/A
36317,76317,N/A
36318,76318,N/A
36319,76319,N/A
36320,76320,N/A
36321,76321,N/A
36322,76322,N/A
36323,76323,N/A
36324,76324,N/A
36325,76325,N/A
36326,76326,N/A
36327,76327,N/A
36328,76328,N/A
36329,76329,N/A
36330,76330,N/A
36331,76331,N/A
36332,76332,N/A
36333,76333,N/A
36334,76334,N/A
36335,76335,N/A
36336,76336,N/A
36337,76337,N/A
36338,76338,N/A
36339,76339,N/A
36340,76340,N/A
36341,76341,N/A
36342,76342,N/A
36343,76343,N/A
36344,76344,N/A
36345,76345,N/A
36346,76346,N/A
36347,76347,N/A
36348,76348,N/A
36349,76349,N/A
36350,76350,N/A
36351,76351,N/A
36352,76352,N/A
36353,76353,N/A
36354,76354,N/A
36355,76355,N/A
36356,76356,N/A
36357,76357,N/A
36358,76358,N/A
36359,76359,N/A
36360,76360,N/A
36361,76361,N/A
36362,76362,N/A
36363,76363,N/A
36364,76364,N/A
36365,76365,N/A
36366,76366,N/A
36367,76367,N/A
36368,76368,N/A
36369,76369,N/A
36370,76370,N/A
36371,76371,N/A
36372,76372,N/A
36373,76373,N/A
36374,76374,N/A
36375,76375,N/A
36376,76376,N/A
36377,76377,N/A
36378,76378,N/A
36379,76379,N/A
36380,76380,N/A
36381,76381,N/A
36382,76382,N/A
36383,76383,N/A
36384,76384,N/A
36385,76385,N/A
36386,76386,N/A
36387,76387,N/A
36388,76388,N/A
36389,76389,N/A
36390,76390,N/A
36391,76391,N/A
36392,76392,N/A
36393,76393,N/A
36394,76394,N/A
36395,76395,N/A
36396,76396,N/A
36397,76397,N/A
36398,76398,N/A
36399,76399,N/A
36400,76400,N/A
36401,76401,N/A
36402,76402,N/A
36403,76403,N/A
36404,76404,N/A
36405,76405,N/A
36406,76406,N/A
36407,76407,N/A
36408,76408,N/A
36409,76409,N/A
36410,76410,N/A
36411,76411,N/A
36412,76412,N/A
36413,76413,N/A
36414,76414,N/A
36415,76415,N/A
36416,76416,N/A
36417,76417,N/A
36418,76418,N/A
36419,76419,N/A
36420,76420,N/A
36421,76421,N/A
36422,76422,N/A
36423,76423,N/A
36424,76424,N/A
36425,76425,N/A
36426,76426,N/A
36427,76427,N/A
36428,76428,N/A
36429,76429,N/A
36430,76430,N/A
36431,76431,N/A
36432,76432,N/A
36433,76433,N/A
36434,76434,N/A
36435,76435,N/A
36436,76436,N/A
36437,76437,N/A
36438,76438,N/A
36439,76439,N/A
36440,76440,N/A
36441,76441,N/A
36442,76442,N/A
36443,76443,N/A
36444,76444,N/A
36445,76445,N/A
36446,76446,N/A
36447,76447,N/A
36448,76448,N/A
36449,76449,N/A
36450,76450,N/A
36451,76451,N/A
36452,76452,N/A
36453,76453,N/A
36454,76454,N/A
36455,76455,N/A
36456,76456,N/A
36457,76457,N/A
36458,76458,N/A
36459,76459,N/A
36460,76460,N/A
36461,76461,N/A
36462,76462,N/A
36463,76463,N/A
36464,76464,N/A
36465,76465,N/A
36466,76466,N/A
36467,76467,N/A
36468,76468,N/A
36469,76469,N/A
36470,76470,N/A
36471,76471,N/A
36472,76472,N/A
36473,76473,N/A
36474,76474,N/A
36475,76475,N/A
36476,76476,N/A
36477,76477,N/A
36478,76478,N/A
36479,76479,N/A
36480,76480,N/A
36481,76481,N/A
36482,76482,N/A
36483,76483,N/A
36484,76484,N/A
36485,76485,N/A
36486,76486,N/A
36487,76487,N/A
36488,76488,N/A
36489,76489,N/A
36490,76490,N/A
36491,76491,N/A
36492,76492,N/A
36493,76493,N/A
36494,76494,N/A
36495,76495,N/A
36496,76496,N/A
36497,76497,N/A
36498,76498,N/A
36499,76499,N/A
36500,76500,N/A
36501,76501,N/A
36502,76502,N/A
36503,76503,N/A
36504,76504,N/A
36505,76505,N/A
36506,76506,N/A
36507,76507,N/A
36508,76508,N/A
36509,76509,N/A
36510,76510,N/A
36511,76511,N/A
36512,76512,N/A
36513,76513,N/A
36514,76514,N/A
36515,76515,N/A
36516,76516,N/A
36517,76517,N/A
36518,76518,N/A
36519,76519,N/A
36520,76520,N/A
36521,76521,N/A
36522,76522,N/A
36523,76523,N/A
36524,76524,N/A
36525,76525,N/A
36526,76526,N/A
36527,76527,N/A
36528,76528,N/A
36529,76529,N/A
36530,76530,N/A
36531,76531,N/A
36532,76532,N/A
36533,76533,N/A
36534,76534,N/A
36535,76535,N/A
36536,76536,N/A
36537,76537,N/A
36538,76538,N/A
36539,76539,N/A
36540,76540,N/A
36541,76541,N/A
36542,76542,N/A
36543,76543,N/A
36544,76544,N/A
36545,76545,N/A
36546,76546,N/A
36547,76547,N/A
36548,76548,N/A
36549,76549,N/A
36550,76550,N/A
36551,76551,N/A
36552,76552,N/A
36553,76553,N/A
36554,76554,N/A
36555,76555,N/A
36556,76556,N/A
36557,76557,N/A
36558,76558,N/A
36559,76559,N/A
36560,76560,N/A
36561,76561,N/A
36562,76562,N/A
36563,76563,N/A
36564,76564,N/A
36565,76565,N/A
36566,76566,N/A
36567,76567,N/A
36568,76568,N/A
36569,76569,N/A
36570,76570,N/A
36571,76571,N/A
36572,76572,N/A
36573,76573,N/A
36574,76574,N/A
36575,76575,N/A
36576,76576,N/A
36577,76577,N/A
36578,76578,N/A
36579,76579,N/A
36580,76580,N/A
36581,76581,N/A
36582,76582,N/A
36583,76583,N/A
36584,76584,N/A
36585,76585,N/A
36586,76586,N/A
36587,76587,N/A
36588,76588,N/A
36589,76589,N/A
36590,76590,N/A
36591,76591,N/A
36592,76592,N/A
36593,76593,N/A
36594,76594,N/A
36595,76595,N/A
36596,76596,N/A
36597,76597,N/A
36598,76598,N/A
36599,76599,N/A
36600,76600,N/A
36601,76601,N/A
36602,76602,N/A
36603,76603,N/A
36604,76604,N/A
36605,76605,N/A
36606,76606,N/A
36607,76607,N/A
36608,76608,N/A
36609,76609,N/A
36610,76610,N/A
36611,76611,N/A
36612,76612,N/A
36613,76613,N/A
36614,76614,N/A
36615,76615,N/A
36616,76616,N/A
36617,76617,N/A
36618,76618,N/A
36619,76619,N/A
36620,76620,N/A
36621,76621,N/A
36622,76622,N/A
36623,76623,N/A
36624,76624,N/A
36625,76625,N/A
36626,76626,N/A
36627,76627,N/A
36628,76628,N/A
36629,76629,N/A
36630,76630,N/A
36631,76631,N/A
36632,76632,N/A
36633,76633,N/A
36634,76634,N/A
36635,76635,N/A
36636,76636,N/A
36637,76637,N/A
36638,76638,N/A
36639,76639,N/A
36640,76640,N/A
36641,76641,N/A
36642,76642,N/A
36643,76643,N/A
36644,76644,N/A
36645,76645,N/A
36646,76646,N/A
36647,76647,N/A
36648,76648,N/A
36649,76649,N/A
36650,76650,N/A
36651,76651,N/A
36652,76652,N/A
36653,76653,N/A
36654,76654,N/A
36655,76655,N/A
36656,76656,N/A
36657,76657,N/A
36658,76658,N/A
36659,76659,N/A
36660,76660,N/A
36661,76661,N/A
36662,76662,N/A
36663,76663,N/A
36664,76664,N/A
36665,76665,N/A
36666,76666,N/A
36667,76667,N/A
36668,76668,N/A
36669,76669,N/A
36670,76670,N/A
36671,76671,N/A
36672,76672,N/A
36673,76673,N/A
36674,76674,N/A
36675,76675,N/A
36676,76676,N/A
36677,76677,N/A
36678,76678,N/A
36679,76679,N/A
36680,76680,N/A
36681,76681,N/A
36682,76682,N/A
36683,76683,N/A
36684,76684,N/A
36685,76685,N/A
36686,76686,N/A
36687,76687,N/A
36688,76688,N/A
36689,76689,N/A
36690,76690,N/A
36691,76691,N/A
36692,76692,N/A
36693,76693,N/A
36694,76694,N/A
36695,76695,N/A
36696,76696,N/A
36697,76697,N/A
36698,76698,N/A
36699,76699,N/A
36700,76700,N/A
36701,76701,N/A
36702,76702,N/A
36703,76703,N/A
36704,76704,N/A
36705,76705,N/A
36706,76706,N/A
36707,76707,N/A
36708,76708,N/A
36709,76709,N/A
36710,76710,N/A
36711,76711,N/A
36712,76712,N/A
36713,76713,N/A
36714,76714,N/A
36715,76715,N/A
36716,76716,N/A
36717,76717,N/A
36718,76718,N/A
36719,76719,N/A
36720,76720,N/A
36721,76721,N/A
36722,76722,N/A
36723,76723,N/A
36724,76724,N/A
36725,76725,N/A
36726,76726,N/A
36727,76727,N/A
36728,76728,N/A
36729,76729,N/A
36730,76730,N/A
36731,76731,N/A
36732,76732,N/A
36733,76733,N/A
36734,76734,N/A
36735,76735,N/A
36736,76736,N/A
36737,76737,N/A
36738,76738,N/A
36739,76739,N/A
36740,76740,N/A
36741,76741,N/A
36742,76742,N/A
36743,76743,N/A
36744,76744,N/A
36745,76745,N/A
36746,76746,N/A
36747,76747,N/A
36748,76748,N/A
36749,76749,N/A
36750,76750,N/A
36751,76751,N/A
36752,76752,N/A
36753,76753,N/A
36754,76754,N/A
36755,76755,N/A
36756,76756,N/A
36757,76757,N/A
36758,76758,N/A
36759,76759,N/A
36760,76760,N/A
36761,76761,N/A
36762,76762,N/A
36763,76763,N/A
36764,76764,N/A
36765,76765,N/A
36766,76766,N/A
36767,76767,N/A
36768,76768,N/A
36769,76769,N/A
36770,76770,N/A
36771,76771,N/A
36772,76772,N/A
36773,76773,N/A
36774,76774,N/A
36775,76775,N/A
36776,76776,N/A
36777,76777,N/A
36778,76778,N/A
36779,76779,N/A
36780,76780,N/A
36781,76781,N/A
36782,76782,N/A
36783,76783,N/A
36784,76784,N/A
36785,76785,N/A
36786,76786,N/A
36787,76787,N/A
36788,76788,N/A
36789,76789,N/A
36790,76790,N/A
36791,76791,N/A
36792,76792,N/A
36793,76793,N/A
36794,76794,N/A
36795,76795,N/A
36796,76796,N/A
36797,76797,N/A
36798,76798,N/A
36799,76799,N/A
36800,76800,N/A
36801,76801,N/A
36802,76802,N/A
36803,76803,N/A
36804,76804,N/A
36805,76805,N/A
36806,76806,N/A
36807,76807,N/A
36808,76808,N/A
36809,76809,N/A
36810,76810,N/A
36811,76811,N/A
36812,76812,N/A
36813,76813,N/A
36814,76814,N/A
36815,76815,N/A
36816,76816,N/A
36817,76817,N/A
36818,76818,N/A
36819,76819,N/A
36820,76820,N/A
36821,76821,N/A
36822,76822,N/A
36823,76823,N/A
36824,76824,N/A
36825,76825,N/A
36826,76826,N/A
36827,76827,N/A
36828,76828,N/A
36829,76829,N/A
36830,76830,N/A
36831,76831,N/A
36832,76832,N/A
36833,76833,N/A
36834,76834,N/A
36835,76835,N/A
36836,76836,N/A
36837,76837,N/A
36838,76838,N/A
36839,76839,N/A
36840,76840,N/A
36841,76841,N/A
36842,76842,N/A
36843,76843,N/A
36844,76844,N/A
36845,76845,N/A
36846,76846,N/A
36847,76847,N/A
36848,76848,N/A
36849,76849,N/A
36850,76850,N/A
36851,76851,N/A
36852,76852,N/A
36853,76853,N/A
36854,76854,N/A
36855,76855,N/A
36856,76856,N/A
36857,76857,N/A
36858,76858,N/A
36859,76859,N/A
36860,76860,N/A
36861,76861,N/A
36862,76862,N/A
36863,76863,N/A
36864,76864,N/A
36865,76865,N/A
36866,76866,N/A
36867,76867,N/A
36868,76868,N/A
36869,76869,N/A
36870,76870,N/A
36871,76871,N/A
36872,76872,N/A
36873,76873,N/A
36874,76874,N/A
36875,76875,N/A
36876,76876,N/A
36877,76877,N/A
36878,76878,N/A
36879,76879,N/A
36880,76880,N/A
36881,76881,N/A
36882,76882,N/A
36883,76883,N/A
36884,76884,N/A
36885,76885,N/A
36886,76886,N/A
36887,76887,N/A
36888,76888,N/A
36889,76889,N/A
36890,76890,N/A
36891,76891,N/A
36892,76892,N/A
36893,76893,N/A
36894,76894,N/A
36895,76895,N/A
36896,76896,N/A
36897,76897,N/A
36898,76898,N/A
36899,76899,N/A
36900,76900,N/A
36901,76901,N/A
36902,76902,N/A
36903,76903,N/A
36904,76904,N/A
36905,76905,N/A
36906,76906,N/A
36907,76907,N/A
36908,76908,N/A
36909,76909,N/A
36910,76910,N/A
36911,76911,N/A
36912,76912,N/A
36913,76913,N/A
36914,76914,N/A
36915,76915,N/A
36916,76916,N/A
36917,76917,N/A
36918,76918,N/A
36919,76919,N/A
36920,76920,N/A
36921,76921,N/A
36922,76922,N/A
36923,76923,N/A
36924,76924,N/A
36925,76925,N/A
36926,76926,N/A
36927,76927,N/A
36928,76928,N/A
36929,76929,N/A
36930,76930,N/A
36931,76931,N/A
36932,76932,N/A
36933,76933,N/A
36934,76934,N/A
36935,76935,N/A
36936,76936,N/A
36937,76937,N/A
36938,76938,N/A
36939,76939,N/A
36940,76940,N/A
36941,76941,N/A
36942,76942,N/A
36943,76943,N/A
36944,76944,N/A
36945,76945,N/A
36946,76946,N/A
36947,76947,N/A
36948,76948,N/A
36949,76949,N/A
36950,76950,N/A
36951,76951,N/A
36952,76952,N/A
36953,76953,N/A
36954,76954,N/A
36955,76955,N/A
36956,76956,N/A
36957,76957,N/A
36958,76958,N/A
36959,76959,N/A
36960,76960,N/A
36961,76961,N/A
36962,76962,N/A
36963,76963,N/A
36964,76964,N/A
36965,76965,N/A
36966,76966,N/A
36967,76967,N/A
36968,76968,N/A
36969,76969,N/A
36970,76970,N/A
36971,76971,N/A
36972,76972,N/A
36973,76973,N/A
36974,76974,N/A
36975,76975,N/A
36976,76976,N/A
36977,76977,N/A
36978,76978,N/A
36979,76979,N/A
36980,76980,N/A
36981,76981,N/A
36982,76982,N/A
36983,76983,N/A
36984,76984,N/A
36985,76985,N/A
36986,76986,N/A
36987,76987,N/A
36988,76988,N/A
36989,76989,N/A
36990,76990,N/A
36991,76991,N/A
36992,76992,N/A
36993,76993,N/A
36994,76994,N/A
36995,76995,N/A
36996,76996,N/A
36997,76997,N/A
36998,76998,N/A
36999,76999,N/A
37000,77000,N/A
37001,77001,N/A
37002,77002,N/A
37003,77003,N/A
37004,77004,N/A
37005,77005,N/A
37006,77006,N/A
37007,77007,N/A
37008,77008,N/A
37009,77009,N/A
37010,77010,N/A
37011,77011,N/A
37012,77012,N/A
37013,77013,N/A
37014,77014,N/A
37015,77015,N/A
37016,77016,N/A
37017,77017,N/A
37018,77018,N/A
37019,77019,N/A
37020,77020,N/A
37021,77021,N/A
37022,77022,N/A
37023,77023,N/A
37024,77024,N/A
37025,77025,N/A
37026,77026,N/A
37027,77027,N/A
37028,77028,N/A
37029,77029,N/A
37030,77030,N/A
37031,77031,N/A
37032,77032,N/A
37033,77033,N/A
37034,77034,N/A
37035,77035,N/A
37036,77036,N/A
37037,77037,N/A
37038,77038,N/A
37039,77039,N/A
37040,77040,N/A
37041,77041,N/A
37042,77042,N/A
37043,77043,N/A
37044,77044,N/A
37045,77045,N/A
37046,77046,N/A
37047,77047,N/A
37048,77048,N/A
37049,77049,N/A
37050,77050,N/A
37051,77051,N/A
37052,77052,N/A
37053,77053,N/A
37054,77054,N/A
37055,77055,N/A
37056,77056,N/A
37057,77057,N/A
37058,77058,N/A
37059,77059,N/A
37060,77060,N/A
37061,77061,N/A
37062,77062,N/A
37063,77063,N/A
37064,77064,N/A
37065,77065,N/A
37066,77066,N/A
37067,77067,N/A
37068,77068,N/A
37069,77069,N/A
37070,77070,N/A
37071,77071,N/A
37072,77072,N/A
37073,77073,N/A
37074,77074,N/A
37075,77075,N/A
37076,77076,N/A
37077,77077,N/A
37078,77078,N/A
37079,77079,N/A
37080,77080,N/A
37081,77081,N/A
37082,77082,N/A
37083,77083,N/A
37084,77084,N/A
37085,77085,N/A
37086,77086,N/A
37087,77087,N/A
37088,77088,N/A
37089,77089,N/A
37090,77090,N/A
37091,77091,N/A
37092,77092,N/A
37093,77093,N/A
37094,77094,N/A
37095,77095,N/A
37096,77096,N/A
37097,77097,N/A
37098,77098,N/A
37099,77099,N/A
37100,77100,N/A
37101,77101,N/A
37102,77102,N/A
37103,77103,N/A
37104,77104,N/A
37105,77105,N/A
37106,77106,N/A
37107,77107,N/A
37108,77108,N/A
37109,77109,N/A
37110,77110,N/A
37111,77111,N/A
37112,77112,N/A
37113,77113,N/A
37114,77114,N/A
37115,77115,N/A
37116,77116,N/A
37117,77117,N/A
37118,77118,N/A
37119,77119,N/A
37120,77120,N/A
37121,77121,N/A
37122,77122,N/A
37123,77123,N/A
37124,77124,N/A
37125,77125,N/A
37126,77126,N/A
37127,77127,N/A
37128,77128,N/A
37129,77129,N/A
37130,77130,N/A
37131,77131,N/A
37132,77132,N/A
37133,77133,N/A
37134,77134,N/A
37135,77135,N/A
37136,77136,N/A
37137,77137,N/A
37138,77138,N/A
37139,77139,N/A
37140,77140,N/A
37141,77141,N/A
37142,77142,N/A
37143,77143,N/A
37144,77144,N/A
37145,77145,N/A
37146,77146,N/A
37147,77147,N/A
37148,77148,N/A
37149,77149,N/A
37150,77150,N/A
37151,77151,N/A
37152,77152,N/A
37153,77153,N/A
37154,77154,N/A
37155,77155,N/A
37156,77156,N/A
37157,77157,N/A
37158,77158,N/A
37159,77159,N/A
37160,77160,N/A
37161,77161,N/A
37162,77162,N/A
37163,77163,N/A
37164,77164,N/A
37165,77165,N/A
37166,77166,N/A
37167,77167,N/A
37168,77168,N/A
37169,77169,N/A
37170,77170,N/A
37171,77171,N/A
37172,77172,N/A
37173,77173,N/A
37174,77174,N/A
37175,77175,N/A
37176,77176,N/A
37177,77177,N/A
37178,77178,N/A
37179,77179,N/A
37180,77180,N/A
37181,77181,N/A
37182,77182,N/A
37183,77183,N/A
37184,77184,N/A
37185,77185,N/A
37186,77186,N/A
37187,77187,N/A
37188,77188,N/A
37189,77189,N/A
37190,77190,N/A
37191,77191,N/A
37192,77192,N/A
37193,77193,N/A
37194,77194,N/A
37195,77195,N/A
37196,77196,N/A
37197,77197,N/A
37198,77198,N/A
37199,77199,N/A
37200,77200,N/A
37201,77201,N/A
37202,77202,N/A
37203,77203,N/A
37204,77204,N/A
37205,77205,N/A
37206,77206,N/A
37207,77207,N/A
37208,77208,N/A
37209,77209,N/A
37210,77210,N/A
37211,77211,N/A
37212,77212,N/A
37213,77213,N/A
37214,77214,N/A
37215,77215,N/A
37216,77216,N/A
37217,77217,N/A
37218,77218,N/A
37219,77219,N/A
37220,77220,N/A
37221,77221,N/A
37222,77222,N/A
37223,77223,N/A
37224,77224,N/A
37225,77225,N/A
37226,77226,N/A
37227,77227,N/A
37228,77228,N/A
37229,77229,N/A
37230,77230,N/A
37231,77231,N/A
37232,77232,N/A
37233,77233,N/A
37234,77234,N/A
37235,77235,N/A
37236,77236,N/A
37237,77237,N/A
37238,77238,N/A
37239,77239,N/A
37240,77240,N/A
37241,77241,N/A
37242,77242,N/A
37243,77243,N/A
37244,77244,N/A
37245,77245,N/A
37246,77246,N/A
37247,77247,N/A
37248,77248,N/A
37249,77249,N/A
37250,77250,N/A
37251,77251,N/A
37252,77252,N/A
37253,77253,N/A
37254,77254,N/A
37255,77255,N/A
37256,77256,N/A
37257,77257,N/A
37258,77258,N/A
37259,77259,N/A
37260,77260,N/A
37261,77261,N/A
37262,77262,N/A
37263,77263,N/A
37264,77264,N/A
37265,77265,N/A
37266,77266,N/A
37267,77267,N/A
37268,77268,N/A
37269,77269,N/A
37270,77270,N/A
37271,77271,N/A
37272,77272,N/A
37273,77273,N/A
37274,77274,N/A
37275,77275,N/A
37276,77276,N/A
37277,77277,N/A
37278,77278,N/A
37279,77279,N/A
37280,77280,N/A
37281,77281,N/A
37282,77282,N/A
37283,77283,N/A
37284,77284,N/A
37285,77285,N/A
37286,77286,N/A
37287,77287,N/A
37288,77288,N/A
37289,77289,N/A
37290,77290,N/A
37291,77291,N/A
37292,77292,N/A
37293,77293,N/A
37294,77294,N/A
37295,77295,N/A
37296,77296,N/A
37297,77297,N/A
37298,77298,N/A
37299,77299,N/A
37300,77300,N/A
37301,77301,N/A
37302,77302,N/A
37303,77303,N/A
37304,77304,N/A
37305,77305,N/A
37306,77306,N/A
37307,77307,N/A
37308,77308,N/A
37309,77309,N/A
37310,77310,N/A
37311,77311,N/A
37312,77312,N/A
37313,77313,N/A
37314,77314,N/A
37315,77315,N/A
37316,77316,N/A
37317,77317,N/A
37318,77318,N/A
37319,77319,N/A
37320,77320,N/A
37321,77321,N/A
37322,77322,N/A
37323,77323,N/A
37324,77324,N/A
37325,77325,N/A
37326,77326,N/A
37327,77327,N/A
37328,77328,N/A
37329,77329,N/A
37330,77330,N/A
37331,77331,N/A
37332,77332,N/A
37333,77333,N/A
37334,77334,N/A
37335,77335,N/A
37336,77336,N/A
37337,77337,N/A
37338,77338,N/A
37339,77339,N/A
37340,77340,N/A
37341,77341,N/A
37342,77342,N/A
37343,77343,N/A
37344,77344,N/A
37345,77345,N/A
37346,77346,N/A
37347,77347,N/A
37348,77348,N/A
37349,77349,N/A
37350,77350,N/A
37351,77351,N/A
37352,77352,N/A
37353,77353,N/A
37354,77354,N/A
37355,77355,N/A
37356,77356,N/A
37357,77357,N/A
37358,77358,N/A
37359,77359,N/A
37360,77360,N/A
37361,77361,N/A
37362,77362,N/A
37363,77363,N/A
37364,77364,N/A
37365,77365,N/A
37366,77366,N/A
37367,77367,N/A
37368,77368,N/A
37369,77369,N/A
37370,77370,N/A
37371,77371,N/A
37372,77372,N/A
37373,77373,N/A
37374,77374,N/A
37375,77375,N/A
37376,77376,N/A
37377,77377,N/A
37378,77378,N/A
37379,77379,N/A
37380,77380,N/A
37381,77381,N/A
37382,77382,N/A
37383,77383,N/A
37384,77384,N/A
37385,77385,N/A
37386,77386,N/A
37387,77387,N/A
37388,77388,N/A
37389,77389,N/A
37390,77390,N/A
37391,77391,N/A
37392,77392,N/A
37393,77393,N/A
37394,77394,N/A
37395,77395,N/A
37396,77396,N/A
37397,77397,N/A
37398,77398,N/A
37399,77399,N/A
37400,77400,N/A
37401,77401,N/A
37402,77402,N/A
37403,77403,N/A
37404,77404,N/A
37405,77405,N/A
37406,77406,N/A
37407,77407,N/A
37408,77408,N/A
37409,77409,N/A
37410,77410,N/A
37411,77411,N/A
37412,77412,N/A
37413,77413,N/A
37414,77414,N/A
37415,77415,N/A
37416,77416,N/A
37417,77417,N/A
37418,77418,N/A
37419,77419,N/A
37420,77420,N/A
37421,77421,N/A
37422,77422,N/A
37423,77423,N/A
37424,77424,N/A
37425,77425,N/A
37426,77426,N/A
37427,77427,N/A
37428,77428,N/A
37429,77429,N/A
37430,77430,N/A
37431,77431,N/A
37432,77432,N/A
37433,77433,N/A
37434,77434,N/A
37435,77435,N/A
37436,77436,N/A
37437,77437,N/A
37438,77438,N/A
37439,77439,N/A
37440,77440,N/A
37441,77441,N/A
37442,77442,N/A
37443,77443,N/A
37444,77444,N/A
37445,77445,N/A
37446,77446,N/A
37447,77447,N/A
37448,77448,N/A
37449,77449,N/A
37450,77450,N/A
37451,77451,N/A
37452,77452,N/A
37453,77453,N/A
37454,77454,N/A
37455,77455,N/A
37456,77456,N/A
37457,77457,N/A
37458,77458,N/A
37459,77459,N/A
37460,77460,N/A
37461,77461,N/A
37462,77462,N/A
37463,77463,N/A
37464,77464,N/A
37465,77465,N/A
37466,77466,N/A
37467,77467,N/A
37468,77468,N/A
37469,77469,N/A
37470,77470,N/A
37471,77471,N/A
37472,77472,N/A
37473,77473,N/A
37474,77474,N/A
37475,77475,N/A
37476,77476,N/A
37477,77477,N/A
37478,77478,N/A
37479,77479,N/A
37480,77480,N/A
37481,77481,N/A
37482,77482,N/A
37483,77483,N/A
37484,77484,N/A
37485,77485,N/A
37486,77486,N/A
37487,77487,N/A
37488,77488,N/A
37489,77489,N/A
37490,77490,N/A
37491,77491,N/A
37492,77492,N/A
37493,77493,N/A
37494,77494,N/A
37495,77495,N/A
37496,77496,N/A
37497,77497,N/A
37498,77498,N/A
37499,77499,N/A
37500,77500,N/A
37501,77501,N/A
37502,77502,N/A
37503,77503,N/A
37504,77504,N/A
37505,77505,N/A
37506,77506,N/A
37507,77507,N/A
37508,77508,N/A
37509,77509,N/A
37510,77510,N/A
37511,77511,N/A
37512,77512,N/A
37513,77513,N/A
37514,77514,N/A
37515,77515,N/A
37516,77516,N/A
37517,77517,N/A
37518,77518,N/A
37519,77519,N/A
37520,77520,N/A
37521,77521,N/A
37522,77522,N/A
37523,77523,N/A
37524,77524,N/A
37525,77525,N/A
37526,77526,N/A
37527,77527,N/A
37528,77528,N/A
37529,77529,N/A
37530,77530,N/A
37531,77531,N/A
37532,77532,N/A
37533,77533,N/A
37534,77534,N/A
37535,77535,N/A
37536,77536,N/A
37537,77537,N/A
37538,77538,N/A
37539,77539,N/A
37540,77540,N/A
37541,77541,N/A
37542,77542,N/A
37543,77543,N/A
37544,77544,N/A
37545,77545,N/A
37546,77546,N/A
37547,77547,N/A
37548,77548,N/A
37549,77549,N/A
37550,77550,N/A
37551,77551,N/A
37552,77552,N/A
37553,77553,N/A
37554,77554,N/A
37555,77555,N/A
37556,77556,N/A
37557,77557,N/A
37558,77558,N/A
37559,77559,N/A
37560,77560,N/A
37561,77561,N/A
37562,77562,N/A
37563,77563,N/A
37564,77564,N/A
37565,77565,N/A
37566,77566,N/A
37567,77567,N/A
37568,77568,N/A
37569,77569,N/A
37570,77570,N/A
37571,77571,N/A
37572,77572,N/A
37573,77573,N/A
37574,77574,N/A
37575,77575,N/A
37576,77576,N/A
37577,77577,N/A
37578,77578,N/A
37579,77579,N/A
37580,77580,N/A
37581,77581,N/A
37582,77582,N/A
37583,77583,N/A
37584,77584,N/A
37585,77585,N/A
37586,77586,N/A
37587,77587,N/A
37588,77588,N/A
37589,77589,N/A
37590,77590,N/A
37591,77591,N/A
37592,77592,N/A
37593,77593,N/A
37594,77594,N/A
37595,77595,N/A
37596,77596,N/A
37597,77597,N/A
37598,77598,N/A
37599,77599,N/A
37600,77600,N/A
37601,77601,N/A
37602,77602,N/A
37603,77603,N/A
37604,77604,N/A
37605,77605,N/A
37606,77606,N/A
37607,77607,N/A
37608,77608,N/A
37609,77609,N/A
37610,77610,N/A
37611,77611,N/A
37612,77612,N/A
37613,77613,N/A
37614,77614,N/A
37615,77615,N/A
37616,77616,N/A
37617,77617,N/A
37618,77618,N/A
37619,77619,N/A
37620,77620,N/A
37621,77621,N/A
37622,77622,N/A
37623,77623,N/A
37624,77624,N/A
37625,77625,N/A
37626,77626,N/A
37627,77627,N/A
37628,77628,N/A
37629,77629,N/A
37630,77630,N/A
37631,77631,N/A
37632,77632,N/A
37633,77633,N/A
37634,77634,N/A
37635,77635,N/A
37636,77636,N/A
37637,77637,N/A
37638,77638,N/A
37639,77639,N/A
37640,77640,N/A
37641,77641,N/A
37642,77642,N/A
37643,77643,N/A
37644,77644,N/A
37645,77645,N/A
37646,77646,N/A
37647,77647,N/A
37648,77648,N/A
37649,77649,N/A
37650,77650,N/A
37651,77651,N/A
37652,77652,N/A
37653,77653,N/A
37654,77654,N/A
37655,77655,N/A
37656,77656,N/A
37657,77657,N/A
37658,77658,N/A
37659,77659,N/A
37660,77660,N/A
37661,77661,N/A
37662,77662,N/A
37663,77663,N/A
37664,77664,N/A
37665,77665,N/A
37666,77666,N/A
37667,77667,N/A
37668,77668,N/A
37669,77669,N/A
37670,77670,N/A
37671,77671,N/A
37672,77672,N/A
37673,77673,N/A
37674,77674,N/A
37675,77675,N/A
37676,77676,N/A
37677,77677,N/A
37678,77678,N/A
37679,77679,N/A
37680,77680,N/A
37681,77681,N/A
37682,77682,N/A
37683,77683,N/A
37684,77684,N/A
37685,77685,N/A
37686,77686,N/A
37687,77687,N/A
37688,77688,N/A
37689,77689,N/A
37690,77690,N/A
37691,77691,N/A
37692,77692,N/A
37693,77693,N/A
37694,77694,N/A
37695,77695,N/A
37696,77696,N/A
37697,77697,N/A
37698,77698,N/A
37699,77699,N/A
37700,77700,N/A
37701,77701,N/A
37702,77702,N/A
37703,77703,N/A
37704,77704,N/A
37705,77705,N/A
37706,77706,N/A
37707,77707,N/A
37708,77708,N/A
37709,77709,N/A
37710,77710,N/A
37711,77711,N/A
37712,77712,N/A
37713,77713,N/A
37714,77714,N/A
37715,77715,N/A
37716,77716,N/A
37717,77717,N/A
37718,77718,N/A
37719,77719,N/A
37720,77720,N/A
37721,77721,N/A
37722,77722,N/A
37723,77723,N/A
37724,77724,N/A
37725,77725,N/A
37726,77726,N/A
37727,77727,N/A
37728,77728,N/A
37729,77729,N/A
37730,77730,N/A
37731,77731,N/A
37732,77732,N/A
37733,77733,N/A
37734,77734,N/A
37735,77735,N/A
37736,77736,N/A
37737,77737,N/A
37738,77738,N/A
37739,77739,N/A
37740,77740,N/A
37741,77741,N/A
37742,77742,N/A
37743,77743,N/A
37744,77744,N/A
37745,77745,N/A
37746,77746,N/A
37747,77747,N/A
37748,77748,N/A
37749,77749,N/A
37750,77750,N/A
37751,77751,N/A
37752,77752,N/A
37753,77753,N/A
37754,77754,N/A
37755,77755,N/A
37756,77756,N/A
37757,77757,N/A
37758,77758,N/A
37759,77759,N/A
37760,77760,N/A
37761,77761,N/A
37762,77762,N/A
37763,77763,N/A
37764,77764,N/A
37765,77765,N/A
37766,77766,N/A
37767,77767,N/A
37768,77768,N/A
37769,77769,N/A
37770,77770,N/A
37771,77771,N/A
37772,77772,N/A
37773,77773,N/A
37774,77774,N/A
37775,77775,N/A
37776,77776,N/A
37777,77777,N/A
37778,77778,N/A
37779,77779,N/A
37780,77780,N/A
37781,77781,N/A
37782,77782,N/A
37783,77783,N/A
37784,77784,N/A
37785,77785,N/A
37786,77786,N/A
37787,77787,N/A
37788,77788,N/A
37789,77789,N/A
37790,77790,N/A
37791,77791,N/A
37792,77792,N/A
37793,77793,N/A
37794,77794,N/A
37795,77795,N/A
37796,77796,N/A
37797,77797,N/A
37798,77798,N/A
37799,77799,N/A
37800,77800,N/A
37801,77801,N/A
37802,77802,N/A
37803,77803,N/A
37804,77804,N/A
37805,77805,N/A
37806,77806,N/A
37807,77807,N/A
37808,77808,N/A
37809,77809,N/A
37810,77810,N/A
37811,77811,N/A
37812,77812,N/A
37813,77813,N/A
37814,77814,N/A
37815,77815,N/A
37816,77816,N/A
37817,77817,N/A
37818,77818,N/A
37819,77819,N/A
37820,77820,N/A
37821,77821,N/A
37822,77822,N/A
37823,77823,N/A
37824,77824,N/A
37825,77825,N/A
37826,77826,N/A
37827,77827,N/A
37828,77828,N/A
37829,77829,N/A
37830,77830,N/A
37831,77831,N/A
37832,77832,N/A
37833,77833,N/A
37834,77834,N/A
37835,77835,N/A
37836,77836,N/A
37837,77837,N/A
37838,77838,N/A
37839,77839,N/A
37840,77840,N/A
37841,77841,N/A
37842,77842,N/A
37843,77843,N/A
37844,77844,N/A
37845,77845,N/A
37846,77846,N/A
37847,77847,N/A
37848,77848,N/A
37849,77849,N/A
37850,77850,N/A
37851,77851,N/A
37852,77852,N/A
37853,77853,N/A
37854,77854,N/A
37855,77855,N/A
37856,77856,N/A
37857,77857,N/A
37858,77858,N/A
37859,77859,N/A
37860,77860,N/A
37861,77861,N/A
37862,77862,N/A
37863,77863,N/A
37864,77864,N/A
37865,77865,N/A
37866,77866,N/A
37867,77867,N/A
37868,77868,N/A
37869,77869,N/A
37870,77870,N/A
37871,77871,N/A
37872,77872,N/A
37873,77873,N/A
37874,77874,N/A
37875,77875,N/A
37876,77876,N/A
37877,77877,N/A
37878,77878,N/A
37879,77879,N/A
37880,77880,N/A
37881,77881,N/A
37882,77882,N/A
37883,77883,N/A
37884,77884,N/A
37885,77885,N/A
37886,77886,N/A
37887,77887,N/A
37888,77888,N/A
37889,77889,N/A
37890,77890,N/A
37891,77891,N/A
37892,77892,N/A
37893,77893,N/A
37894,77894,N/A
37895,77895,N/A
37896,77896,N/A
37897,77897,N/A
37898,77898,N/A
37899,77899,N/A
37900,77900,N/A
37901,77901,N/A
37902,77902,N/A
37903,77903,N/A
37904,77904,N/A
37905,77905,N/A
37906,77906,N/A
37907,77907,N/A
37908,77908,N/A
37909,77909,N/A
37910,77910,N/A
37911,77911,N/A
37912,77912,N/A
37913,77913,N/A
37914,77914,N/A
37915,77915,N/A
37916,77916,N/A
37917,77917,N/A
37918,77918,N/A
37919,77919,N/A
37920,77920,N/A
37921,77921,N/A
37922,77922,N/A
37923,77923,N/A
37924,77924,N/A
37925,77925,N/A
37926,77926,N/A
37927,77927,N/A
37928,77928,N/A
37929,77929,N/A
37930,77930,N/A
37931,77931,N/A
37932,77932,N/A
37933,77933,N/A
37934,77934,N/A
37935,77935,N/A
37936,77936,N/A
37937,77937,N/A
37938,77938,N/A
37939,77939,N/A
37940,77940,N/A
37941,77941,N/A
37942,77942,N/A
37943,77943,N/A
37944,77944,N/A
37945,77945,N/A
37946,77946,N/A
37947,77947,N/A
37948,77948,N/A
37949,77949,N/A
37950,77950,N/A
37951,77951,N/A
37952,77952,N/A
37953,77953,N/A
37954,77954,N/A
37955,77955,N/A
37956,77956,N/A
37957,77957,N/A
37958,77958,N/A
37959,77959,N/A
37960,77960,N/A
37961,77961,N/A
37962,77962,N/A
37963,77963,N/A
37964,77964,N/A
37965,77965,N/A
37966,77966,N/A
37967,77967,N/A
37968,77968,N/A
37969,77969,N/A
37970,77970,N/A
37971,77971,N/A
37972,77972,N/A
37973,77973,N/A
37974,77974,N/A
37975,77975,N/A
37976,77976,N/A
37977,77977,N/A
37978,77978,N/A
37979,77979,N/A
37980,77980,N/A
37981,77981,N/A
37982,77982,N/A
37983,77983,N/A
37984,77984,N/A
37985,77985,N/A
37986,77986,N/A
37987,77987,N/A
37988,77988,N/A
37989,77989,N/A
37990,77990,N/A
37991,77991,N/A
37992,77992,N/A
37993,77993,N/A
37994,77994,N/A
37995,77995,N/A
37996,77996,N/A
37997,77997,N/A
37998,77998,N/A
37999,77999,N/A
38000,78000,N/A
38001,78001,N/A
38002,78002,N/A
38003,78003,N/A
38004,78004,N/A
38005,78005,N/A
38006,78006,N/A
38007,78007,N/A
38008,78008,N/A
38009,78009,N/A
38010,78010,N/A
38011,78011,N/A
38012,78012,N/A
38013,78013,N/A
38014,78014,N/A
38015,78015,N/A
38016,78016,N/A
38017,78017,N/A
38018,78018,N/A
38019,78019,N/A
38020,78020,N/A
38021,78021,N/A
38022,78022,N/A
38023,78023,N/A
38024,78024,N/A
38025,78025,N/A
38026,78026,N/A
38027,78027,N/A
38028,78028,N/A
38029,78029,N/A
38030,78030,N/A
38031,78031,N/A
38032,78032,N/A
38033,78033,N/A
38034,78034,N/A
38035,78035,N/A
38036,78036,N/A
38037,78037,N/A
38038,78038,N/A
38039,78039,N/A
38040,78040,N/A
38041,78041,N/A
38042,78042,N/A
38043,78043,N/A
38044,78044,N/A
38045,78045,N/A
38046,78046,N/A
38047,78047,N/A
38048,78048,N/A
38049,78049,N/A
38050,78050,N/A
38051,78051,N/A
38052,78052,N/A
38053,78053,N/A
38054,78054,N/A
38055,78055,N/A
38056,78056,N/A
38057,78057,N/A
38058,78058,N/A
38059,78059,N/A
38060,78060,N/A
38061,78061,N/A
38062,78062,N/A
38063,78063,N/A
38064,78064,N/A
38065,78065,N/A
38066,78066,N/A
38067,78067,N/A
38068,78068,N/A
38069,78069,N/A
38070,78070,N/A
38071,78071,N/A
38072,78072,N/A
38073,78073,N/A
38074,78074,N/A
38075,78075,N/A
38076,78076,N/A
38077,78077,N/A
38078,78078,N/A
38079,78079,N/A
38080,78080,N/A
38081,78081,N/A
38082,78082,N/A
38083,78083,N/A
38084,78084,N/A
38085,78085,N/A
38086,78086,N/A
38087,78087,N/A
38088,78088,N/A
38089,78089,N/A
38090,78090,N/A
38091,78091,N/A
38092,78092,N/A
38093,78093,N/A
38094,78094,N/A
38095,78095,N/A
38096,78096,N/A
38097,78097,N/A
38098,78098,N/A
38099,78099,N/A
38100,78100,N/A
38101,78101,N/A
38102,78102,N/A
38103,78103,N/A
38104,78104,N/A
38105,78105,N/A
38106,78106,N/A
38107,78107,N/A
38108,78108,N/A
38109,78109,N/A
38110,78110,N/A
38111,78111,N/A
38112,78112,N/A
38113,78113,N/A
38114,78114,N/A
38115,78115,N/A
38116,78116,N/A
38117,78117,N/A
38118,78118,N/A
38119,78119,N/A
38120,78120,N/A
38121,78121,N/A
38122,78122,N/A
38123,78123,N/A
38124,78124,N/A
38125,78125,N/A
38126,78126,N/A
38127,78127,N/A
38128,78128,N/A
38129,78129,N/A
38130,78130,N/A
38131,78131,N/A
38132,78132,N/A
38133,78133,N/A
38134,78134,N/A
38135,78135,N/A
38136,78136,N/A
38137,78137,N/A
38138,78138,N/A
38139,78139,N/A
38140,78140,N/A
38141,78141,N/A
38142,78142,N/A
38143,78143,N/A
38144,78144,N/A
38145,78145,N/A
38146,78146,N/A
38147,78147,N/A
38148,78148,N/A
38149,78149,N/A
38150,78150,N/A
38151,78151,N/A
38152,78152,N/A
38153,78153,N/A
38154,78154,N/A
38155,78155,N/A
38156,78156,N/A
38157,78157,N/A
38158,78158,N/A
38159,78159,N/A
38160,78160,N/A
38161,78161,N/A
38162,78162,N/A
38163,78163,N/A
38164,78164,N/A
38165,78165,N/A
38166,78166,N/A
38167,78167,N/A
38168,78168,N/A
38169,78169,N/A
38170,78170,N/A
38171,78171,N/A
38172,78172,N/A
38173,78173,N/A
38174,78174,N/A
38175,78175,N/A
38176,78176,N/A
38177,78177,N/A
38178,78178,N/A
38179,78179,N/A
38180,78180,N/A
38181,78181,N/A
38182,78182,N/A
38183,78183,N/A
38184,78184,N/A
38185,78185,N/A
38186,78186,N/A
38187,78187,N/A
38188,78188,N/A
38189,78189,N/A
38190,78190,N/A
38191,78191,N/A
38192,78192,N/A
38193,78193,N/A
38194,78194,N/A
38195,78195,N/A
38196,78196,N/A
38197,78197,N/A
38198,78198,N/A
38199,78199,N/A
38200,78200,N/A
38201,78201,N/A
38202,78202,N/A
38203,78203,N/A
38204,78204,N/A
38205,78205,N/A
38206,78206,N/A
38207,78207,N/A
38208,78208,N/A
38209,78209,N/A
38210,78210,N/A
38211,78211,N/A
38212,78212,N/A
38213,78213,N/A
38214,78214,N/A
38215,78215,N/A
38216,78216,N/A
38217,78217,N/A
38218,78218,N/A
38219,78219,N/A
38220,78220,N/A
38221,78221,N/A
38222,78222,N/A
38223,78223,N/A
38224,78224,N/A
38225,78225,N/A
38226,78226,N/A
38227,78227,N/A
38228,78228,N/A
38229,78229,N/A
38230,78230,N/A
38231,78231,N/A
38232,78232,N/A
38233,78233,N/A
38234,78234,N/A
38235,78235,N/A
38236,78236,N/A
38237,78237,N/A
38238,78238,N/A
38239,78239,N/A
38240,78240,N/A
38241,78241,N/A
38242,78242,N/A
38243,78243,N/A
38244,78244,N/A
38245,78245,N/A
38246,78246,N/A
38247,78247,N/A
38248,78248,N/A
38249,78249,N/A
38250,78250,N/A
38251,78251,N/A
38252,78252,N/A
38253,78253,N/A
38254,78254,N/A
38255,78255,N/A
38256,78256,N/A
38257,78257,N/A
38258,78258,N/A
38259,78259,N/A
38260,78260,N/A
38261,78261,N/A
38262,78262,N/A
38263,78263,N/A
38264,78264,N/A
38265,78265,N/A
38266,78266,N/A
38267,78267,N/A
38268,78268,N/A
38269,78269,N/A
38270,78270,N/A
38271,78271,N/A
38272,78272,N/A
38273,78273,N/A
38274,78274,N/A
38275,78275,N/A
38276,78276,N/A
38277,78277,N/A
38278,78278,N/A
38279,78279,N/A
38280,78280,N/A
38281,78281,N/A
38282,78282,N/A
38283,78283,N/A
38284,78284,N/A
38285,78285,N/A
38286,78286,N/A
38287,78287,N/A
38288,78288,N/A
38289,78289,N/A
38290,78290,N/A
38291,78291,N/A
38292,78292,N/A
38293,78293,N/A
38294,78294,N/A
38295,78295,N/A
38296,78296,N/A
38297,78297,N/A
38298,78298,N/A
38299,78299,N/A
38300,78300,N/A
38301,78301,N/A
38302,78302,N/A
38303,78303,N/A
38304,78304,N/A
38305,78305,N/A
38306,78306,N/A
38307,78307,N/A
38308,78308,N/A
38309,78309,N/A
38310,78310,N/A
38311,78311,N/A
38312,78312,N/A
38313,78313,N/A
38314,78314,N/A
38315,78315,N/A
38316,78316,N/A
38317,78317,N/A
38318,78318,N/A
38319,78319,N/A
38320,78320,N/A
38321,78321,N/A
38322,78322,N/A
38323,78323,N/A
38324,78324,N/A
38325,78325,N/A
38326,78326,N/A
38327,78327,N/A
38328,78328,N/A
38329,78329,N/A
38330,78330,N/A
38331,78331,N/A
38332,78332,N/A
38333,78333,N/A
38334,78334,N/A
38335,78335,N/A
38336,78336,N/A
38337,78337,N/A
38338,78338,N/A
38339,78339,N/A
38340,78340,N/A
38341,78341,N/A
38342,78342,N/A
38343,78343,N/A
38344,78344,N/A
38345,78345,N/A
38346,78346,N/A
38347,78347,N/A
38348,78348,N/A
38349,78349,N/A
38350,78350,N/A
38351,78351,N/A
38352,78352,N/A
38353,78353,N/A
38354,78354,N/A
38355,78355,N/A
38356,78356,N/A
38357,78357,N/A
38358,78358,N/A
38359,78359,N/A
38360,78360,N/A
38361,78361,N/A
38362,78362,N/A
38363,78363,N/A
38364,78364,N/A
38365,78365,N/A
38366,78366,N/A
38367,78367,N/A
38368,78368,N/A
38369,78369,N/A
38370,78370,N/A
38371,78371,N/A
38372,78372,N/A
38373,78373,N/A
38374,78374,N/A
38375,78375,N/A
38376,78376,N/A
38377,78377,N/A
38378,78378,N/A
38379,78379,N/A
38380,78380,N/A
38381,78381,N/A
38382,78382,N/A
38383,78383,N/A
38384,78384,N/A
38385,78385,N/A
38386,78386,N/A
38387,78387,N/A
38388,78388,N/A
38389,78389,N/A
38390,78390,N/A
38391,78391,N/A
38392,78392,N/A
38393,78393,N/A
38394,78394,N/A
38395,78395,N/A
38396,78396,N/A
38397,78397,N/A
38398,78398,N/A
38399,78399,N/A
38400,78400,N/A
38401,78401,N/A
38402,78402,N/A
38403,78403,N/A
38404,78404,N/A
38405,78405,N/A
38406,78406,N/A
38407,78407,N/A
38408,78408,N/A
38409,78409,N/A
38410,78410,N/A
38411,78411,N/A
38412,78412,N/A
38413,78413,N/A
38414,78414,N/A
38415,78415,N/A
38416,78416,N/A
38417,78417,N/A
38418,78418,N/A
38419,78419,N/A
38420,78420,N/A
38421,78421,N/A
38422,78422,N/A
38423,78423,N/A
38424,78424,N/A
38425,78425,N/A
38426,78426,N/A
38427,78427,N/A
38428,78428,N/A
38429,78429,N/A
38430,78430,N/A
38431,78431,N/A
38432,78432,N/A
38433,78433,N/A
38434,78434,N/A
38435,78435,N/A
38436,78436,N/A
38437,78437,N/A
38438,78438,N/A
38439,78439,N/A
38440,78440,N/A
38441,78441,N/A
38442,78442,N/A
38443,78443,N/A
38444,78444,N/A
38445,78445,N/A
38446,78446,N/A
38447,78447,N/A
38448,78448,N/A
38449,78449,N/A
38450,78450,N/A
38451,78451,N/A
38452,78452,N/A
38453,78453,N/A
38454,78454,N/A
38455,78455,N/A
38456,78456,N/A
38457,78457,N/A
38458,78458,N/A
38459,78459,N/A
38460,78460,N/A
38461,78461,N/A
38462,78462,N/A
38463,78463,N/A
38464,78464,N/A
38465,78465,N/A
38466,78466,N/A
38467,78467,N/A
38468,78468,N/A
38469,78469,N/A
38470,78470,N/A
38471,78471,N/A
38472,78472,N/A
38473,78473,N/A
38474,78474,N/A
38475,78475,N/A
38476,78476,N/A
38477,78477,N/A
38478,78478,N/A
38479,78479,N/A
38480,78480,N/A
38481,78481,N/A
38482,78482,N/A
38483,78483,N/A
38484,78484,N/A
38485,78485,N/A
38486,78486,N/A
38487,78487,N/A
38488,78488,N/A
38489,78489,N/A
38490,78490,N/A
38491,78491,N/A
38492,78492,N/A
38493,78493,N/A
38494,78494,N/A
38495,78495,N/A
38496,78496,N/A
38497,78497,N/A
38498,78498,N/A
38499,78499,N/A
38500,78500,N/A
38501,78501,N/A
38502,78502,N/A
38503,78503,N/A
38504,78504,N/A
38505,78505,N/A
38506,78506,N/A
38507,78507,N/A
38508,78508,N/A
38509,78509,N/A
38510,78510,N/A
38511,78511,N/A
38512,78512,N/A
38513,78513,N/A
38514,78514,N/A
38515,78515,N/A
38516,78516,N/A
38517,78517,N/A
38518,78518,N/A
38519,78519,N/A
38520,78520,N/A
38521,78521,N/A
38522,78522,N/A
38523,78523,N/A
38524,78524,N/A
38525,78525,N/A
38526,78526,N/A
38527,78527,N/A
38528,78528,N/A
38529,78529,N/A
38530,78530,N/A
38531,78531,N/A
38532,78532,N/A
38533,78533,N/A
38534,78534,N/A
38535,78535,N/A
38536,78536,N/A
38537,78537,N/A
38538,78538,N/A
38539,78539,N/A
38540,78540,N/A
38541,78541,N/A
38542,78542,N/A
38543,78543,N/A
38544,78544,N/A
38545,78545,N/A
38546,78546,N/A
38547,78547,N/A
38548,78548,N/A
38549,78549,N/A
38550,78550,N/A
38551,78551,N/A
38552,78552,N/A
38553,78553,N/A
38554,78554,N/A
38555,78555,N/A
38556,78556,N/A
38557,78557,N/A
38558,78558,N/A
38559,78559,N/A
38560,78560,N/A
38561,78561,N/A
38562,78562,N/A
38563,78563,N/A
38564,78564,N/A
38565,78565,N/A
38566,78566,N/A
38567,78567,N/A
38568,78568,N/A
38569,78569,N/A
38570,78570,N/A
38571,78571,N/A
38572,78572,N/A
38573,78573,N/A
38574,78574,N/A
38575,78575,N/A
38576,78576,N/A
38577,78577,N/A
38578,78578,N/A
38579,78579,N/A
38580,78580,N/A
38581,78581,N/A
38582,78582,N/A
38583,78583,N/A
38584,78584,N/A
38585,78585,N/A
38586,78586,N/A
38587,78587,N/A
38588,78588,N/A
38589,78589,N/A
38590,78590,N/A
38591,78591,N/A
38592,78592,N/A
38593,78593,N/A
38594,78594,N/A
38595,78595,N/A
38596,78596,N/A
38597,78597,N/A
38598,78598,N/A
38599,78599,N/A
38600,78600,N/A
38601,78601,N/A
38602,78602,N/A
38603,78603,N/A
38604,78604,N/A
38605,78605,N/A
38606,78606,N/A
38607,78607,N/A
38608,78608,N/A
38609,78609,N/A
38610,78610,N/A
38611,78611,N/A
38612,78612,N/A
38613,78613,N/A
38614,78614,N/A
38615,78615,N/A
38616,78616,N/A
38617,78617,N/A
38618,78618,N/A
38619,78619,N/A
38620,78620,N/A
38621,78621,N/A
38622,78622,N/A
38623,78623,N/A
38624,78624,N/A
38625,78625,N/A
38626,78626,N/A
38627,78627,N/A
38628,78628,N/A
38629,78629,N/A
38630,78630,N/A
38631,78631,N/A
38632,78632,N/A
38633,78633,N/A
38634,78634,N/A
38635,78635,N/A
38636,78636,N/A
38637,78637,N/A
38638,78638,N/A
38639,78639,N/A
38640,78640,N/A
38641,78641,N/A
38642,78642,N/A
38643,78643,N/A
38644,78644,N/A
38645,78645,N/A
38646,78646,N/A
38647,78647,N/A
38648,78648,N/A
38649,78649,N/A
38650,78650,N/A
38651,78651,N/A
38652,78652,N/A
38653,78653,N/A
38654,78654,N/A
38655,78655,N/A
38656,78656,N/A
38657,78657,N/A
38658,78658,N/A
38659,78659,N/A
38660,78660,N/A
38661,78661,N/A
38662,78662,N/A
38663,78663,N/A
38664,78664,N/A
38665,78665,N/A
38666,78666,N/A
38667,78667,N/A
38668,78668,N/A
38669,78669,N/A
38670,78670,N/A
38671,78671,N/A
38672,78672,N/A
38673,78673,N/A
38674,78674,N/A
38675,78675,N/A
38676,78676,N/A
38677,78677,N/A
38678,78678,N/A
38679,78679,N/A
38680,78680,N/A
38681,78681,N/A
38682,78682,N/A
38683,78683,N/A
38684,78684,N/A
38685,78685,N/A
38686,78686,N/A
38687,78687,N/A
38688,78688,N/A
38689,78689,N/A
38690,78690,N/A
38691,78691,N/A
38692,78692,N/A
38693,78693,N/A
38694,78694,N/A
38695,78695,N/A
38696,78696,N/A
38697,78697,N/A
38698,78698,N/A
38699,78699,N/A
38700,78700,N/A
38701,78701,N/A
38702,78702,N/A
38703,78703,N/A
38704,78704,N/A
38705,78705,N/A
38706,78706,N/A
38707,78707,N/A
38708,78708,N/A
38709,78709,N/A
38710,78710,N/A
38711,78711,N/A
38712,78712,N/A
38713,78713,N/A
38714,78714,N/A
38715,78715,N/A
38716,78716,N/A
38717,78717,N/A
38718,78718,N/A
38719,78719,N/A
38720,78720,N/A
38721,78721,N/A
38722,78722,N/A
38723,78723,N/A
38724,78724,N/A
38725,78725,N/A
38726,78726,N/A
38727,78727,N/A
38728,78728,N/A
38729,78729,N/A
38730,78730,N/A
38731,78731,N/A
38732,78732,N/A
38733,78733,N/A
38734,78734,N/A
38735,78735,N/A
38736,78736,N/A
38737,78737,N/A
38738,78738,N/A
38739,78739,N/A
38740,78740,N/A
38741,78741,N/A
38742,78742,N/A
38743,78743,N/A
38744,78744,N/A
38745,78745,N/A
38746,78746,N/A
38747,78747,N/A
38748,78748,N/A
38749,78749,N/A
38750,78750,N/A
38751,78751,N/A
38752,78752,N/A
38753,78753,N/A
38754,78754,N/A
38755,78755,N/A
38756,78756,N/A
38757,78757,N/A
38758,78758,N/A
38759,78759,N/A
38760,78760,N/A
38761,78761,N/A
38762,78762,N/A
38763,78763,N/A
38764,78764,N/A
38765,78765,N/A
38766,78766,N/A
38767,78767,N/A
38768,78768,N/A
38769,78769,N/A
38770,78770,N/A
38771,78771,N/A
38772,78772,N/A
38773,78773,N/A
38774,78774,N/A
38775,78775,N/A
38776,78776,N/A
38777,78777,N/A
38778,78778,N/A
38779,78779,N/A
38780,78780,N/A
38781,78781,N/A
38782,78782,N/A
38783,78783,N/A
38784,78784,N/A
38785,78785,N/A
38786,78786,N/A
38787,78787,N/A
38788,78788,N/A
38789,78789,N/A
38790,78790,N/A
38791,78791,N/A
38792,78792,N/A
38793,78793,N/A
38794,78794,N/A
38795,78795,N/A
38796,78796,N/A
38797,78797,N/A
38798,78798,N/A
38799,78799,N/A
38800,78800,N/A
38801,78801,N/A
38802,78802,N/A
38803,78803,N/A
38804,78804,N/A
38805,78805,N/A
38806,78806,N/A
38807,78807,N/A
38808,78808,N/A
38809,78809,N/A
38810,78810,N/A
38811,78811,N/A
38812,78812,N/A
38813,78813,N/A
38814,78814,N/A
38815,78815,N/A
38816,78816,N/A
38817,78817,N/A
38818,78818,N/A
38819,78819,N/A
38820,78820,N/A
38821,78821,N/A
38822,78822,N/A
38823,78823,N/A
38824,78824,N/A
38825,78825,N/A
38826,78826,N/A
38827,78827,N/A
38828,78828,N/A
38829,78829,N/A
38830,78830,N/A
38831,78831,N/A
38832,78832,N/A
38833,78833,N/A
38834,78834,N/A
38835,78835,N/A
38836,78836,N/A
38837,78837,N/A
38838,78838,N/A
38839,78839,N/A
38840,78840,N/A
38841,78841,N/A
38842,78842,N/A
38843,78843,N/A
38844,78844,N/A
38845,78845,N/A
38846,78846,N/A
38847,78847,N/A
38848,78848,N/A
38849,78849,N/A
38850,78850,N/A
38851,78851,N/A
38852,78852,N/A
38853,78853,N/A
38854,78854,N/A
38855,78855,N/A
38856,78856,N/A
38857,78857,N/A
38858,78858,N/A
38859,78859,N/A
38860,78860,N/A
38861,78861,N/A
38862,78862,N/A
38863,78863,N/A
38864,78864,N/A
38865,78865,N/A
38866,78866,N/A
38867,78867,N/A
38868,78868,N/A
38869,78869,N/A
38870,78870,N/A
38871,78871,N/A
38872,78872,N/A
38873,78873,N/A
38874,78874,N/A
38875,78875,N/A
38876,78876,N/A
38877,78877,N/A
38878,78878,N/A
38879,78879,N/A
38880,78880,N/A
38881,78881,N/A
38882,78882,N/A
38883,78883,N/A
38884,78884,N/A
38885,78885,N/A
38886,78886,N/A
38887,78887,N/A
38888,78888,N/A
38889,78889,N/A
38890,78890,N/A
38891,78891,N/A
38892,78892,N/A
38893,78893,N/A
38894,78894,N/A
38895,78895,N/A
38896,78896,N/A
38897,78897,N/A
38898,78898,N/A
38899,78899,N/A
38900,78900,N/A
38901,78901,N/A
38902,78902,N/A
38903,78903,N/A
38904,78904,N/A
38905,78905,N/A
38906,78906,N/A
38907,78907,N/A
38908,78908,N/A
38909,78909,N/A
38910,78910,N/A
38911,78911,N/A
38912,78912,N/A
38913,78913,N/A
38914,78914,N/A
38915,78915,N/A
38916,78916,N/A
38917,78917,N/A
38918,78918,N/A
38919,78919,N/A
38920,78920,N/A
38921,78921,N/A
38922,78922,N/A
38923,78923,N/A
38924,78924,N/A
38925,78925,N/A
38926,78926,N/A
38927,78927,N/A
38928,78928,N/A
38929,78929,N/A
38930,78930,N/A
38931,78931,N/A
38932,78932,N/A
38933,78933,N/A
38934,78934,N/A
38935,78935,N/A
38936,78936,N/A
38937,78937,N/A
38938,78938,N/A
38939,78939,N/A
38940,78940,N/A
38941,78941,N/A
38942,78942,N/A
38943,78943,N/A
38944,78944,N/A
38945,78945,N/A
38946,78946,N/A
38947,78947,N/A
38948,78948,N/A
38949,78949,N/A
38950,78950,N/A
38951,78951,N/A
38952,78952,N/A
38953,78953,N/A
38954,78954,N/A
38955,78955,N/A
38956,78956,N/A
38957,78957,N/A
38958,78958,N/A
38959,78959,N/A
38960,78960,N/A
38961,78961,N/A
38962,78962,N/A
38963,78963,N/A
38964,78964,N/A
38965,78965,N/A
38966,78966,N/A
38967,78967,N/A
38968,78968,N/A
38969,78969,N/A
38970,78970,N/A
38971,78971,N/A
38972,78972,N/A
38973,78973,N/A
38974,78974,N/A
38975,78975,N/A
38976,78976,N/A
38977,78977,N/A
38978,78978,N/A
38979,78979,N/A
38980,78980,N/A
38981,78981,N/A
38982,78982,N/A
38983,78983,N/A
38984,78984,N/A
38985,78985,N/A
38986,78986,N/A
38987,78987,N/A
38988,78988,N/A
38989,78989,N/A
38990,78990,N/A
38991,78991,N/A
38992,78992,N/A
38993,78993,N/A
38994,78994,N/A
38995,78995,N/A
38996,78996,N/A
38997,78997,N/A
38998,78998,N/A
38999,78999,N/A
39000,79000,N/A
39001,79001,N/A
39002,79002,N/A
39003,79003,N/A
39004,79004,N/A
39005,79005,N/A
39006,79006,N/A
39007,79007,N/A
39008,79008,N/A
39009,79009,N/A
39010,79010,N/A
39011,79011,N/A
39012,79012,N/A
39013,79013,N/A
39014,79014,N/A
39015,79015,N/A
39016,79016,N/A
39017,79017,N/A
39018,79018,N/A
39019,79019,N/A
39020,79020,N/A
39021,79021,N/A
39022,79022,N/A
39023,79023,N/A
39024,79024,N/A
39025,79025,N/A
39026,79026,N/A
39027,79027,N/A
39028,79028,N/A
39029,79029,N/A
39030,79030,N/A
39031,79031,N/A
39032,79032,N/A
39033,79033,N/A
39034,79034,N/A
39035,79035,N/A
39036,79036,N/A
39037,79037,N/A
39038,79038,N/A
39039,79039,N/A
39040,79040,N/A
39041,79041,N/A
39042,79042,N/A
39043,79043,N/A
39044,79044,N/A
39045,79045,N/A
39046,79046,N/A
39047,79047,N/A
39048,79048,N/A
39049,79049,N/A
39050,79050,N/A
39051,79051,N/A
39052,79052,N/A
39053,79053,N/A
39054,79054,N/A
39055,79055,N/A
39056,79056,N/A
39057,79057,N/A
39058,79058,N/A
39059,79059,N/A
39060,79060,N/A
39061,79061,N/A
39062,79062,N/A
39063,79063,N/A
39064,79064,N/A
39065,79065,N/A
39066,79066,N/A
39067,79067,N/A
39068,79068,N/A
39069,79069,N/A
39070,79070,N/A
39071,79071,N/A
39072,79072,N/A
39073,79073,N/A
39074,79074,N/A
39075,79075,N/A
39076,79076,N/A
39077,79077,N/A
39078,79078,N/A
39079,79079,N/A
39080,79080,N/A
39081,79081,N/A
39082,79082,N/A
39083,79083,N/A
39084,79084,N/A
39085,79085,N/A
39086,79086,N/A
39087,79087,N/A
39088,79088,N/A
39089,79089,N/A
39090,79090,N/A
39091,79091,N/A
39092,79092,N/A
39093,79093,N/A
39094,79094,N/A
39095,79095,N/A
39096,79096,N/A
39097,79097,N/A
39098,79098,N/A
39099,79099,N/A
39100,79100,N/A
39101,79101,N/A
39102,79102,N/A
39103,79103,N/A
39104,79104,N/A
39105,79105,N/A
39106,79106,N/A
39107,79107,N/A
39108,79108,N/A
39109,79109,N/A
39110,79110,N/A
39111,79111,N/A
39112,79112,N/A
39113,79113,N/A
39114,79114,N/A
39115,79115,N/A
39116,79116,N/A
39117,79117,N/A
39118,79118,N/A
39119,79119,N/A
39120,79120,N/A
39121,79121,N/A
39122,79122,N/A
39123,79123,N/A
39124,79124,N/A
39125,79125,N/A
39126,79126,N/A
39127,79127,N/A
39128,79128,N/A
39129,79129,N/A
39130,79130,N/A
39131,79131,N/A
39132,79132,N/A
39133,79133,N/A
39134,79134,N/A
39135,79135,N/A
39136,79136,N/A
39137,79137,N/A
39138,79138,N/A
39139,79139,N/A
39140,79140,N/A
39141,79141,N/A
39142,79142,N/A
39143,79143,N/A
39144,79144,N/A
39145,79145,N/A
39146,79146,N/A
39147,79147,N/A
39148,79148,N/A
39149,79149,N/A
39150,79150,N/A
39151,79151,N/A
39152,79152,N/A
39153,79153,N/A
39154,79154,N/A
39155,79155,N/A
39156,79156,N/A
39157,79157,N/A
39158,79158,N/A
39159,79159,N/A
39160,79160,N/A
39161,79161,N/A
39162,79162,N/A
39163,79163,N/A
39164,79164,N/A
39165,79165,N/A
39166,79166,N/A
39167,79167,N/A
39168,79168,N/A
39169,79169,N/A
39170,79170,N/A
39171,79171,N/A
39172,79172,N/A
39173,79173,N/A
39174,79174,N/A
39175,79175,N/A
39176,79176,N/A
39177,79177,N/A
39178,79178,N/A
39179,79179,N/A
39180,79180,N/A
39181,79181,N/A
39182,79182,N/A
39183,79183,N/A
39184,79184,N/A
39185,79185,N/A
39186,79186,N/A
39187,79187,N/A
39188,79188,N/A
39189,79189,N/A
39190,79190,N/A
39191,79191,N/A
39192,79192,N/A
39193,79193,N/A
39194,79194,N/A
39195,79195,N/A
39196,79196,N/A
39197,79197,N/A
39198,79198,N/A
39199,79199,N/A
39200,79200,N/A
39201,79201,N/A
39202,79202,N/A
39203,79203,N/A
39204,79204,N/A
39205,79205,N/A
39206,79206,N/A
39207,79207,N/A
39208,79208,N/A
39209,79209,N/A
39210,79210,N/A
39211,79211,N/A
39212,79212,N/A
39213,79213,N/A
39214,79214,N/A
39215,79215,N/A
39216,79216,N/A
39217,79217,N/A
39218,79218,N/A
39219,79219,N/A
39220,79220,N/A
39221,79221,N/A
39222,79222,N/A
39223,79223,N/A
39224,79224,N/A
39225,79225,N/A
39226,79226,N/A
39227,79227,N/A
39228,79228,N/A
39229,79229,N/A
39230,79230,N/A
39231,79231,N/A
39232,79232,N/A
39233,79233,N/A
39234,79234,N/A
39235,79235,N/A
39236,79236,N/A
39237,79237,N/A
39238,79238,N/A
39239,79239,N/A
39240,79240,N/A
39241,79241,N/A
39242,79242,N/A
39243,79243,N/A
39244,79244,N/A
39245,79245,N/A
39246,79246,N/A
39247,79247,N/A
39248,79248,N/A
39249,79249,N/A
39250,79250,N/A
39251,79251,N/A
39252,79252,N/A
39253,79253,N/A
39254,79254,N/A
39255,79255,N/A
39256,79256,N/A
39257,79257,N/A
39258,79258,N/A
39259,79259,N/A
39260,79260,N/A
39261,79261,N/A
39262,79262,N/A
39263,79263,N/A
39264,79264,N/A
39265,79265,N/A
39266,79266,N/A
39267,79267,N/A
39268,79268,N/A
39269,79269,N/A
39270,79270,N/A
39271,79271,N/A
39272,79272,N/A
39273,79273,N/A
39274,79274,N/A
39275,79275,N/A
39276,79276,N/A
39277,79277,N/A
39278,79278,N/A
39279,79279,N/A
39280,79280,N/A
39281,79281,N/A
39282,79282,N/A
39283,79283,N/A
39284,79284,N/A
39285,79285,N/A
39286,79286,N/A
39287,79287,N/A
39288,79288,N/A
39289,79289,N/A
39290,79290,N/A
39291,79291,N/A
39292,79292,N/A
39293,79293,N/A
39294,79294,N/A
39295,79295,N/A
39296,79296,N/A
39297,79297,N/A
39298,79298,N/A
39299,79299,N/A
39300,79300,N/A
39301,79301,N/A
39302,79302,N/A
39303,79303,N/A
39304,79304,N/A
39305,79305,N/A
39306,79306,N/A
39307,79307,N/A
39308,79308,N/A
39309,79309,N/A
39310,79310,N/A
39311,79311,N/A
39312,79312,N/A
39313,79313,N/A
39314,79314,N/A
39315,79315,N/A
39316,79316,N/A
39317,79317,N/A
39318,79318,N/A
39319,79319,N/A
39320,79320,N/A
39321,79321,N/A
39322,79322,N/A
39323,79323,N/A
39324,79324,N/A
39325,79325,N/A
39326,79326,N/A
39327,79327,N/A
39328,79328,N/A
39329,79329,N/A
39330,79330,N/A
39331,79331,N/A
39332,79332,N/A
39333,79333,N/A
39334,79334,N/A
39335,79335,N/A
39336,79336,N/A
39337,79337,N/A
39338,79338,N/A
39339,79339,N/A
39340,79340,N/A
39341,79341,N/A
39342,79342,N/A
39343,79343,N/A
39344,79344,N/A
39345,79345,N/A
39346,79346,N/A
39347,79347,N/A
39348,79348,N/A
39349,79349,N/A
39350,79350,N/A
39351,79351,N/A
39352,79352,N/A
39353,79353,N/A
39354,79354,N/A
39355,79355,N/A
39356,79356,N/A
39357,79357,N/A
39358,79358,N/A
39359,79359,N/A
39360,79360,N/A
39361,79361,N/A
39362,79362,N/A
39363,79363,N/A
39364,79364,N/A
39365,79365,N/A
39366,79366,N/A
39367,79367,N/A
39368,79368,N/A
39369,79369,N/A
39370,79370,N/A
39371,79371,N/A
39372,79372,N/A
39373,79373,N/A
39374,79374,N/A
39375,79375,N/A
39376,79376,N/A
39377,79377,N/A
39378,79378,N/A
39379,79379,N/A
39380,79380,N/A
39381,79381,N/A
39382,79382,N/A
39383,79383,N/A
39384,79384,N/A
39385,79385,N/A
39386,79386,N/A
39387,79387,N/A
39388,79388,N/A
39389,79389,N/A
39390,79390,N/A
39391,79391,N/A
39392,79392,N/A
39393,79393,N/A
39394,79394,N/A
39395,79395,N/A
39396,79396,N/A
39397,79397,N/A
39398,79398,N/A
39399,79399,N/A
39400,79400,N/A
39401,79401,N/A
39402,79402,N/A
39403,79403,N/A
39404,79404,N/A
39405,79405,N/A
39406,79406,N/A
39407,79407,N/A
39408,79408,N/A
39409,79409,N/A
39410,79410,N/A
39411,79411,N/A
39412,79412,N/A
39413,79413,N/A
39414,79414,N/A
39415,79415,N/A
39416,79416,N/A
39417,79417,N/A
39418,79418,N/A
39419,79419,N/A
39420,79420,N/A
39421,79421,N/A
39422,79422,N/A
39423,79423,N/A
39424,79424,N/A
39425,79425,N/A
39426,79426,N/A
39427,79427,N/A
39428,79428,N/A
39429,79429,N/A
39430,79430,N/A
39431,79431,N/A
39432,79432,N/A
39433,79433,N/A
39434,79434,N/A
39435,79435,N/A
39436,79436,N/A
39437,79437,N/A
39438,79438,N/A
39439,79439,N/A
39440,79440,N/A
39441,79441,N/A
39442,79442,N/A
39443,79443,N/A
39444,79444,N/A
39445,79445,N/A
39446,79446,N/A
39447,79447,N/A
39448,79448,N/A
39449,79449,N/A
39450,79450,N/A
39451,79451,N/A
39452,79452,N/A
39453,79453,N/A
39454,79454,N/A
39455,79455,N/A
39456,79456,N/A
39457,79457,N/A
39458,79458,N/A
39459,79459,N/A
39460,79460,N/A
39461,79461,N/A
39462,79462,N/A
39463,79463,N/A
39464,79464,N/A
39465,79465,N/A
39466,79466,N/A
39467,79467,N/A
39468,79468,N/A
39469,79469,N/A
39470,79470,N/A
39471,79471,N/A
39472,79472,N/A
39473,79473,N/A
39474,79474,N/A
39475,79475,N/A
39476,79476,N/A
39477,79477,N/A
39478,79478,N/A
39479,79479,N/A
39480,79480,N/A
39481,79481,N/A
39482,79482,N/A
39483,79483,N/A
39484,79484,N/A
39485,79485,N/A
39486,79486,N/A
39487,79487,N/A
39488,79488,N/A
39489,79489,N/A
39490,79490,N/A
39491,79491,N/A
39492,79492,N/A
39493,79493,N/A
39494,79494,N/A
39495,79495,N/A
39496,79496,N/A
39497,79497,N/A
39498,79498,N/A
39499,79499,N/A
39500,79500,N/A
39501,79501,N/A
39502,79502,N/A
39503,79503,N/A
39504,79504,N/A
39505,79505,N/A
39506,79506,N/A
39507,79507,N/A
39508,79508,N/A
39509,79509,N/A
39510,79510,N/A
39511,79511,N/A
39512,79512,N/A
39513,79513,N/A
39514,79514,N/A
39515,79515,N/A
39516,79516,N/A
39517,79517,N/A
39518,79518,N/A
39519,79519,N/A
39520,79520,N/A
39521,79521,N/A
39522,79522,N/A
39523,79523,N/A
39524,79524,N/A
39525,79525,N/A
39526,79526,N/A
39527,79527,N/A
39528,79528,N/A
39529,79529,N/A
39530,79530,N/A
39531,79531,N/A
39532,79532,N/A
39533,79533,N/A
39534,79534,N/A
39535,79535,N/A
39536,79536,N/A
39537,79537,N/A
39538,79538,N/A
39539,79539,N/A
39540,79540,N/A
39541,79541,N/A
39542,79542,N/A
39543,79543,N/A
39544,79544,N/A
39545,79545,N/A
39546,79546,N/A
39547,79547,N/A
39548,79548,N/A
39549,79549,N/A
39550,79550,N/A
39551,79551,N/A
39552,79552,N/A
39553,79553,N/A
39554,79554,N/A
39555,79555,N/A
39556,79556,N/A
39557,79557,N/A
39558,79558,N/A
39559,79559,N/A
39560,79560,N/A
39561,79561,N/A
39562,79562,N/A
39563,79563,N/A
39564,79564,N/A
39565,79565,N/A
39566,79566,N/A
39567,79567,N/A
39568,79568,N/A
39569,79569,N/A
39570,79570,N/A
39571,79571,N/A
39572,79572,N/A
39573,79573,N/A
39574,79574,N/A
39575,79575,N/A
39576,79576,N/A
39577,79577,N/A
39578,79578,N/A
39579,79579,N/A
39580,79580,N/A
39581,79581,N/A
39582,79582,N/A
39583,79583,N/A
39584,79584,N/A
39585,79585,N/A
39586,79586,N/A
39587,79587,N/A
39588,79588,N/A
39589,79589,N/A
39590,79590,N/A
39591,79591,N/A
39592,79592,N/A
39593,79593,N/A
39594,79594,N/A
39595,79595,N/A
39596,79596,N/A
39597,79597,N/A
39598,79598,N/A
39599,79599,N/A
39600,79600,N/A
39601,79601,N/A
39602,79602,N/A
39603,79603,N/A
39604,79604,N/A
39605,79605,N/A
39606,79606,N/A
39607,79607,N/A
39608,79608,N/A
39609,79609,N/A
39610,79610,N/A
39611,79611,N/A
39612,79612,N/A
39613,79613,N/A
39614,79614,N/A
39615,79615,N/A
39616,79616,N/A
39617,79617,N/A
39618,79618,N/A
39619,79619,N/A
39620,79620,N/A
39621,79621,N/A
39622,79622,N/A
39623,79623,N/A
39624,79624,N/A
39625,79625,N/A
39626,79626,N/A
39627,79627,N/A
39628,79628,N/A
39629,79629,N/A
39630,79630,N/A
39631,79631,N/A
39632,79632,N/A
39633,79633,N/A
39634,79634,N/A
39635,79635,N/A
39636,79636,N/A
39637,79637,N/A
39638,79638,N/A
39639,79639,N/A
39640,79640,N/A
39641,79641,N/A
39642,79642,N/A
39643,79643,N/A
39644,79644,N/A
39645,79645,N/A
39646,79646,N/A
39647,79647,N/A
39648,79648,N/A
39649,79649,N/A
39650,79650,N/A
39651,79651,N/A
39652,79652,N/A
39653,79653,N/A
39654,79654,N/A
39655,79655,N/A
39656,79656,N/A
39657,79657,N/A
39658,79658,N/A
39659,79659,N/A
39660,79660,N/A
39661,79661,N/A
39662,79662,N/A
39663,79663,N/A
39664,79664,N/A
39665,79665,N/A
39666,79666,N/A
39667,79667,N/A
39668,79668,N/A
39669,79669,N/A
39670,79670,N/A
39671,79671,N/A
39672,79672,N/A
39673,79673,N/A
39674,79674,N/A
39675,79675,N/A
39676,79676,N/A
39677,79677,N/A
39678,79678,N/A
39679,79679,N/A
39680,79680,N/A
39681,79681,N/A
39682,79682,N/A
39683,79683,N/A
39684,79684,N/A
39685,79685,N/A
39686,79686,N/A
39687,79687,N/A
39688,79688,N/A
39689,79689,N/A
39690,79690,N/A
39691,79691,N/A
39692,79692,N/A
39693,79693,N/A
39694,79694,N/A
39695,79695,N/A
39696,79696,N/A
39697,79697,N/A
39698,79698,N/A
39699,79699,N/A
39700,79700,N/A
39701,79701,N/A
39702,79702,N/A
39703,79703,N/A
39704,79704,N/A
39705,79705,N/A
39706,79706,N/A
39707,79707,N/A
39708,79708,N/A
39709,79709,N/A
39710,79710,N/A
39711,79711,N/A
39712,79712,N/A
39713,79713,N/A
39714,79714,N/A
39715,79715,N/A
39716,79716,N/A
39717,79717,N/A
39718,79718,N/A
39719,79719,N/A
39720,79720,N/A
39721,79721,N/A
39722,79722,N/A
39723,79723,N/A
39724,79724,N/A
39725,79725,N/A
39726,79726,N/A
39727,79727,N/A
39728,79728,N/A
39729,79729,N/A
39730,79730,N/A
39731,79731,N/A
39732,79732,N/A
39733,79733,N/A
39734,79734,N/A
39735,79735,N/A
39736,79736,N/A
39737,79737,N/A
39738,79738,N/A
39739,79739,N/A
39740,79740,N/A
39741,79741,N/A
39742,79742,N/A
39743,79743,N/A
39744,79744,N/A
39745,79745,N/A
39746,79746,N/A
39747,79747,N/A
39748,79748,N/A
39749,79749,N/A
39750,79750,N/A
39751,79751,N/A
39752,79752,N/A
39753,79753,N/A
39754,79754,N/A
39755,79755,N/A
39756,79756,N/A
39757,79757,N/A
39758,79758,N/A
39759,79759,N/A
39760,79760,N/A
39761,79761,N/A
39762,79762,N/A
39763,79763,N/A
39764,79764,N/A
39765,79765,N/A
39766,79766,N/A
39767,79767,N/A
39768,79768,N/A
39769,79769,N/A
39770,79770,N/A
39771,79771,N/A
39772,79772,N/A
39773,79773,N/A
39774,79774,N/A
39775,79775,N/A
39776,79776,N/A
39777,79777,N/A
39778,79778,N/A
39779,79779,N/A
39780,79780,N/A
39781,79781,N/A
39782,79782,N/A
39783,79783,N/A
39784,79784,N/A
39785,79785,N/A
39786,79786,N/A
39787,79787,N/A
39788,79788,N/A
39789,79789,N/A
39790,79790,N/A
39791,79791,N/A
39792,79792,N/A
39793,79793,N/A
39794,79794,N/A
39795,79795,N/A
39796,79796,N/A
39797,79797,N/A
39798,79798,N/A
39799,79799,N/A
39800,79800,N/A
39801,79801,N/A
39802,79802,N/A
39803,79803,N/A
39804,79804,N/A
39805,79805,N/A
39806,79806,N/A
39807,79807,N/A
39808,79808,N/A
39809,79809,N/A
39810,79810,N/A
39811,79811,N/A
39812,79812,N/A
39813,79813,N/A
39814,79814,N/A
39815,79815,N/A
39816,79816,N/A
39817,79817,N/A
39818,79818,N/A
39819,79819,N/A
39820,79820,N/A
39821,79821,N/A
39822,79822,N/A
39823,79823,N/A
39824,79824,N/A
39825,79825,N/A
39826,79826,N/A
39827,79827,N/A
39828,79828,N/A
39829,79829,N/A
39830,79830,N/A
39831,79831,N/A
39832,79832,N/A
39833,79833,N/A
39834,79834,N/A
39835,79835,N/A
39836,79836,N/A
39837,79837,N/A
39838,79838,N/A
39839,79839,N/A
39840,79840,N/A
39841,79841,N/A
39842,79842,N/A
39843,79843,N/A
39844,79844,N/A
39845,79845,N/A
39846,79846,N/A
39847,79847,N/A
39848,79848,N/A
39849,79849,N/A
39850,79850,N/A
39851,79851,N/A
39852,79852,N/A
39853,79853,N/A
39854,79854,N/A
39855,79855,N/A
39856,79856,N/A
39857,79857,N/A
39858,79858,N/A
39859,79859,N/A
39860,79860,N/A
39861,79861,N/A
39862,79862,N/A
39863,79863,N/A
39864,79864,N/A
39865,79865,N/A
39866,79866,N/A
39867,79867,N/A
39868,79868,N/A
39869,79869,N/A
39870,79870,N/A
39871,79871,N/A
39872,79872,N/A
39873,79873,N/A
39874,79874,N/A
39875,79875,N/A
39876,79876,N/A
39877,79877,N/A
39878,79878,N/A
39879,79879,N/A
39880,79880,N/A
39881,79881,N/A
39882,79882,N/A
39883,79883,N/A
39884,79884,N/A
39885,79885,N/A
39886,79886,N/A
39887,79887,N/A
39888,79888,N/A
39889,79889,N/A
39890,79890,N/A
39891,79891,N/A
39892,79892,N/A
39893,79893,N/A
39894,79894,N/A
39895,79895,N/A
39896,79896,N/A
39897,79897,N/A
39898,79898,N/A
39899,79899,N/A
39900,79900,N/A
39901,79901,N/A
39902,79902,N/A
39903,79903,N/A
39904,79904,N/A
39905,79905,N/A
39906,79906,N/A
39907,79907,N/A
39908,79908,N/A
39909,79909,N/A
39910,79910,N/A
39911,79911,N/A
39912,79912,N/A
39913,79913,N/A
39914,79914,N/A
39915,79915,N/A
39916,79916,N/A
39917,79917,N/A
39918,79918,N/A
39919,79919,N/A
39920,79920,N/A
39921,79921,N/A
39922,79922,N/A
39923,79923,N/A
39924,79924,N/A
39925,79925,N/A
39926,79926,N/A
39927,79927,N/A
39928,79928,N/A
39929,79929,N/A
39930,79930,N/A
39931,79931,N/A
39932,79932,N/A
39933,79933,N/A
39934,79934,N/A
39935,79935,N/A
39936,79936,N/A
39937,79937,N/A
39938,79938,N/A
39939,79939,N/A
39940,79940,N/A
39941,79941,N/A
39942,79942,N/A
39943,79943,N/A
39944,79944,N/A
39945,79945,N/A
39946,79946,N/A
39947,79947,N/A
39948,79948,N/A
39949,79949,N/A
39950,79950,N/A
39951,79951,N/A
39952,79952,N/A
39953,79953,N/A
39954,79954,N/A
39955,79955,N/A
39956,79956,N/A
39957,79957,N/A
39958,79958,N/A
39959,79959,N/A
39960,79960,N/A
39961,79961,N/A
39962,79962,N/A
39963,79963,N/A
39964,79964,N/A
39965,79965,N/A
39966,79966,N/A
39967,79967,N/A
39968,79968,N/A
39969,79969,N/A
39970,79970,N/A
39971,79971,N/A
39972,79972,N/A
39973,79973,N/A
39974,79974,N/A
39975,79975,N/A
39976,79976,N/A
39977,79977,N/A
39978,79978,N/A
39979,79979,N/A
39980,79980,N/A
39981,79981,N/A
39982,79982,N/A
39983,79983,N/A
39984,79984,N/A
39985,79985,N/A
39986,79986,N/A
39987,79987,N/A
39988,79988,N/A
39989,79989,N/A
39990,79990,N/A
39991,79991,N/A
39992,79992,N/A
39993,79993,N/A
39994,79994,N/A
39995,79995,N/A
39996,79996,N/A
39997,79997,N/A
39998,79998,N/A
39999,79999,N/A
40000,80000,N/A
40001,80001,N/A
40002,80002,N/A
40003,80003,N/A
40004,80004,N/A
40005,80005,N/A
40006,80006,N/A
40007,80007,N/A
40008,80008,N/A
40009,80009,N/A
40010,80010,N/A
40011,80011,N/A
40012,80012,N/A
40013,80013,N/A
40014,80014,N/A
40015,80015,N/A
40016,80016,N/A
40017,80017,N/A
40018,80018,N/A
40019,80019,N/A
40020,80020,N/A
40021,80021,N/A
40022,80022,N/A
40023,80023,N/A
40024,80024,N/A
40025,80025,N/A
40026,80026,N/A
40027,80027,N/A
40028,80028,N/A
40029,80029,N/A
40030,80030,N/A
40031,80031,N/A
40032,80032,N/A
40033,80033,N/A
40034,80034,N/A
40035,80035,N/A
40036,80036,N/A
40037,80037,N/A
40038,80038,N/A
40039,80039,N/A
40040,80040,N/A
40041,80041,N/A
40042,80042,N/A
40043,80043,N/A
40044,80044,N/A
40045,80045,N/A
40046,80046,N/A
40047,80047,N/A
40048,80048,N/A
40049,80049,N/A
40050,80050,N/A
40051,80051,N/A
40052,80052,N/A
40053,80053,N/A
40054,80054,N/A
40055,80055,N/A
40056,80056,N/A
40057,80057,N/A
40058,80058,N/A
40059,80059,N/A
40060,80060,N/A
40061,80061,N/A
40062,80062,N/A
40063,80063,N/A
40064,80064,N/A
40065,80065,N/A
40066,80066,N/A
40067,80067,N/A
40068,80068,N/A
40069,80069,N/A
40070,80070,N/A
40071,80071,N/A
40072,80072,N/A
40073,80073,N/A
40074,80074,N/A
40075,80075,N/A
40076,80076,N/A
40077,80077,N/A
40078,80078,N/A
40079,80079,N/A
40080,80080,N/A
40081,80081,N/A
40082,80082,N/A
40083,80083,N/A
40084,80084,N/A
40085,80085,N/A
40086,80086,N/A
40087,80087,N/A
40088,80088,N/A
40089,80089,N/A
40090,80090,N/A
40091,80091,N/A
40092,80092,N/A
40093,80093,N/A
40094,80094,N/A
40095,80095,N/A
40096,80096,N/A
40097,80097,N/A
40098,80098,N/A
40099,80099,N/A
40100,80100,N/A
40101,80101,N/A
40102,80102,N/A
40103,80103,N/A
40104,80104,N/A
40105,80105,N/A
40106,80106,N/A
40107,80107,N/A
40108,80108,N/A
40109,80109,N/A
40110,80110,N/A
40111,80111,N/A
40112,80112,N/A
40113,80113,N/A
40114,80114,N/A
40115,80115,N/A
40116,80116,N/A
40117,80117,N/A
40118,80118,N/A
40119,80119,N/A
40120,80120,N/A
40121,80121,N/A
40122,80122,N/A
40123,80123,N/A
40124,80124,N/A
40125,80125,N/A
40126,80126,N/A
40127,80127,N/A
40128,80128,N/A
40129,80129,N/A
40130,80130,N/A
40131,80131,N/A
40132,80132,N/A
40133,80133,N/A
40134,80134,N/A
40135,80135,N/A
40136,80136,N/A
40137,80137,N/A
40138,80138,N/A
40139,80139,N/A
40140,80140,N/A
40141,80141,N/A
40142,80142,N/A
40143,80143,N/A
40144,80144,N/A
40145,80145,N/A
40146,80146,N/A
40147,80147,N/A
40148,80148,N/A
40149,80149,N/A
40150,80150,N/A
40151,80151,N/A
40152,80152,N/A
40153,80153,N/A
40154,80154,N/A
40155,80155,N/A
40156,80156,N/A
40157,80157,N/A
40158,80158,N/A
40159,80159,N/A
40160,80160,N/A
40161,80161,N/A
40162,80162,N/A
40163,80163,N/A
40164,80164,N/A
40165,80165,N/A
40166,80166,N/A
40167,80167,N/A
40168,80168,N/A
40169,80169,N/A
40170,80170,N/A
40171,80171,N/A
40172,80172,N/A
40173,80173,N/A
40174,80174,N/A
40175,80175,N/A
40176,80176,N/A
40177,80177,N/A
40178,80178,N/A
40179,80179,N/A
40180,80180,N/A
40181,80181,N/A
40182,80182,N/A
40183,80183,N/A
40184,80184,N/A
40185,80185,N/A
40186,80186,N/A
40187,80187,N/A
40188,80188,N/A
40189,80189,N/A
40190,80190,N/A
40191,80191,N/A
40192,80192,N/A
40193,80193,N/A
40194,80194,N/A
40195,80195,N/A
40196,80196,N/A
40197,80197,N/A
40198,80198,N/A
40199,80199,N/A
40200,80200,N/A
40201,80201,N/A
40202,80202,N/A
40203,80203,N/A
40204,80204,N/A
40205,80205,N/A
40206,80206,N/A
40207,80207,N/A
40208,80208,N/A
40209,80209,N/A
40210,80210,N/A
40211,80211,N/A
40212,80212,N/A
40213,80213,N/A
40214,80214,N/A
40215,80215,N/A
40216,80216,N/A
40217,80217,N/A
40218,80218,N/A
40219,80219,N/A
40220,80220,N/A
40221,80221,N/A
40222,80222,N/A
40223,80223,N/A
40224,80224,N/A
40225,80225,N/A
40226,80226,N/A
40227,80227,N/A
40228,80228,N/A
40229,80229,N/A
40230,80230,N/A
40231,80231,N/A
40232,80232,N/A
40233,80233,N/A
40234,80234,N/A
40235,80235,N/A
40236,80236,N/A
40237,80237,N/A
40238,80238,N/A
40239,80239,N/A
40240,80240,N/A
40241,80241,N/A
40242,80242,N/A
40243,80243,N/A
40244,80244,N/A
40245,80245,N/A
40246,80246,N/A
40247,80247,N/A
40248,80248,N/A
40249,80249,N/A
40250,80250,N/A
40251,80251,N/A
40252,80252,N/A
40253,80253,N/A
40254,80254,N/A
40255,80255,N/A
40256,80256,N/A
40257,80257,N/A
40258,80258,N/A
40259,80259,N/A
40260,80260,N/A
40261,80261,N/A
40262,80262,N/A
40263,80263,N/A
40264,80264,N/A
40265,80265,N/A
40266,80266,N/A
40267,80267,N/A
40268,80268,N/A
40269,80269,N/A
40270,80270,N/A
40271,80271,N/A
40272,80272,N/A
40273,80273,N/A
40274,80274,N/A
40275,80275,N/A
40276,80276,N/A
40277,80277,N/A
40278,80278,N/A
40279,80279,N/A
40280,80280,N/A
40281,80281,N/A
40282,80282,N/A
40283,80283,N/A
40284,80284,N/A
40285,80285,N/A
40286,80286,N/A
40287,80287,N/A
40288,80288,N/A
40289,80289,N/A
40290,80290,N/A
40291,80291,N/A
40292,80292,N/A
40293,80293,N/A
40294,80294,N/A
40295,80295,N/A
40296,80296,N/A
40297,80297,N/A
40298,80298,N/A
40299,80299,N/A
40300,80300,N/A
40301,80301,N/A
40302,80302,N/A
40303,80303,N/A
40304,80304,N/A
40305,80305,N/A
40306,80306,N/A
40307,80307,N/A
40308,80308,N/A
40309,80309,N/A
40310,80310,N/A
40311,80311,N/A
40312,80312,N/A
40313,80313,N/A
40314,80314,N/A
40315,80315,N/A
40316,80316,N/A
40317,80317,N/A
40318,80318,N/A
40319,80319,N/A
40320,80320,N/A
40321,80321,N/A
40322,80322,N/A
40323,80323,N/A
40324,80324,N/A
40325,80325,N/A
40326,80326,N/A
40327,80327,N/A
40328,80328,N/A
40329,80329,N/A
40330,80330,N/A
40331,80331,N/A
40332,80332,N/A
40333,80333,N/A
40334,80334,N/A
40335,80335,N/A
40336,80336,N/A
40337,80337,N/A
40338,80338,N/A
40339,80339,N/A
40340,80340,N/A
40341,80341,N/A
40342,80342,N/A
40343,80343,N/A
40344,80344,N/A
40345,80345,N/A
40346,80346,N/A
40347,80347,N/A
40348,80348,N/A
40349,80349,N/A
40350,80350,N/A
40351,80351,N/A
40352,80352,N/A
40353,80353,N/A
40354,80354,N/A
40355,80355,N/A
40356,80356,N/A
40357,80357,N/A
40358,80358,N/A
40359,80359,N/A
40360,80360,N/A
40361,80361,N/A
40362,80362,N/A
40363,80363,N/A
40364,80364,N/A
40365,80365,N/A
40366,80366,N/A
40367,80367,N/A
40368,80368,N/A
40369,80369,N/A
40370,80370,N/A
40371,80371,N/A
40372,80372,N/A
40373,80373,N/A
40374,80374,N/A
40375,80375,N/A
40376,80376,N/A
40377,80377,N/A
40378,80378,N/A
40379,80379,N/A
40380,80380,N/A
40381,80381,N/A
40382,80382,N/A
40383,80383,N/A
40384,80384,N/A
40385,80385,N/A
40386,80386,N/A
40387,80387,N/A
40388,80388,N/A
40389,80389,N/A
40390,80390,N/A
40391,80391,N/A
40392,80392,N/A
40393,80393,N/A
40394,80394,N/A
40395,80395,N/A
40396,80396,N/A
40397,80397,N/A
40398,80398,N/A
40399,80399,N/A
40400,80400,N/A
40401,80401,N/A
40402,80402,N/A
40403,80403,N/A
40404,80404,N/A
40405,80405,N/A
40406,80406,N/A
40407,80407,N/A
40408,80408,N/A
40409,80409,N/A
40410,80410,N/A
40411,80411,N/A
40412,80412,N/A
40413,80413,N/A
40414,80414,N/A
40415,80415,N/A
40416,80416,N/A
40417,80417,N/A
40418,80418,N/A
40419,80419,N/A
40420,80420,N/A
40421,80421,N/A
40422,80422,N/A
40423,80423,N/A
40424,80424,N/A
40425,80425,N/A
40426,80426,N/A
40427,80427,N/A
40428,80428,N/A
40429,80429,N/A
40430,80430,N/A
40431,80431,N/A
40432,80432,N/A
40433,80433,N/A
40434,80434,N/A
40435,80435,N/A
40436,80436,N/A
40437,80437,N/A
40438,80438,N/A
40439,80439,N/A
40440,80440,N/A
40441,80441,N/A
40442,80442,N/A
40443,80443,N/A
40444,80444,N/A
40445,80445,N/A
40446,80446,N/A
40447,80447,N/A
40448,80448,N/A
40449,80449,N/A
40450,80450,N/A
40451,80451,N/A
40452,80452,N/A
40453,80453,N/A
40454,80454,N/A
40455,80455,N/A
40456,80456,N/A
40457,80457,N/A
40458,80458,N/A
40459,80459,N/A
40460,80460,N/A
40461,80461,N/A
40462,80462,N/A
40463,80463,N/A
40464,80464,N/A
40465,80465,N/A
40466,80466,N/A
40467,80467,N/A
40468,80468,N/A
40469,80469,N/A
40470,80470,N/A
40471,80471,N/A
40472,80472,N/A
40473,80473,N/A
40474,80474,N/A
40475,80475,N/A
40476,80476,N/A
40477,80477,N/A
40478,80478,N/A
40479,80479,N/A
40480,80480,N/A
40481,80481,N/A
40482,80482,N/A
40483,80483,N/A
40484,80484,N/A
40485,80485,N/A
40486,80486,N/A
40487,80487,N/A
40488,80488,N/A
40489,80489,N/A
40490,80490,N/A
40491,80491,N/A
40492,80492,N/A
40493,80493,N/A
40494,80494,N/A
40495,80495,N/A
40496,80496,N/A
40497,80497,N/A
40498,80498,N/A
40499,80499,N/A
40500,80500,N/A
40501,80501,N/A
40502,80502,N/A
40503,80503,N/A
40504,80504,N/A
40505,80505,N/A
40506,80506,N/A
40507,80507,N/A
40508,80508,N/A
40509,80509,N/A
40510,80510,N/A
40511,80511,N/A
40512,80512,N/A
40513,80513,N/A
40514,80514,N/A
40515,80515,N/A
40516,80516,N/A
40517,80517,N/A
40518,80518,N/A
40519,80519,N/A
40520,80520,N/A
40521,80521,N/A
40522,80522,N/A
40523,80523,N/A
40524,80524,N/A
40525,80525,N/A
40526,80526,N/A
40527,80527,N/A
40528,80528,N/A
40529,80529,N/A
40530,80530,N/A
40531,80531,N/A
40532,80532,N/A
40533,80533,N/A
40534,80534,N/A
40535,80535,N/A
40536,80536,N/A
40537,80537,N/A
40538,80538,N/A
40539,80539,N/A
40540,80540,N/A
40541,80541,N/A
40542,80542,N/A
40543,80543,N/A
40544,80544,N/A
40545,80545,N/A
40546,80546,N/A
40547,80547,N/A
40548,80548,N/A
40549,80549,N/A
40550,80550,N/A
40551,80551,N/A
40552,80552,N/A
40553,80553,N/A
40554,80554,N/A
40555,80555,N/A
40556,80556,N/A
40557,80557,N/A
40558,80558,N/A
40559,80559,N/A
40560,80560,N/A
40561,80561,N/A
40562,80562,N/A
40563,80563,N/A
40564,80564,N/A
40565,80565,N/A
40566,80566,N/A
40567,80567,N/A
40568,80568,N/A
40569,80569,N/A
40570,80570,N/A
40571,80571,N/A
40572,80572,N/A
40573,80573,N/A
40574,80574,N/A
40575,80575,N/A
40576,80576,N/A
40577,80577,N/A
40578,80578,N/A
40579,80579,N/A
40580,80580,N/A
40581,80581,N/A
40582,80582,N/A
40583,80583,N/A
40584,80584,N/A
40585,80585,N/A
40586,80586,N/A
40587,80587,N/A
40588,80588,N/A
40589,80589,N/A
40590,80590,N/A
40591,80591,N/A
40592,80592,N/A
40593,80593,N/A
40594,80594,N/A
40595,80595,N/A
40596,80596,N/A
40597,80597,N/A
40598,80598,N/A
40599,80599,N/A
40600,80600,N/A
40601,80601,N/A
40602,80602,N/A
40603,80603,N/A
40604,80604,N/A
40605,80605,N/A
40606,80606,N/A
40607,80607,N/A
40608,80608,N/A
40609,80609,N/A
40610,80610,N/A
40611,80611,N/A
40612,80612,N/A
40613,80613,N/A
40614,80614,N/A
40615,80615,N/A
40616,80616,N/A
40617,80617,N/A
40618,80618,N/A
40619,80619,N/A
40620,80620,N/A
40621,80621,N/A
40622,80622,N/A
40623,80623,N/A
40624,80624,N/A
40625,80625,N/A
40626,80626,N/A
40627,80627,N/A
40628,80628,N/A
40629,80629,N/A
40630,80630,N/A
40631,80631,N/A
40632,80632,N/A
40633,80633,N/A
40634,80634,N/A
40635,80635,N/A
40636,80636,N/A
40637,80637,N/A
40638,80638,N/A
40639,80639,N/A
40640,80640,N/A
40641,80641,N/A
40642,80642,N/A
40643,80643,N/A
40644,80644,N/A
40645,80645,N/A
40646,80646,N/A
40647,80647,N/A
40648,80648,N/A
40649,80649,N/A
40650,80650,N/A
40651,80651,N/A
40652,80652,N/A
40653,80653,N/A
40654,80654,N/A
40655,80655,N/A
40656,80656,N/A
40657,80657,N/A
40658,80658,N/A
40659,80659,N/A
40660,80660,N/A
40661,80661,N/A
40662,80662,N/A
40663,80663,N/A
40664,80664,N/A
40665,80665,N/A
40666,80666,N/A
40667,80667,N/A
40668,80668,N/A
40669,80669,N/A
40670,80670,N/A
40671,80671,N/A
40672,80672,N/A
40673,80673,N/A
40674,80674,N/A
40675,80675,N/A
40676,80676,N/A
40677,80677,N/A
40678,80678,N/A
40679,80679,N/A
40680,80680,N/A
40681,80681,N/A
40682,80682,N/A
40683,80683,N/A
40684,80684,N/A
40685,80685,N/A
40686,80686,N/A
40687,80687,N/A
40688,80688,N/A
40689,80689,N/A
40690,80690,N/A
40691,80691,N/A
40692,80692,N/A
40693,80693,N/A
40694,80694,N/A
40695,80695,N/A
40696,80696,N/A
40697,80697,N/A
40698,80698,N/A
40699,80699,N/A
40700,80700,N/A
40701,80701,N/A
40702,80702,N/A
40703,80703,N/A
40704,80704,N/A
40705,80705,N/A
40706,80706,N/A
40707,80707,N/A
40708,80708,N/A
40709,80709,N/A
40710,80710,N/A
40711,80711,N/A
40712,80712,N/A
40713,80713,N/A
40714,80714,N/A
40715,80715,N/A
40716,80716,N/A
40717,80717,N/A
40718,80718,N/A
40719,80719,N/A
40720,80720,N/A
40721,80721,N/A
40722,80722,N/A
40723,80723,N/A
40724,80724,N/A
40725,80725,N/A
40726,80726,N/A
40727,80727,N/A
40728,80728,N/A
40729,80729,N/A
40730,80730,N/A
40731,80731,N/A
40732,80732,N/A
40733,80733,N/A
40734,80734,N/A
40735,80735,N/A
40736,80736,N/A
40737,80737,N/A
40738,80738,N/A
40739,80739,N/A
40740,80740,N/A
40741,80741,N/A
40742,80742,N/A
40743,80743,N/A
40744,80744,N/A
40745,80745,N/A
40746,80746,N/A
40747,80747,N/A
40748,80748,N/A
40749,80749,N/A
40750,80750,N/A
40751,80751,N/A
40752,80752,N/A
40753,80753,N/A
40754,80754,N/A
40755,80755,N/A
40756,80756,N/A
40757,80757,N/A
40758,80758,N/A
40759,80759,N/A
40760,80760,N/A
40761,80761,N/A
40762,80762,N/A
40763,80763,N/A
40764,80764,N/A
40765,80765,N/A
40766,80766,N/A
40767,80767,N/A
40768,80768,N/A
40769,80769,N/A
40770,80770,N/A
40771,80771,N/A
40772,80772,N/A
40773,80773,N/A
40774,80774,N/A
40775,80775,N/A
40776,80776,N/A
40777,80777,N/A
40778,80778,N/A
40779,80779,N/A
40780,80780,N/A
40781,80781,N/A
40782,80782,N/A
40783,80783,N/A
40784,80784,N/A
40785,80785,N/A
40786,80786,N/A
40787,80787,N/A
40788,80788,N/A
40789,80789,N/A
40790,80790,N/A
40791,80791,N/A
40792,80792,N/A
40793,80793,N/A
40794,80794,N/A
40795,80795,N/A
40796,80796,N/A
40797,80797,N/A
40798,80798,N/A
40799,80799,N/A
40800,80800,N/A
40801,80801,N/A
40802,80802,N/A
40803,80803,N/A
40804,80804,N/A
40805,80805,N/A
40806,80806,N/A
40807,80807,N/A
40808,80808,N/A
40809,80809,N/A
40810,80810,N/A
40811,80811,N/A
40812,80812,N/A
40813,80813,N/A
40814,80814,N/A
40815,80815,N/A
40816,80816,N/A
40817,80817,N/A
40818,80818,N/A
40819,80819,N/A
40820,80820,N/A
40821,80821,N/A
40822,80822,N/A
40823,80823,N/A
40824,80824,N/A
40825,80825,N/A
40826,80826,N/A
40827,80827,N/A
40828,80828,N/A
40829,80829,N/A
40830,80830,N/A
40831,80831,N/A
40832,80832,N/A
40833,80833,N/A
40834,80834,N/A
40835,80835,N/A
40836,80836,N/A
40837,80837,N/A
40838,80838,N/A
40839,80839,N/A
40840,80840,N/A
40841,80841,N/A
40842,80842,N/A
40843,80843,N/A
40844,80844,N/A
40845,80845,N/A
40846,80846,N/A
40847,80847,N/A
40848,80848,N/A
40849,80849,N/A
40850,80850,N/A
40851,80851,N/A
40852,80852,N/A
40853,80853,N/A
40854,80854,N/A
40855,80855,N/A
40856,80856,N/A
40857,80857,N/A
40858,80858,N/A
40859,80859,N/A
40860,80860,N/A
40861,80861,N/A
40862,80862,N/A
40863,80863,N/A
40864,80864,N/A
40865,80865,N/A
40866,80866,N/A
40867,80867,N/A
40868,80868,N/A
40869,80869,N/A
40870,80870,N/A
40871,80871,N/A
40872,80872,N/A
40873,80873,N/A
40874,80874,N/A
40875,80875,N/A
40876,80876,N/A
40877,80877,N/A
40878,80878,N/A
40879,80879,N/A
40880,80880,N/A
40881,80881,N/A
40882,80882,N/A
40883,80883,N/A
40884,80884,N/A
40885,80885,N/A
40886,80886,N/A
40887,80887,N/A
40888,80888,N/A
40889,80889,N/A
40890,80890,N/A
40891,80891,N/A
40892,80892,N/A
40893,80893,N/A
40894,80894,N/A
40895,80895,N/A
40896,80896,N/A
40897,80897,N/A
40898,80898,N/A
40899,80899,N/A
40900,80900,N/A
40901,80901,N/A
40902,80902,N/A
40903,80903,N/A
40904,80904,N/A
40905,80905,N/A
40906,80906,N/A
40907,80907,N/A
40908,80908,N/A
40909,80909,N/A
40910,80910,N/A
40911,80911,N/A
40912,80912,N/A
40913,80913,N/A
40914,80914,N/A
40915,80915,N/A
40916,80916,N/A
40917,80917,N/A
40918,80918,N/A
40919,80919,N/A
40920,80920,N/A
40921,80921,N/A
40922,80922,N/A
40923,80923,N/A
40924,80924,N/A
40925,80925,N/A
40926,80926,N/A
40927,80927,N/A
40928,80928,N/A
40929,80929,N/A
40930,80930,N/A
40931,80931,N/A
40932,80932,N/A
40933,80933,N/A
40934,80934,N/A
40935,80935,N/A
40936,80936,N/A
40937,80937,N/A
40938,80938,N/A
40939,80939,N/A
40940,80940,N/A
40941,80941,N/A
40942,80942,N/A
40943,80943,N/A
40944,80944,N/A
40945,80945,N/A
40946,80946,N/A
40947,80947,N/A
40948,80948,N/A
40949,80949,N/A
40950,80950,N/A
40951,80951,N/A
40952,80952,N/A
40953,80953,N/A
40954,80954,N/A
40955,80955,N/A
40956,80956,N/A
40957,80957,N/A
40958,80958,N/A
40959,80959,N/A
40960,80960,N/A
40961,80961,N/A
40962,80962,N/A
40963,80963,N/A
40964,80964,N/A
40965,80965,N/A
40966,80966,N/A
40967,80967,N/A
40968,80968,N/A
40969,80969,N/A
40970,80970,N/A
40971,80971,N/A
40972,80972,N/A
40973,80973,N/A
40974,80974,N/A
40975,80975,N/A
40976,80976,N/A
40977,80977,N/A
40978,80978,N/A
40979,80979,N/A
40980,80980,N/A
40981,80981,N/A
40982,80982,N/A
40983,80983,N/A
40984,80984,N/A
40985,80985,N/A
40986,80986,N/A
40987,80987,N/A
40988,80988,N/A
40989,80989,N/A
40990,80990,N/A
40991,80991,N/A
40992,80992,N/A
40993,80993,N/A
40994,80994,N/A
40995,80995,N/A
40996,80996,N/A
40997,80997,N/A
40998,80998,N/A
40999,80999,N/A
41000,81000,N/A
41001,81001,N/A
41002,81002,N/A
41003,81003,N/A
41004,81004,N/A
41005,81005,N/A
41006,81006,N/A
41007,81007,N/A
41008,81008,N/A
41009,81009,N/A
41010,81010,N/A
41011,81011,N/A
41012,81012,N/A
41013,81013,N/A
41014,81014,N/A
41015,81015,N/A
41016,81016,N/A
41017,81017,N/A
41018,81018,N/A
41019,81019,N/A
41020,81020,N/A
41021,81021,N/A
41022,81022,N/A
41023,81023,N/A
41024,81024,N/A
41025,81025,N/A
41026,81026,N/A
41027,81027,N/A
41028,81028,N/A
41029,81029,N/A
41030,81030,N/A
41031,81031,N/A
41032,81032,N/A
41033,81033,N/A
41034,81034,N/A
41035,81035,N/A
41036,81036,N/A
41037,81037,N/A
41038,81038,N/A
41039,81039,N/A
41040,81040,N/A
41041,81041,N/A
41042,81042,N/A
41043,81043,N/A
41044,81044,N/A
41045,81045,N/A
41046,81046,N/A
41047,81047,N/A
41048,81048,N/A
41049,81049,N/A
41050,81050,N/A
41051,81051,N/A
41052,81052,N/A
41053,81053,N/A
41054,81054,N/A
41055,81055,N/A
41056,81056,N/A
41057,81057,N/A
41058,81058,N/A
41059,81059,N/A
41060,81060,N/A
41061,81061,N/A
41062,81062,N/A
41063,81063,N/A
41064,81064,N/A
41065,81065,N/A
41066,81066,N/A
41067,81067,N/A
41068,81068,N/A
41069,81069,N/A
41070,81070,N/A
41071,81071,N/A
41072,81072,N/A
41073,81073,N/A
41074,81074,N/A
41075,81075,N/A
41076,81076,N/A
41077,81077,N/A
41078,81078,N/A
41079,81079,N/A
41080,81080,N/A
41081,81081,N/A
41082,81082,N/A
41083,81083,N/A
41084,81084,N/A
41085,81085,N/A
41086,81086,N/A
41087,81087,N/A
41088,81088,N/A
41089,81089,N/A
41090,81090,N/A
41091,81091,N/A
41092,81092,N/A
41093,81093,N/A
41094,81094,N/A
41095,81095,N/A
41096,81096,N/A
41097,81097,N/A
41098,81098,N/A
41099,81099,N/A
41100,81100,N/A
41101,81101,N/A
41102,81102,N/A
41103,81103,N/A
41104,81104,N/A
41105,81105,N/A
41106,81106,N/A
41107,81107,N/A
41108,81108,N/A
41109,81109,N/A
41110,81110,N/A
41111,81111,N/A
41112,81112,N/A
41113,81113,N/A
41114,81114,N/A
41115,81115,N/A
41116,81116,N/A
41117,81117,N/A
41118,81118,N/A
41119,81119,N/A
41120,81120,N/A
41121,81121,N/A
41122,81122,N/A
41123,81123,N/A
41124,81124,N/A
41125,81125,N/A
41126,81126,N/A
41127,81127,N/A
41128,81128,N/A
41129,81129,N/A
41130,81130,N/A
41131,81131,N/A
41132,81132,N/A
41133,81133,N/A
41134,81134,N/A
41135,81135,N/A
41136,81136,N/A
41137,81137,N/A
41138,81138,N/A
41139,81139,N/A
41140,81140,N/A
41141,81141,N/A
41142,81142,N/A
41143,81143,N/A
41144,81144,N/A
41145,81145,N/A
41146,81146,N/A
41147,81147,N/A
41148,81148,N/A
41149,81149,N/A
41150,81150,N/A
41151,81151,N/A
41152,81152,N/A
41153,81153,N/A
41154,81154,N/A
41155,81155,N/A
41156,81156,N/A
41157,81157,N/A
41158,81158,N/A
41159,81159,N/A
41160,81160,N/A
41161,81161,N/A
41162,81162,N/A
41163,81163,N/A
41164,81164,N/A
41165,81165,N/A
41166,81166,N/A
41167,81167,N/A
41168,81168,N/A
41169,81169,N/A
41170,81170,N/A
41171,81171,N/A
41172,81172,N/A
41173,81173,N/A
41174,81174,N/A
41175,81175,N/A
41176,81176,N/A
41177,81177,N/A
41178,81178,N/A
41179,81179,N/A
41180,81180,N/A
41181,81181,N/A
41182,81182,N/A
41183,81183,N/A
41184,81184,N/A
41185,81185,N/A
41186,81186,N/A
41187,81187,N/A
41188,81188,N/A
41189,81189,N/A
41190,81190,N/A
41191,81191,N/A
41192,81192,N/A
41193,81193,N/A
41194,81194,N/A
41195,81195,N/A
41196,81196,N/A
41197,81197,N/A
41198,81198,N/A
41199,81199,N/A
41200,81200,N/A
41201,81201,N/A
41202,81202,N/A
41203,81203,N/A
41204,81204,N/A
41205,81205,N/A
41206,81206,N/A
41207,81207,N/A
41208,81208,N/A
41209,81209,N/A
41210,81210,N/A
41211,81211,N/A
41212,81212,N/A
41213,81213,N/A
41214,81214,N/A
41215,81215,N/A
41216,81216,N/A
41217,81217,N/A
41218,81218,N/A
41219,81219,N/A
41220,81220,N/A
41221,81221,N/A
41222,81222,N/A
41223,81223,N/A
41224,81224,N/A
41225,81225,N/A
41226,81226,N/A
41227,81227,N/A
41228,81228,N/A
41229,81229,N/A
41230,81230,N/A
41231,81231,N/A
41232,81232,N/A
41233,81233,N/A
41234,81234,N/A
41235,81235,N/A
41236,81236,N/A
41237,81237,N/A
41238,81238,N/A
41239,81239,N/A
41240,81240,N/A
41241,81241,N/A
41242,81242,N/A
41243,81243,N/A
41244,81244,N/A
41245,81245,N/A
41246,81246,N/A
41247,81247,N/A
41248,81248,N/A
41249,81249,N/A
41250,81250,N/A
41251,81251,N/A
41252,81252,N/A
41253,81253,N/A
41254,81254,N/A
41255,81255,N/A
41256,81256,N/A
41257,81257,N/A
41258,81258,N/A
41259,81259,N/A
41260,81260,N/A
41261,81261,N/A
41262,81262,N/A
41263,81263,N/A
41264,81264,N/A
41265,81265,N/A
41266,81266,N/A
41267,81267,N/A
41268,81268,N/A
41269,81269,N/A
41270,81270,N/A
41271,81271,N/A
41272,81272,N/A
41273,81273,N/A
41274,81274,N/A
41275,81275,N/A
41276,81276,N/A
41277,81277,N/A
41278,81278,N/A
41279,81279,N/A
41280,81280,N/A
41281,81281,N/A
41282,81282,N/A
41283,81283,N/A
41284,81284,N/A
41285,81285,N/A
41286,81286,N/A
41287,81287,N/A
41288,81288,N/A
41289,81289,N/A
41290,81290,N/A
41291,81291,N/A
41292,81292,N/A
41293,81293,N/A
41294,81294,N/A
41295,81295,N/A
41296,81296,N/A
41297,81297,N/A
41298,81298,N/A
41299,81299,N/A
41300,81300,N/A
41301,81301,N/A
41302,81302,N/A
41303,81303,N/A
41304,81304,N/A
41305,81305,N/A
41306,81306,N/A
41307,81307,N/A
41308,81308,N/A
41309,81309,N/A
41310,81310,N/A
41311,81311,N/A
41312,81312,N/A
41313,81313,N/A
41314,81314,N/A
41315,81315,N/A
41316,81316,N/A
41317,81317,N/A
41318,81318,N/A
41319,81319,N/A
41320,81320,N/A
41321,81321,N/A
41322,81322,N/A
41323,81323,N/A
41324,81324,N/A
41325,81325,N/A
41326,81326,N/A
41327,81327,N/A
41328,81328,N/A
41329,81329,N/A
41330,81330,N/A
41331,81331,N/A
41332,81332,N/A
41333,81333,N/A
41334,81334,N/A
41335,81335,N/A
41336,81336,N/A
41337,81337,N/A
41338,81338,N/A
41339,81339,N/A
41340,81340,N/A
41341,81341,N/A
41342,81342,N/A
41343,81343,N/A
41344,81344,N/A
41345,81345,N/A
41346,81346,N/A
41347,81347,N/A
41348,81348,N/A
41349,81349,N/A
41350,81350,N/A
41351,81351,N/A
41352,81352,N/A
41353,81353,N/A
41354,81354,N/A
41355,81355,N/A
41356,81356,N/A
41357,81357,N/A
41358,81358,N/A
41359,81359,N/A
41360,81360,N/A
41361,81361,N/A
41362,81362,N/A
41363,81363,N/A
41364,81364,N/A
41365,81365,N/A
41366,81366,N/A
41367,81367,N/A
41368,81368,N/A
41369,81369,N/A
41370,81370,N/A
41371,81371,N/A
41372,81372,N/A
41373,81373,N/A
41374,81374,N/A
41375,81375,N/A
41376,81376,N/A
41377,81377,N/A
41378,81378,N/A
41379,81379,N/A
41380,81380,N/A
41381,81381,N/A
41382,81382,N/A
41383,81383,N/A
41384,81384,N/A
41385,81385,N/A
41386,81386,N/A
41387,81387,N/A
41388,81388,N/A
41389,81389,N/A
41390,81390,N/A
41391,81391,N/A
41392,81392,N/A
41393,81393,N/A
41394,81394,N/A
41395,81395,N/A
41396,81396,N/A
41397,81397,N/A
41398,81398,N/A
41399,81399,N/A
41400,81400,N/A
41401,81401,N/A
41402,81402,N/A
41403,81403,N/A
41404,81404,N/A
41405,81405,N/A
41406,81406,N/A
41407,81407,N/A
41408,81408,N/A
41409,81409,N/A
41410,81410,N/A
41411,81411,N/A
41412,81412,N/A
41413,81413,N/A
41414,81414,N/A
41415,81415,N/A
41416,81416,N/A
41417,81417,N/A
41418,81418,N/A
41419,81419,N/A
41420,81420,N/A
41421,81421,N/A
41422,81422,N/A
41423,81423,N/A
41424,81424,N/A
41425,81425,N/A
41426,81426,N/A
41427,81427,N/A
41428,81428,N/A
41429,81429,N/A
41430,81430,N/A
41431,81431,N/A
41432,81432,N/A
41433,81433,N/A
41434,81434,N/A
41435,81435,N/A
41436,81436,N/A
41437,81437,N/A
41438,81438,N/A
41439,81439,N/A
41440,81440,N/A
41441,81441,N/A
41442,81442,N/A
41443,81443,N/A
41444,81444,N/A
41445,81445,N/A
41446,81446,N/A
41447,81447,N/A
41448,81448,N/A
41449,81449,N/A
41450,81450,N/A
41451,81451,N/A
41452,81452,N/A
41453,81453,N/A
41454,81454,N/A
41455,81455,N/A
41456,81456,N/A
41457,81457,N/A
41458,81458,N/A
41459,81459,N/A
41460,81460,N/A
41461,81461,N/A
41462,81462,N/A
41463,81463,N/A
41464,81464,N/A
41465,81465,N/A
41466,81466,N/A
41467,81467,N/A
41468,81468,N/A
41469,81469,N/A
41470,81470,N/A
41471,81471,N/A
41472,81472,N/A
41473,81473,N/A
41474,81474,N/A
41475,81475,N/A
41476,81476,N/A
41477,81477,N/A
41478,81478,N/A
41479,81479,N/A
41480,81480,N/A
41481,81481,N/A
41482,81482,N/A
41483,81483,N/A
41484,81484,N/A
41485,81485,N/A
41486,81486,N/A
41487,81487,N/A
41488,81488,N/A
41489,81489,N/A
41490,81490,N/A
41491,81491,N/A
41492,81492,N/A
41493,81493,N/A
41494,81494,N/A
41495,81495,N/A
41496,81496,N/A
41497,81497,N/A
41498,81498,N/A
41499,81499,N/A
41500,81500,N/A
41501,81501,N/A
41502,81502,N/A
41503,81503,N/A
41504,81504,N/A
41505,81505,N/A
41506,81506,N/A
41507,81507,N/A
41508,81508,N/A
41509,81509,N/A
41510,81510,N/A
41511,81511,N/A
41512,81512,N/A
41513,81513,N/A
41514,81514,N/A
41515,81515,N/A
41516,81516,N/A
41517,81517,N/A
41518,81518,N/A
41519,81519,N/A
41520,81520,N/A
41521,81521,N/A
41522,81522,N/A
41523,81523,N/A
41524,81524,N/A
41525,81525,N/A
41526,81526,N/A
41527,81527,N/A
41528,81528,N/A
41529,81529,N/A
41530,81530,N/A
41531,81531,N/A
41532,81532,N/A
41533,81533,N/A
41534,81534,N/A
41535,81535,N/A
41536,81536,N/A
41537,81537,N/A
41538,81538,N/A
41539,81539,N/A
41540,81540,N/A
41541,81541,N/A
41542,81542,N/A
41543,81543,N/A
41544,81544,N/A
41545,81545,N/A
41546,81546,N/A
41547,81547,N/A
41548,81548,N/A
41549,81549,N/A
41550,81550,N/A
41551,81551,N/A
41552,81552,N/A
41553,81553,N/A
41554,81554,N/A
41555,81555,N/A
41556,81556,N/A
41557,81557,N/A
41558,81558,N/A
41559,81559,N/A
41560,81560,N/A
41561,81561,N/A
41562,81562,N/A
41563,81563,N/A
41564,81564,N/A
41565,81565,N/A
41566,81566,N/A
41567,81567,N/A
41568,81568,N/A
41569,81569,N/A
41570,81570,N/A
41571,81571,N/A
41572,81572,N/A
41573,81573,N/A
41574,81574,N/A
41575,81575,N/A
41576,81576,N/A
41577,81577,N/A
41578,81578,N/A
41579,81579,N/A
41580,81580,N/A
41581,81581,N/A
41582,81582,N/A
41583,81583,N/A
41584,81584,N/A
41585,81585,N/A
41586,81586,N/A
41587,81587,N/A
41588,81588,N/A
41589,81589,N/A
41590,81590,N/A
41591,81591,N/A
41592,81592,N/A
41593,81593,N/A
41594,81594,N/A
41595,81595,N/A
41596,81596,N/A
41597,81597,N/A
41598,81598,N/A
41599,81599,N/A
41600,81600,N/A
41601,81601,N/A
41602,81602,N/A
41603,81603,N/A
41604,81604,N/A
41605,81605,N/A
41606,81606,N/A
41607,81607,N/A
41608,81608,N/A
41609,81609,N/A
41610,81610,N/A
41611,81611,N/A
41612,81612,N/A
41613,81613,N/A
41614,81614,N/A
41615,81615,N/A
41616,81616,N/A
41617,81617,N/A
41618,81618,N/A
41619,81619,N/A
41620,81620,N/A
41621,81621,N/A
41622,81622,N/A
41623,81623,N/A
41624,81624,N/A
41625,81625,N/A
41626,81626,N/A
41627,81627,N/A
41628,81628,N/A
41629,81629,N/A
41630,81630,N/A
41631,81631,N/A
41632,81632,N/A
41633,81633,N/A
41634,81634,N/A
41635,81635,N/A
41636,81636,N/A
41637,81637,N/A
41638,81638,N/A
41639,81639,N/A
41640,81640,N/A
41641,81641,N/A
41642,81642,N/A
41643,81643,N/A
41644,81644,N/A
41645,81645,N/A
41646,81646,N/A
41647,81647,N/A
41648,81648,N/A
41649,81649,N/A
41650,81650,N/A
41651,81651,N/A
41652,81652,N/A
41653,81653,N/A
41654,81654,N/A
41655,81655,N/A
41656,81656,N/A
41657,81657,N/A
41658,81658,N/A
41659,81659,N/A
41660,81660,N/A
41661,81661,N/A
41662,81662,N/A
41663,81663,N/A
41664,81664,N/A
41665,81665,N/A
41666,81666,N/A
41667,81667,N/A
41668,81668,N/A
41669,81669,N/A
41670,81670,N/A
41671,81671,N/A
41672,81672,N/A
41673,81673,N/A
41674,81674,N/A
41675,81675,N/A
41676,81676,N/A
41677,81677,N/A
41678,81678,N/A
41679,81679,N/A
41680,81680,N/A
41681,81681,N/A
41682,81682,N/A
41683,81683,N/A
41684,81684,N/A
41685,81685,N/A
41686,81686,N/A
41687,81687,N/A
41688,81688,N/A
41689,81689,N/A
41690,81690,N/A
41691,81691,N/A
41692,81692,N/A
41693,81693,N/A
41694,81694,N/A
41695,81695,N/A
41696,81696,N/A
41697,81697,N/A
41698,81698,N/A
41699,81699,N/A
41700,81700,N/A
41701,81701,N/A
41702,81702,N/A
41703,81703,N/A
41704,81704,N/A
41705,81705,N/A
41706,81706,N/A
41707,81707,N/A
41708,81708,N/A
41709,81709,N/A
41710,81710,N/A
41711,81711,N/A
41712,81712,N/A
41713,81713,N/A
41714,81714,N/A
41715,81715,N/A
41716,81716,N/A
41717,81717,N/A
41718,81718,N/A
41719,81719,N/A
41720,81720,N/A
41721,81721,N/A
41722,81722,N/A
41723,81723,N/A
41724,81724,N/A
41725,81725,N/A
41726,81726,N/A
41727,81727,N/A
41728,81728,N/A
41729,81729,N/A
41730,81730,N/A
41731,81731,N/A
41732,81732,N/A
41733,81733,N/A
41734,81734,N/A
41735,81735,N/A
41736,81736,N/A
41737,81737,N/A
41738,81738,N/A
41739,81739,N/A
41740,81740,N/A
41741,81741,N/A
41742,81742,N/A
41743,81743,N/A
41744,81744,N/A
41745,81745,N/A
41746,81746,N/A
41747,81747,N/A
41748,81748,N/A
41749,81749,N/A
41750,81750,N/A
41751,81751,N/A
41752,81752,N/A
41753,81753,N/A
41754,81754,N/A
41755,81755,N/A
41756,81756,N/A
41757,81757,N/A
41758,81758,N/A
41759,81759,N/A
41760,81760,N/A
41761,81761,N/A
41762,81762,N/A
41763,81763,N/A
41764,81764,N/A
41765,81765,N/A
41766,81766,N/A
41767,81767,N/A
41768,81768,N/A
41769,81769,N/A
41770,81770,N/A
41771,81771,N/A
41772,81772,N/A
41773,81773,N/A
41774,81774,N/A
41775,81775,N/A
41776,81776,N/A
41777,81777,N/A
41778,81778,N/A
41779,81779,N/A
41780,81780,N/A
41781,81781,N/A
41782,81782,N/A
41783,81783,N/A
41784,81784,N/A
41785,81785,N/A
41786,81786,N/A
41787,81787,N/A
41788,81788,N/A
41789,81789,N/A
41790,81790,N/A
41791,81791,N/A
41792,81792,N/A
41793,81793,N/A
41794,81794,N/A
41795,81795,N/A
41796,81796,N/A
41797,81797,N/A
41798,81798,N/A
41799,81799,N/A
41800,81800,N/A
41801,81801,N/A
41802,81802,N/A
41803,81803,N/A
41804,81804,N/A
41805,81805,N/A
41806,81806,N/A
41807,81807,N/A
41808,81808,N/A
41809,81809,N/A
41810,81810,N/A
41811,81811,N/A
41812,81812,N/A
41813,81813,N/A
41814,81814,N/A
41815,81815,N/A
41816,81816,N/A
41817,81817,N/A
41818,81818,N/A
41819,81819,N/A
41820,81820,N/A
41821,81821,N/A
41822,81822,N/A
41823,81823,N/A
41824,81824,N/A
41825,81825,N/A
41826,81826,N/A
41827,81827,N/A
41828,81828,N/A
41829,81829,N/A
41830,81830,N/A
41831,81831,N/A
41832,81832,N/A
41833,81833,N/A
41834,81834,N/A
41835,81835,N/A
41836,81836,N/A
41837,81837,N/A
41838,81838,N/A
41839,81839,N/A
41840,81840,N/A
41841,81841,N/A
41842,81842,N/A
41843,81843,N/A
41844,81844,N/A
41845,81845,N/A
41846,81846,N/A
41847,81847,N/A
41848,81848,N/A
41849,81849,N/A
41850,81850,N/A
41851,81851,N/A
41852,81852,N/A
41853,81853,N/A
41854,81854,N/A
41855,81855,N/A
41856,81856,N/A
41857,81857,N/A
41858,81858,N/A
41859,81859,N/A
41860,81860,N/A
41861,81861,N/A
41862,81862,N/A
41863,81863,N/A
41864,81864,N/A
41865,81865,N/A
41866,81866,N/A
41867,81867,N/A
41868,81868,N/A
41869,81869,N/A
41870,81870,N/A
41871,81871,N/A
41872,81872,N/A
41873,81873,N/A
41874,81874,N/A
41875,81875,N/A
41876,81876,N/A
41877,81877,N/A
41878,81878,N/A
41879,81879,N/A
41880,81880,N/A
41881,81881,N/A
41882,81882,N/A
41883,81883,N/A
41884,81884,N/A
41885,81885,N/A
41886,81886,N/A
41887,81887,N/A
41888,81888,N/A
41889,81889,N/A
41890,81890,N/A
41891,81891,N/A
41892,81892,N/A
41893,81893,N/A
41894,81894,N/A
41895,81895,N/A
41896,81896,N/A
41897,81897,N/A
41898,81898,N/A
41899,81899,N/A
41900,81900,N/A
41901,81901,N/A
41902,81902,N/A
41903,81903,N/A
41904,81904,N/A
41905,81905,N/A
41906,81906,N/A
41907,81907,N/A
41908,81908,N/A
41909,81909,N/A
41910,81910,N/A
41911,81911,N/A
41912,81912,N/A
41913,81913,N/A
41914,81914,N/A
41915,81915,N/A
41916,81916,N/A
41917,81917,N/A
41918,81918,N/A
41919,81919,N/A
41920,81920,N/A
41921,81921,N/A
41922,81922,N/A
41923,81923,N/A
41924,81924,N/A
41925,81925,N/A
41926,81926,N/A
41927,81927,N/A
41928,81928,N/A
41929,81929,N/A
41930,81930,N/A
41931,81931,N/A
41932,81932,N/A
41933,81933,N/A
41934,81934,N/A
41935,81935,N/A
41936,81936,N/A
41937,81937,N/A
41938,81938,N/A
41939,81939,N/A
41940,81940,N/A
41941,81941,N/A
41942,81942,N/A
41943,81943,N/A
41944,81944,N/A
41945,81945,N/A
41946,81946,N/A
41947,81947,N/A
41948,81948,N/A
41949,81949,N/A
41950,81950,N/A
41951,81951,N/A
41952,81952,N/A
41953,81953,N/A
41954,81954,N/A
41955,81955,N/A
41956,81956,N/A
41957,81957,N/A
41958,81958,N/A
41959,81959,N/A
41960,81960,N/A
41961,81961,N/A
41962,81962,N/A
41963,81963,N/A
41964,81964,N/A
41965,81965,N/A
41966,81966,N/A
41967,81967,N/A
41968,81968,N/A
41969,81969,N/A
41970,81970,N/A
41971,81971,N/A
41972,81972,N/A
41973,81973,N/A
41974,81974,N/A
41975,81975,N/A
41976,81976,N/A
41977,81977,N/A
41978,81978,N/A
41979,81979,N/A
41980,81980,N/A
41981,81981,N/A
41982,81982,N/A
41983,81983,N/A
41984,81984,N/A
41985,81985,N/A
41986,81986,N/A
41987,81987,N/A
41988,81988,N/A
41989,81989,N/A
41990,81990,N/A
41991,81991,N/A
41992,81992,N/A
41993,81993,N/A
41994,81994,N/A
41995,81995,N/A
41996,81996,N/A
41997,81997,N/A
41998,81998,N/A
41999,81999,N/A
42000,82000,N/A
42001,82001,N/A
42002,82002,N/A
42003,82003,N/A
42004,82004,N/A
42005,82005,N/A
42006,82006,N/A
42007,82007,N/A
42008,82008,N/A
42009,82009,N/A
42010,82010,N/A
42011,82011,N/A
42012,82012,N/A
42013,82013,N/A
42014,82014,N/A
42015,82015,N/A
42016,82016,N/A
42017,82017,N/A
42018,82018,N/A
42019,82019,N/A
42020,82020,N/A
42021,82021,N/A
42022,82022,N/A
42023,82023,N/A
42024,82024,N/A
42025,82025,N/A
42026,82026,N/A
42027,82027,N/A
42028,82028,N/A
42029,82029,N/A
42030,82030,N/A
42031,82031,N/A
42032,82032,N/A
42033,82033,N/A
42034,82034,N/A
42035,82035,N/A
42036,82036,N/A
42037,82037,N/A
42038,82038,N/A
42039,82039,N/A
42040,82040,N/A
42041,82041,N/A
42042,82042,N/A
42043,82043,N/A
42044,82044,N/A
42045,82045,N/A
42046,82046,N/A
42047,82047,N/A
42048,82048,N/A
42049,82049,N/A
42050,82050,N/A
42051,82051,N/A
42052,82052,N/A
42053,82053,N/A
42054,82054,N/A
42055,82055,N/A
42056,82056,N/A
42057,82057,N/A
42058,82058,N/A
42059,82059,N/A
42060,82060,N/A
42061,82061,N/A
42062,82062,N/A
42063,82063,N/A
42064,82064,N/A
42065,82065,N/A
42066,82066,N/A
42067,82067,N/A
42068,82068,N/A
42069,82069,N/A
42070,82070,N/A
42071,82071,N/A
42072,82072,N/A
42073,82073,N/A
42074,82074,N/A
42075,82075,N/A
42076,82076,N/A
42077,82077,N/A
42078,82078,N/A
42079,82079,N/A
42080,82080,N/A
42081,82081,N/A
42082,82082,N/A
42083,82083,N/A
42084,82084,N/A
42085,82085,N/A
42086,82086,N/A
42087,82087,N/A
42088,82088,N/A
42089,82089,N/A
42090,82090,N/A
42091,82091,N/A
42092,82092,N/A
42093,82093,N/A
42094,82094,N/A
42095,82095,N/A
42096,82096,N/A
42097,82097,N/A
42098,82098,N/A
42099,82099,N/A
42100,82100,N/A
42101,82101,N/A
42102,82102,N/A
42103,82103,N/A
42104,82104,N/A
42105,82105,N/A
42106,82106,N/A
42107,82107,N/A
42108,82108,N/A
42109,82109,N/A
42110,82110,N/A
42111,82111,N/A
42112,82112,N/A
42113,82113,N/A
42114,82114,N/A
42115,82115,N/A
42116,82116,N/A
42117,82117,N/A
42118,82118,N/A
42119,82119,N/A
42120,82120,N/A
42121,82121,N/A
42122,82122,N/A
42123,82123,N/A
42124,82124,N/A
42125,82125,N/A
42126,82126,N/A
42127,82127,N/A
42128,82128,N/A
42129,82129,N/A
42130,82130,N/A
42131,82131,N/A
42132,82132,N/A
42133,82133,N/A
42134,82134,N/A
42135,82135,N/A
42136,82136,N/A
42137,82137,N/A
42138,82138,N/A
42139,82139,N/A
42140,82140,N/A
42141,82141,N/A
42142,82142,N/A
42143,82143,N/A
42144,82144,N/A
42145,82145,N/A
42146,82146,N/A
42147,82147,N/A
42148,82148,N/A
42149,82149,N/A
42150,82150,N/A
42151,82151,N/A
42152,82152,N/A
42153,82153,N/A
42154,82154,N/A
42155,82155,N/A
42156,82156,N/A
42157,82157,N/A
42158,82158,N/A
42159,82159,N/A
42160,82160,N/A
42161,82161,N/A
42162,82162,N/A
42163,82163,N/A
42164,82164,N/A
42165,82165,N/A
42166,82166,N/A
42167,82167,N/A
42168,82168,N/A
42169,82169,N/A
42170,82170,N/A
42171,82171,N/A
42172,82172,N/A
42173,82173,N/A
42174,82174,N/A
42175,82175,N/A
42176,82176,N/A
42177,82177,N/A
42178,82178,N/A
42179,82179,N/A
42180,82180,N/A
42181,82181,N/A
42182,82182,N/A
42183,82183,N/A
42184,82184,N/A
42185,82185,N/A
42186,82186,N/A
42187,82187,N/A
42188,82188,N/A
42189,82189,N/A
42190,82190,N/A
42191,82191,N/A
42192,82192,N/A
42193,82193,N/A
42194,82194,N/A
42195,82195,N/A
42196,82196,N/A
42197,82197,N/A
42198,82198,N/A
42199,82199,N/A
42200,82200,N/A
42201,82201,N/A
42202,82202,N/A
42203,82203,N/A
42204,82204,N/A
42205,82205,N/A
42206,82206,N/A
42207,82207,N/A
42208,82208,N/A
42209,82209,N/A
42210,82210,N/A
42211,82211,N/A
42212,82212,N/A
42213,82213,N/A
42214,82214,N/A
42215,82215,N/A
42216,82216,N/A
42217,82217,N/A
42218,82218,N/A
42219,82219,N/A
42220,82220,N/A
42221,82221,N/A
42222,82222,N/A
42223,82223,N/A
42224,82224,N/A
42225,82225,N/A
42226,82226,N/A
42227,82227,N/A
42228,82228,N/A
42229,82229,N/A
42230,82230,N/A
42231,82231,N/A
42232,82232,N/A
42233,82233,N/A
42234,82234,N/A
42235,82235,N/A
42236,82236,N/A
42237,82237,N/A
42238,82238,N/A
42239,82239,N/A
42240,82240,N/A
42241,82241,N/A
42242,82242,N/A
42243,82243,N/A
42244,82244,N/A
42245,82245,N/A
42246,82246,N/A
42247,82247,N/A
42248,82248,N/A
42249,82249,N/A
42250,82250,N/A
42251,82251,N/A
42252,82252,N/A
42253,82253,N/A
42254,82254,N/A
42255,82255,N/A
42256,82256,N/A
42257,82257,N/A
42258,82258,N/A
42259,82259,N/A
42260,82260,N/A
42261,82261,N/A
42262,82262,N/A
42263,82263,N/A
42264,82264,N/A
42265,82265,N/A
42266,82266,N/A
42267,82267,N/A
42268,82268,N/A
42269,82269,N/A
42270,82270,N/A
42271,82271,N/A
42272,82272,N/A
42273,82273,N/A
42274,82274,N/A
42275,82275,N/A
42276,82276,N/A
42277,82277,N/A
42278,82278,N/A
42279,82279,N/A
42280,82280,N/A
42281,82281,N/A
42282,82282,N/A
42283,82283,N/A
42284,82284,N/A
42285,82285,N/A
42286,82286,N/A
42287,82287,N/A
42288,82288,N/A
42289,82289,N/A
42290,82290,N/A
42291,82291,N/A
42292,82292,N/A
42293,82293,N/A
42294,82294,N/A
42295,82295,N/A
42296,82296,N/A
42297,82297,N/A
42298,82298,N/A
42299,82299,N/A
42300,82300,N/A
42301,82301,N/A
42302,82302,N/A
42303,82303,N/A
42304,82304,N/A
42305,82305,N/A
42306,82306,N/A
42307,82307,N/A
42308,82308,N/A
42309,82309,N/A
42310,82310,N/A
42311,82311,N/A
42312,82312,N/A
42313,82313,N/A
42314,82314,N/A
42315,82315,N/A
42316,82316,N/A
42317,82317,N/A
42318,82318,N/A
42319,82319,N/A
42320,82320,N/A
42321,82321,N/A
42322,82322,N/A
42323,82323,N/A
42324,82324,N/A
42325,82325,N/A
42326,82326,N/A
42327,82327,N/A
42328,82328,N/A
42329,82329,N/A
42330,82330,N/A
42331,82331,N/A
42332,82332,N/A
42333,82333,N/A
42334,82334,N/A
42335,82335,N/A
42336,82336,N/A
42337,82337,N/A
42338,82338,N/A
42339,82339,N/A
42340,82340,N/A
42341,82341,N/A
42342,82342,N/A
42343,82343,N/A
42344,82344,N/A
42345,82345,N/A
42346,82346,N/A
42347,82347,N/A
42348,82348,N/A
42349,82349,N/A
42350,82350,N/A
42351,82351,N/A
42352,82352,N/A
42353,82353,N/A
42354,82354,N/A
42355,82355,N/A
42356,82356,N/A
42357,82357,N/A
42358,82358,N/A
42359,82359,N/A
42360,82360,N/A
42361,82361,N/A
42362,82362,N/A
42363,82363,N/A
42364,82364,N/A
42365,82365,N/A
42366,82366,N/A
42367,82367,N/A
42368,82368,N/A
42369,82369,N/A
42370,82370,N/A
42371,82371,N/A
42372,82372,N/A
42373,82373,N/A
42374,82374,N/A
42375,82375,N/A
42376,82376,N/A
42377,82377,N/A
42378,82378,N/A
42379,82379,N/A
42380,82380,N/A
42381,82381,N/A
42382,82382,N/A
42383,82383,N/A
42384,82384,N/A
42385,82385,N/A
42386,82386,N/A
42387,82387,N/A
42388,82388,N/A
42389,82389,N/A
42390,82390,N/A
42391,82391,N/A
42392,82392,N/A
42393,82393,N/A
42394,82394,N/A
42395,82395,N/A
42396,82396,N/A
42397,82397,N/A
42398,82398,N/A
42399,82399,N/A
42400,82400,N/A
42401,82401,N/A
42402,82402,N/A
42403,82403,N/A
42404,82404,N/A
42405,82405,N/A
42406,82406,N/A
42407,82407,N/A
42408,82408,N/A
42409,82409,N/A
42410,82410,N/A
42411,82411,N/A
42412,82412,N/A
42413,82413,N/A
42414,82414,N/A
42415,82415,N/A
42416,82416,N/A
42417,82417,N/A
42418,82418,N/A
42419,82419,N/A
42420,82420,N/A
42421,82421,N/A
42422,82422,N/A
42423,82423,N/A
42424,82424,N/A
42425,82425,N/A
42426,82426,N/A
42427,82427,N/A
42428,82428,N/A
42429,82429,N/A
42430,82430,N/A
42431,82431,N/A
42432,82432,N/A
42433,82433,N/A
42434,82434,N/A
42435,82435,N/A
42436,82436,N/A
42437,82437,N/A
42438,82438,N/A
42439,82439,N/A
42440,82440,N/A
42441,82441,N/A
42442,82442,N/A
42443,82443,N/A
42444,82444,N/A
42445,82445,N/A
42446,82446,N/A
42447,82447,N/A
42448,82448,N/A
42449,82449,N/A
42450,82450,N/A
42451,82451,N/A
42452,82452,N/A
42453,82453,N/A
42454,82454,N/A
42455,82455,N/A
42456,82456,N/A
42457,82457,N/A
42458,82458,N/A
42459,82459,N/A
42460,82460,N/A
42461,82461,N/A
42462,82462,N/A
42463,82463,N/A
42464,82464,N/A
42465,82465,N/A
42466,82466,N/A
42467,82467,N/A
42468,82468,N/A
42469,82469,N/A
42470,82470,N/A
42471,82471,N/A
42472,82472,N/A
42473,82473,N/A
42474,82474,N/A
42475,82475,N/A
42476,82476,N/A
42477,82477,N/A
42478,82478,N/A
42479,82479,N/A
42480,82480,N/A
42481,82481,N/A
42482,82482,N/A
42483,82483,N/A
42484,82484,N/A
42485,82485,N/A
42486,82486,N/A
42487,82487,N/A
42488,82488,N/A
42489,82489,N/A
42490,82490,N/A
42491,82491,N/A
42492,82492,N/A
42493,82493,N/A
42494,82494,N/A
42495,82495,N/A
42496,82496,N/A
42497,82497,N/A
42498,82498,N/A
42499,82499,N/A
42500,82500,N/A
42501,82501,N/A
42502,82502,N/A
42503,82503,N/A
42504,82504,N/A
42505,82505,N/A
42506,82506,N/A
42507,82507,N/A
42508,82508,N/A
42509,82509,N/A
42510,82510,N/A
42511,82511,N/A
42512,82512,N/A
42513,82513,N/A
42514,82514,N/A
42515,82515,N/A
42516,82516,N/A
42517,82517,N/A
42518,82518,N/A
42519,82519,N/A
42520,82520,N/A
42521,82521,N/A
42522,82522,N/A
42523,82523,N/A
42524,82524,N/A
42525,82525,N/A
42526,82526,N/A
42527,82527,N/A
42528,82528,N/A
42529,82529,N/A
42530,82530,N/A
42531,82531,N/A
42532,82532,N/A
42533,82533,N/A
42534,82534,N/A
42535,82535,N/A
42536,82536,N/A
42537,82537,N/A
42538,82538,N/A
42539,82539,N/A
42540,82540,N/A
42541,82541,N/A
42542,82542,N/A
42543,82543,N/A
42544,82544,N/A
42545,82545,N/A
42546,82546,N/A
42547,82547,N/A
42548,82548,N/A
42549,82549,N/A
42550,82550,N/A
42551,82551,N/A
42552,82552,N/A
42553,82553,N/A
42554,82554,N/A
42555,82555,N/A
42556,82556,N/A
42557,82557,N/A
42558,82558,N/A
42559,82559,N/A
42560,82560,N/A
42561,82561,N/A
42562,82562,N/A
42563,82563,N/A
42564,82564,N/A
42565,82565,N/A
42566,82566,N/A
42567,82567,N/A
42568,82568,N/A
42569,82569,N/A
42570,82570,N/A
42571,82571,N/A
42572,82572,N/A
42573,82573,N/A
42574,82574,N/A
42575,82575,N/A
42576,82576,N/A
42577,82577,N/A
42578,82578,N/A
42579,82579,N/A
42580,82580,N/A
42581,82581,N/A
42582,82582,N/A
42583,82583,N/A
42584,82584,N/A
42585,82585,N/A
42586,82586,N/A
42587,82587,N/A
42588,82588,N/A
42589,82589,N/A
42590,82590,N/A
42591,82591,N/A
42592,82592,N/A
42593,82593,N/A
42594,82594,N/A
42595,82595,N/A
42596,82596,N/A
42597,82597,N/A
42598,82598,N/A
42599,82599,N/A
42600,82600,N/A
42601,82601,N/A
42602,82602,N/A
42603,82603,N/A
42604,82604,N/A
42605,82605,N/A
42606,82606,N/A
42607,82607,N/A
42608,82608,N/A
42609,82609,N/A
42610,82610,N/A
42611,82611,N/A
42612,82612,N/A
42613,82613,N/A
42614,82614,N/A
42615,82615,N/A
42616,82616,N/A
42617,82617,N/A
42618,82618,N/A
42619,82619,N/A
42620,82620,N/A
42621,82621,N/A
42622,82622,N/A
42623,82623,N/A
42624,82624,N/A
42625,82625,N/A
42626,82626,N/A
42627,82627,N/A
42628,82628,N/A
42629,82629,N/A
42630,82630,N/A
42631,82631,N/A
42632,82632,N/A
42633,82633,N/A
42634,82634,N/A
42635,82635,N/A
42636,82636,N/A
42637,82637,N/A
42638,82638,N/A
42639,82639,N/A
42640,82640,N/A
42641,82641,N/A
42642,82642,N/A
42643,82643,N/A
42644,82644,N/A
42645,82645,N/A
42646,82646,N/A
42647,82647,N/A
42648,82648,N/A
42649,82649,N/A
42650,82650,N/A
42651,82651,N/A
42652,82652,N/A
42653,82653,N/A
42654,82654,N/A
42655,82655,N/A
42656,82656,N/A
42657,82657,N/A
42658,82658,N/A
42659,82659,N/A
42660,82660,N/A
42661,82661,N/A
42662,82662,N/A
42663,82663,N/A
42664,82664,N/A
42665,82665,N/A
42666,82666,N/A
42667,82667,N/A
42668,82668,N/A
42669,82669,N/A
42670,82670,N/A
42671,82671,N/A
42672,82672,N/A
42673,82673,N/A
42674,82674,N/A
42675,82675,N/A
42676,82676,N/A
42677,82677,N/A
42678,82678,N/A
42679,82679,N/A
42680,82680,N/A
42681,82681,N/A
42682,82682,N/A
42683,82683,N/A
42684,82684,N/A
42685,82685,N/A
42686,82686,N/A
42687,82687,N/A
42688,82688,N/A
42689,82689,N/A
42690,82690,N/A
42691,82691,N/A
42692,82692,N/A
42693,82693,N/A
42694,82694,N/A
42695,82695,N/A
42696,82696,N/A
42697,82697,N/A
42698,82698,N/A
42699,82699,N/A
42700,82700,N/A
42701,82701,N/A
42702,82702,N/A
42703,82703,N/A
42704,82704,N/A
42705,82705,N/A
42706,82706,N/A
42707,82707,N/A
42708,82708,N/A
42709,82709,N/A
42710,82710,N/A
42711,82711,N/A
42712,82712,N/A
42713,82713,N/A
42714,82714,N/A
42715,82715,N/A
42716,82716,N/A
42717,82717,N/A
42718,82718,N/A
42719,82719,N/A
42720,82720,N/A
42721,82721,N/A
42722,82722,N/A
42723,82723,N/A
42724,82724,N/A
42725,82725,N/A
42726,82726,N/A
42727,82727,N/A
42728,82728,N/A
42729,82729,N/A
42730,82730,N/A
42731,82731,N/A
42732,82732,N/A
42733,82733,N/A
42734,82734,N/A
42735,82735,N/A
42736,82736,N/A
42737,82737,N/A
42738,82738,N/A
42739,82739,N/A
42740,82740,N/A
42741,82741,N/A
42742,82742,N/A
42743,82743,N/A
42744,82744,N/A
42745,82745,N/A
42746,82746,N/A
42747,82747,N/A
42748,82748,N/A
42749,82749,N/A
42750,82750,N/A
42751,82751,N/A
42752,82752,N/A
42753,82753,N/A
42754,82754,N/A
42755,82755,N/A
42756,82756,N/A
42757,82757,N/A
42758,82758,N/A
42759,82759,N/A
42760,82760,N/A
42761,82761,N/A
42762,82762,N/A
42763,82763,N/A
42764,82764,N/A
42765,82765,N/A
42766,82766,N/A
42767,82767,N/A
42768,82768,N/A
42769,82769,N/A
42770,82770,N/A
42771,82771,N/A
42772,82772,N/A
42773,82773,N/A
42774,82774,N/A
42775,82775,N/A
42776,82776,N/A
42777,82777,N/A
42778,82778,N/A
42779,82779,N/A
42780,82780,N/A
42781,82781,N/A
42782,82782,N/A
42783,82783,N/A
42784,82784,N/A
42785,82785,N/A
42786,82786,N/A
42787,82787,N/A
42788,82788,N/A
42789,82789,N/A
42790,82790,N/A
42791,82791,N/A
42792,82792,N/A
42793,82793,N/A
42794,82794,N/A
42795,82795,N/A
42796,82796,N/A
42797,82797,N/A
42798,82798,N/A
42799,82799,N/A
42800,82800,N/A
42801,82801,N/A
42802,82802,N/A
42803,82803,N/A
42804,82804,N/A
42805,82805,N/A
42806,82806,N/A
42807,82807,N/A
42808,82808,N/A
42809,82809,N/A
42810,82810,N/A
42811,82811,N/A
42812,82812,N/A
42813,82813,N/A
42814,82814,N/A
42815,82815,N/A
42816,82816,N/A
42817,82817,N/A
42818,82818,N/A
42819,82819,N/A
42820,82820,N/A
42821,82821,N/A
42822,82822,N/A
42823,82823,N/A
42824,82824,N/A
42825,82825,N/A
42826,82826,N/A
42827,82827,N/A
42828,82828,N/A
42829,82829,N/A
42830,82830,N/A
42831,82831,N/A
42832,82832,N/A
42833,82833,N/A
42834,82834,N/A
42835,82835,N/A
42836,82836,N/A
42837,82837,N/A
42838,82838,N/A
42839,82839,N/A
42840,82840,N/A
42841,82841,N/A
42842,82842,N/A
42843,82843,N/A
42844,82844,N/A
42845,82845,N/A
42846,82846,N/A
42847,82847,N/A
42848,82848,N/A
42849,82849,N/A
42850,82850,N/A
42851,82851,N/A
42852,82852,N/A
42853,82853,N/A
42854,82854,N/A
42855,82855,N/A
42856,82856,N/A
42857,82857,N/A
42858,82858,N/A
42859,82859,N/A
42860,82860,N/A
42861,82861,N/A
42862,82862,N/A
42863,82863,N/A
42864,82864,N/A
42865,82865,N/A
42866,82866,N/A
42867,82867,N/A
42868,82868,N/A
42869,82869,N/A
42870,82870,N/A
42871,82871,N/A
42872,82872,N/A
42873,82873,N/A
42874,82874,N/A
42875,82875,N/A
42876,82876,N/A
42877,82877,N/A
42878,82878,N/A
42879,82879,N/A
42880,82880,N/A
42881,82881,N/A
42882,82882,N/A
42883,82883,N/A
42884,82884,N/A
42885,82885,N/A
42886,82886,N/A
42887,82887,N/A
42888,82888,N/A
42889,82889,N/A
42890,82890,N/A
42891,82891,N/A
42892,82892,N/A
42893,82893,N/A
42894,82894,N/A
42895,82895,N/A
42896,82896,N/A
42897,82897,N/A
42898,82898,N/A
42899,82899,N/A
42900,82900,N/A
42901,82901,N/A
42902,82902,N/A
42903,82903,N/A
42904,82904,N/A
42905,82905,N/A
42906,82906,N/A
42907,82907,N/A
42908,82908,N/A
42909,82909,N/A
42910,82910,N/A
42911,82911,N/A
42912,82912,N/A
42913,82913,N/A
42914,82914,N/A
42915,82915,N/A
42916,82916,N/A
42917,82917,N/A
42918,82918,N/A
42919,82919,N/A
42920,82920,N/A
42921,82921,N/A
42922,82922,N/A
42923,82923,N/A
42924,82924,N/A
42925,82925,N/A
42926,82926,N/A
42927,82927,N/A
42928,82928,N/A
42929,82929,N/A
42930,82930,N/A
42931,82931,N/A
42932,82932,N/A
42933,82933,N/A
42934,82934,N/A
42935,82935,N/A
42936,82936,N/A
42937,82937,N/A
42938,82938,N/A
42939,82939,N/A
42940,82940,N/A
42941,82941,N/A
42942,82942,N/A
42943,82943,N/A
42944,82944,N/A
42945,82945,N/A
42946,82946,N/A
42947,82947,N/A
42948,82948,N/A
42949,82949,N/A
42950,82950,N/A
42951,82951,N/A
42952,82952,N/A
42953,82953,N/A
42954,82954,N/A
42955,82955,N/A
42956,82956,N/A
42957,82957,N/A
42958,82958,N/A
42959,82959,N/A
42960,82960,N/A
42961,82961,N/A
42962,82962,N/A
42963,82963,N/A
42964,82964,N/A
42965,82965,N/A
42966,82966,N/A
42967,82967,N/A
42968,82968,N/A
42969,82969,N/A
42970,82970,N/A
42971,82971,N/A
42972,82972,N/A
42973,82973,N/A
42974,82974,N/A
42975,82975,N/A
42976,82976,N/A
42977,82977,N/A
42978,82978,N/A
42979,82979,N/A
42980,82980,N/A
42981,82981,N/A
42982,82982,N/A
42983,82983,N/A
42984,82984,N/A
42985,82985,N/A
42986,82986,N/A
42987,82987,N/A
42988,82988,N/A
42989,82989,N/A
42990,82990,N/A
42991,82991,N/A
42992,82992,N/A
42993,82993,N/A
42994,82994,N/A
42995,82995,N/A
42996,82996,N/A
42997,82997,N/A
42998,82998,N/A
42999,82999,N/A
43000,83000,N/A
43001,83001,N/A
43002,83002,N/A
43003,83003,N/A
43004,83004,N/A
43005,83005,N/A
43006,83006,N/A
43007,83007,N/A
43008,83008,N/A
43009,83009,N/A
43010,83010,N/A
43011,83011,N/A
43012,83012,N/A
43013,83013,N/A
43014,83014,N/A
43015,83015,N/A
43016,83016,N/A
43017,83017,N/A
43018,83018,N/A
43019,83019,N/A
43020,83020,N/A
43021,83021,N/A
43022,83022,N/A
43023,83023,N/A
43024,83024,N/A
43025,83025,N/A
43026,83026,N/A
43027,83027,N/A
43028,83028,N/A
43029,83029,N/A
43030,83030,N/A
43031,83031,N/A
43032,83032,N/A
43033,83033,N/A
43034,83034,N/A
43035,83035,N/A
43036,83036,N/A
43037,83037,N/A
43038,83038,N/A
43039,83039,N/A
43040,83040,N/A
43041,83041,N/A
43042,83042,N/A
43043,83043,N/A
43044,83044,N/A
43045,83045,N/A
43046,83046,N/A
43047,83047,N/A
43048,83048,N/A
43049,83049,N/A
43050,83050,N/A
43051,83051,N/A
43052,83052,N/A
43053,83053,N/A
43054,83054,N/A
43055,83055,N/A
43056,83056,N/A
43057,83057,N/A
43058,83058,N/A
43059,83059,N/A
43060,83060,N/A
43061,83061,N/A
43062,83062,N/A
43063,83063,N/A
43064,83064,N/A
43065,83065,N/A
43066,83066,N/A
43067,83067,N/A
43068,83068,N/A
43069,83069,N/A
43070,83070,N/A
43071,83071,N/A
43072,83072,N/A
43073,83073,N/A
43074,83074,N/A
43075,83075,N/A
43076,83076,N/A
43077,83077,N/A
43078,83078,N/A
43079,83079,N/A
43080,83080,N/A
43081,83081,N/A
43082,83082,N/A
43083,83083,N/A
43084,83084,N/A
43085,83085,N/A
43086,83086,N/A
43087,83087,N/A
43088,83088,N/A
43089,83089,N/A
43090,83090,N/A
43091,83091,N/A
43092,83092,N/A
43093,83093,N/A
43094,83094,N/A
43095,83095,N/A
43096,83096,N/A
43097,83097,N/A
43098,83098,N/A
43099,83099,N/A
43100,83100,N/A
43101,83101,N/A
43102,83102,N/A
43103,83103,N/A
43104,83104,N/A
43105,83105,N/A
43106,83106,N/A
43107,83107,N/A
43108,83108,N/A
43109,83109,N/A
43110,83110,N/A
43111,83111,N/A
43112,83112,N/A
43113,83113,N/A
43114,83114,N/A
43115,83115,N/A
43116,83116,N/A
43117,83117,N/A
43118,83118,N/A
43119,83119,N/A
43120,83120,N/A
43121,83121,N/A
43122,83122,N/A
43123,83123,N/A
43124,83124,N/A
43125,83125,N/A
43126,83126,N/A
43127,83127,N/A
43128,83128,N/A
43129,83129,N/A
43130,83130,N/A
43131,83131,N/A
43132,83132,N/A
43133,83133,N/A
43134,83134,N/A
43135,83135,N/A
43136,83136,N/A
43137,83137,N/A
43138,83138,N/A
43139,83139,N/A
43140,83140,N/A
43141,83141,N/A
43142,83142,N/A
43143,83143,N/A
43144,83144,N/A
43145,83145,N/A
43146,83146,N/A
43147,83147,N/A
43148,83148,N/A
43149,83149,N/A
43150,83150,N/A
43151,83151,N/A
43152,83152,N/A
43153,83153,N/A
43154,83154,N/A
43155,83155,N/A
43156,83156,N/A
43157,83157,N/A
43158,83158,N/A
43159,83159,N/A
43160,83160,N/A
43161,83161,N/A
43162,83162,N/A
43163,83163,N/A
43164,83164,N/A
43165,83165,N/A
43166,83166,N/A
43167,83167,N/A
43168,83168,N/A
43169,83169,N/A
43170,83170,N/A
43171,83171,N/A
43172,83172,N/A
43173,83173,N/A
43174,83174,N/A
43175,83175,N/A
43176,83176,N/A
43177,83177,N/A
43178,83178,N/A
43179,83179,N/A
43180,83180,N/A
43181,83181,N/A
43182,83182,N/A
43183,83183,N/A
43184,83184,N/A
43185,83185,N/A
43186,83186,N/A
43187,83187,N/A
43188,83188,N/A
43189,83189,N/A
43190,83190,N/A
43191,83191,N/A
43192,83192,N/A
43193,83193,N/A
43194,83194,N/A
43195,83195,N/A
43196,83196,N/A
43197,83197,N/A
43198,83198,N/A
43199,83199,N/A
43200,83200,N/A
43201,83201,N/A
43202,83202,N/A
43203,83203,N/A
43204,83204,N/A
43205,83205,N/A
43206,83206,N/A
43207,83207,N/A
43208,83208,N/A
43209,83209,N/A
43210,83210,N/A
43211,83211,N/A
43212,83212,N/A
43213,83213,N/A
43214,83214,N/A
43215,83215,N/A
43216,83216,N/A
43217,83217,N/A
43218,83218,N/A
43219,83219,N/A
43220,83220,N/A
43221,83221,N/A
43222,83222,N/A
43223,83223,N/A
43224,83224,N/A
43225,83225,N/A
43226,83226,N/A
43227,83227,N/A
43228,83228,N/A
43229,83229,N/A
43230,83230,N/A
43231,83231,N/A
43232,83232,N/A
43233,83233,N/A
43234,83234,N/A
43235,83235,N/A
43236,83236,N/A
43237,83237,N/A
43238,83238,N/A
43239,83239,N/A
43240,83240,N/A
43241,83241,N/A
43242,83242,N/A
43243,83243,N/A
43244,83244,N/A
43245,83245,N/A
43246,83246,N/A
43247,83247,N/A
43248,83248,N/A
43249,83249,N/A
43250,83250,N/A
43251,83251,N/A
43252,83252,N/A
43253,83253,N/A
43254,83254,N/A
43255,83255,N/A
43256,83256,N/A
43257,83257,N/A
43258,83258,N/A
43259,83259,N/A
43260,83260,N/A
43261,83261,N/A
43262,83262,N/A
43263,83263,N/A
43264,83264,N/A
43265,83265,N/A
43266,83266,N/A
43267,83267,N/A
43268,83268,N/A
43269,83269,N/A
43270,83270,N/A
43271,83271,N/A
43272,83272,N/A
43273,83273,N/A
43274,83274,N/A
43275,83275,N/A
43276,83276,N/A
43277,83277,N/A
43278,83278,N/A
43279,83279,N/A
43280,83280,N/A
43281,83281,N/A
43282,83282,N/A
43283,83283,N/A
43284,83284,N/A
43285,83285,N/A
43286,83286,N/A
43287,83287,N/A
43288,83288,N/A
43289,83289,N/A
43290,83290,N/A
43291,83291,N/A
43292,83292,N/A
43293,83293,N/A
43294,83294,N/A
43295,83295,N/A
43296,83296,N/A
43297,83297,N/A
43298,83298,N/A
43299,83299,N/A
43300,83300,N/A
43301,83301,N/A
43302,83302,N/A
43303,83303,N/A
43304,83304,N/A
43305,83305,N/A
43306,83306,N/A
43307,83307,N/A
43308,83308,N/A
43309,83309,N/A
43310,83310,N/A
43311,83311,N/A
43312,83312,N/A
43313,83313,N/A
43314,83314,N/A
43315,83315,N/A
43316,83316,N/A
43317,83317,N/A
43318,83318,N/A
43319,83319,N/A
43320,83320,N/A
43321,83321,N/A
43322,83322,N/A
43323,83323,N/A
43324,83324,N/A
43325,83325,N/A
43326,83326,N/A
43327,83327,N/A
43328,83328,N/A
43329,83329,N/A
43330,83330,N/A
43331,83331,N/A
43332,83332,N/A
43333,83333,N/A
43334,83334,N/A
43335,83335,N/A
43336,83336,N/A
43337,83337,N/A
43338,83338,N/A
43339,83339,N/A
43340,83340,N/A
43341,83341,N/A
43342,83342,N/A
43343,83343,N/A
43344,83344,N/A
43345,83345,N/A
43346,83346,N/A
43347,83347,N/A
43348,83348,N/A
43349,83349,N/A
43350,83350,N/A
43351,83351,N/A
43352,83352,N/A
43353,83353,N/A
43354,83354,N/A
43355,83355,N/A
43356,83356,N/A
43357,83357,N/A
43358,83358,N/A
43359,83359,N/A
43360,83360,N/A
43361,83361,N/A
43362,83362,N/A
43363,83363,N/A
43364,83364,N/A
43365,83365,N/A
43366,83366,N/A
43367,83367,N/A
43368,83368,N/A
43369,83369,N/A
43370,83370,N/A
43371,83371,N/A
43372,83372,N/A
43373,83373,N/A
43374,83374,N/A
43375,83375,N/A
43376,83376,N/A
43377,83377,N/A
43378,83378,N/A
43379,83379,N/A
43380,83380,N/A
43381,83381,N/A
43382,83382,N/A
43383,83383,N/A
43384,83384,N/A
43385,83385,N/A
43386,83386,N/A
43387,83387,N/A
43388,83388,N/A
43389,83389,N/A
43390,83390,N/A
43391,83391,N/A
43392,83392,N/A
43393,83393,N/A
43394,83394,N/A
43395,83395,N/A
43396,83396,N/A
43397,83397,N/A
43398,83398,N/A
43399,83399,N/A
43400,83400,N/A
43401,83401,N/A
43402,83402,N/A
43403,83403,N/A
43404,83404,N/A
43405,83405,N/A
43406,83406,N/A
43407,83407,N/A
43408,83408,N/A
43409,83409,N/A
43410,83410,N/A
43411,83411,N/A
43412,83412,N/A
43413,83413,N/A
43414,83414,N/A
43415,83415,N/A
43416,83416,N/A
43417,83417,N/A
43418,83418,N/A
43419,83419,N/A
43420,83420,N/A
43421,83421,N/A
43422,83422,N/A
43423,83423,N/A
43424,83424,N/A
43425,83425,N/A
43426,83426,N/A
43427,83427,N/A
43428,83428,N/A
43429,83429,N/A
43430,83430,N/A
43431,83431,N/A
43432,83432,N/A
43433,83433,N/A
43434,83434,N/A
43435,83435,N/A
43436,83436,N/A
43437,83437,N/A
43438,83438,N/A
43439,83439,N/A
43440,83440,N/A
43441,83441,N/A
43442,83442,N/A
43443,83443,N/A
43444,83444,N/A
43445,83445,N/A
43446,83446,N/A
43447,83447,N/A
43448,83448,N/A
43449,83449,N/A
43450,83450,N/A
43451,83451,N/A
43452,83452,N/A
43453,83453,N/A
43454,83454,N/A
43455,83455,N/A
43456,83456,N/A
43457,83457,N/A
43458,83458,N/A
43459,83459,N/A
43460,83460,N/A
43461,83461,N/A
43462,83462,N/A
43463,83463,N/A
43464,83464,N/A
43465,83465,N/A
43466,83466,N/A
43467,83467,N/A
43468,83468,N/A
43469,83469,N/A
43470,83470,N/A
43471,83471,N/A
43472,83472,N/A
43473,83473,N/A
43474,83474,N/A
43475,83475,N/A
43476,83476,N/A
43477,83477,N/A
43478,83478,N/A
43479,83479,N/A
43480,83480,N/A
43481,83481,N/A
43482,83482,N/A
43483,83483,N/A
43484,83484,N/A
43485,83485,N/A
43486,83486,N/A
43487,83487,N/A
43488,83488,N/A
43489,83489,N/A
43490,83490,N/A
43491,83491,N/A
43492,83492,N/A
43493,83493,N/A
43494,83494,N/A
43495,83495,N/A
43496,83496,N/A
43497,83497,N/A
43498,83498,N/A
43499,83499,N/A
43500,83500,N/A
43501,83501,N/A
43502,83502,N/A
43503,83503,N/A
43504,83504,N/A
43505,83505,N/A
43506,83506,N/A
43507,83507,N/A
43508,83508,N/A
43509,83509,N/A
43510,83510,N/A
43511,83511,N/A
43512,83512,N/A
43513,83513,N/A
43514,83514,N/A
43515,83515,N/A
43516,83516,N/A
43517,83517,N/A
43518,83518,N/A
43519,83519,N/A
43520,83520,N/A
43521,83521,N/A
43522,83522,N/A
43523,83523,N/A
43524,83524,N/A
43525,83525,N/A
43526,83526,N/A
43527,83527,N/A
43528,83528,N/A
43529,83529,N/A
43530,83530,N/A
43531,83531,N/A
43532,83532,N/A
43533,83533,N/A
43534,83534,N/A
43535,83535,N/A
43536,83536,N/A
43537,83537,N/A
43538,83538,N/A
43539,83539,N/A
43540,83540,N/A
43541,83541,N/A
43542,83542,N/A
43543,83543,N/A
43544,83544,N/A
43545,83545,N/A
43546,83546,N/A
43547,83547,N/A
43548,83548,N/A
43549,83549,N/A
43550,83550,N/A
43551,83551,N/A
43552,83552,N/A
43553,83553,N/A
43554,83554,N/A
43555,83555,N/A
43556,83556,N/A
43557,83557,N/A
43558,83558,N/A
43559,83559,N/A
43560,83560,N/A
43561,83561,N/A
43562,83562,N/A
43563,83563,N/A
43564,83564,N/A
43565,83565,N/A
43566,83566,N/A
43567,83567,N/A
43568,83568,N/A
43569,83569,N/A
43570,83570,N/A
43571,83571,N/A
43572,83572,N/A
43573,83573,N/A
43574,83574,N/A
43575,83575,N/A
43576,83576,N/A
43577,83577,N/A
43578,83578,N/A
43579,83579,N/A
43580,83580,N/A
43581,83581,N/A
43582,83582,N/A
43583,83583,N/A
43584,83584,N/A
43585,83585,N/A
43586,83586,N/A
43587,83587,N/A
43588,83588,N/A
43589,83589,N/A
43590,83590,N/A
43591,83591,N/A
43592,83592,N/A
43593,83593,N/A
43594,83594,N/A
43595,83595,N/A
43596,83596,N/A
43597,83597,N/A
43598,83598,N/A
43599,83599,N/A
43600,83600,N/A
43601,83601,N/A
43602,83602,N/A
43603,83603,N/A
43604,83604,N/A
43605,83605,N/A
43606,83606,N/A
43607,83607,N/A
43608,83608,N/A
43609,83609,N/A
43610,83610,N/A
43611,83611,N/A
43612,83612,N/A
43613,83613,N/A
43614,83614,N/A
43615,83615,N/A
43616,83616,N/A
43617,83617,N/A
43618,83618,N/A
43619,83619,N/A
43620,83620,N/A
43621,83621,N/A
43622,83622,N/A
43623,83623,N/A
43624,83624,N/A
43625,83625,N/A
43626,83626,N/A
43627,83627,N/A
43628,83628,N/A
43629,83629,N/A
43630,83630,N/A
43631,83631,N/A
43632,83632,N/A
43633,83633,N/A
43634,83634,N/A
43635,83635,N/A
43636,83636,N/A
43637,83637,N/A
43638,83638,N/A
43639,83639,N/A
43640,83640,N/A
43641,83641,N/A
43642,83642,N/A
43643,83643,N/A
43644,83644,N/A
43645,83645,N/A
43646,83646,N/A
43647,83647,N/A
43648,83648,N/A
43649,83649,N/A
43650,83650,N/A
43651,83651,N/A
43652,83652,N/A
43653,83653,N/A
43654,83654,N/A
43655,83655,N/A
43656,83656,N/A
43657,83657,N/A
43658,83658,N/A
43659,83659,N/A
43660,83660,N/A
43661,83661,N/A
43662,83662,N/A
43663,83663,N/A
43664,83664,N/A
43665,83665,N/A
43666,83666,N/A
43667,83667,N/A
43668,83668,N/A
43669,83669,N/A
43670,83670,N/A
43671,83671,N/A
43672,83672,N/A
43673,83673,N/A
43674,83674,N/A
43675,83675,N/A
43676,83676,N/A
43677,83677,N/A
43678,83678,N/A
43679,83679,N/A
43680,83680,N/A
43681,83681,N/A
43682,83682,N/A
43683,83683,N/A
43684,83684,N/A
43685,83685,N/A
43686,83686,N/A
43687,83687,N/A
43688,83688,N/A
43689,83689,N/A
43690,83690,N/A
43691,83691,N/A
43692,83692,N/A
43693,83693,N/A
43694,83694,N/A
43695,83695,N/A
43696,83696,N/A
43697,83697,N/A
43698,83698,N/A
43699,83699,N/A
43700,83700,N/A
43701,83701,N/A
43702,83702,N/A
43703,83703,N/A
43704,83704,N/A
43705,83705,N/A
43706,83706,N/A
43707,83707,N/A
43708,83708,N/A
43709,83709,N/A
43710,83710,N/A
43711,83711,N/A
43712,83712,N/A
43713,83713,N/A
43714,83714,N/A
43715,83715,N/A
43716,83716,N/A
43717,83717,N/A
43718,83718,N/A
43719,83719,N/A
43720,83720,N/A
43721,83721,N/A
43722,83722,N/A
43723,83723,N/A
43724,83724,N/A
43725,83725,N/A
43726,83726,N/A
43727,83727,N/A
43728,83728,N/A
43729,83729,N/A
43730,83730,N/A
43731,83731,N/A
43732,83732,N/A
43733,83733,N/A
43734,83734,N/A
43735,83735,N/A
43736,83736,N/A
43737,83737,N/A
43738,83738,N/A
43739,83739,N/A
43740,83740,N/A
43741,83741,N/A
43742,83742,N/A
43743,83743,N/A
43744,83744,N/A
43745,83745,N/A
43746,83746,N/A
43747,83747,N/A
43748,83748,N/A
43749,83749,N/A
43750,83750,N/A
43751,83751,N/A
43752,83752,N/A
43753,83753,N/A
43754,83754,N/A
43755,83755,N/A
43756,83756,N/A
43757,83757,N/A
43758,83758,N/A
43759,83759,N/A
43760,83760,N/A
43761,83761,N/A
43762,83762,N/A
43763,83763,N/A
43764,83764,N/A
43765,83765,N/A
43766,83766,N/A
43767,83767,N/A
43768,83768,N/A
43769,83769,N/A
43770,83770,N/A
43771,83771,N/A
43772,83772,N/A
43773,83773,N/A
43774,83774,N/A
43775,83775,N/A
43776,83776,N/A
43777,83777,N/A
43778,83778,N/A
43779,83779,N/A
43780,83780,N/A
43781,83781,N/A
43782,83782,N/A
43783,83783,N/A
43784,83784,N/A
43785,83785,N/A
43786,83786,N/A
43787,83787,N/A
43788,83788,N/A
43789,83789,N/A
43790,83790,N/A
43791,83791,N/A
43792,83792,N/A
43793,83793,N/A
43794,83794,N/A
43795,83795,N/A
43796,83796,N/A
43797,83797,N/A
43798,83798,N/A
43799,83799,N/A
43800,83800,N/A
43801,83801,N/A
43802,83802,N/A
43803,83803,N/A
43804,83804,N/A
43805,83805,N/A
43806,83806,N/A
43807,83807,N/A
43808,83808,N/A
43809,83809,N/A
43810,83810,N/A
43811,83811,N/A
43812,83812,N/A
43813,83813,N/A
43814,83814,N/A
43815,83815,N/A
43816,83816,N/A
43817,83817,N/A
43818,83818,N/A
43819,83819,N/A
43820,83820,N/A
43821,83821,N/A
43822,83822,N/A
43823,83823,N/A
43824,83824,N/A
43825,83825,N/A
43826,83826,N/A
43827,83827,N/A
43828,83828,N/A
43829,83829,N/A
43830,83830,N/A
43831,83831,N/A
43832,83832,N/A
43833,83833,N/A
43834,83834,N/A
43835,83835,N/A
43836,83836,N/A
43837,83837,N/A
43838,83838,N/A
43839,83839,N/A
43840,83840,N/A
43841,83841,N/A
43842,83842,N/A
43843,83843,N/A
43844,83844,N/A
43845,83845,N/A
43846,83846,N/A
43847,83847,N/A
43848,83848,N/A
43849,83849,N/A
43850,83850,N/A
43851,83851,N/A
43852,83852,N/A
43853,83853,N/A
43854,83854,N/A
43855,83855,N/A
43856,83856,N/A
43857,83857,N/A
43858,83858,N/A
43859,83859,N/A
43860,83860,N/A
43861,83861,N/A
43862,83862,N/A
43863,83863,N/A
43864,83864,N/A
43865,83865,N/A
43866,83866,N/A
43867,83867,N/A
43868,83868,N/A
43869,83869,N/A
43870,83870,N/A
43871,83871,N/A
43872,83872,N/A
43873,83873,N/A
43874,83874,N/A
43875,83875,N/A
43876,83876,N/A
43877,83877,N/A
43878,83878,N/A
43879,83879,N/A
43880,83880,N/A
43881,83881,N/A
43882,83882,N/A
43883,83883,N/A
43884,83884,N/A
43885,83885,N/A
43886,83886,N/A
43887,83887,N/A
43888,83888,N/A
43889,83889,N/A
43890,83890,N/A
43891,83891,N/A
43892,83892,N/A
43893,83893,N/A
43894,83894,N/A
43895,83895,N/A
43896,83896,N/A
43897,83897,N/A
43898,83898,N/A
43899,83899,N/A
43900,83900,N/A
43901,83901,N/A
43902,83902,N/A
43903,83903,N/A
43904,83904,N/A
43905,83905,N/A
43906,83906,N/A
43907,83907,N/A
43908,83908,N/A
43909,83909,N/A
43910,83910,N/A
43911,83911,N/A
43912,83912,N/A
43913,83913,N/A
43914,83914,N/A
43915,83915,N/A
43916,83916,N/A
43917,83917,N/A
43918,83918,N/A
43919,83919,N/A
43920,83920,N/A
43921,83921,N/A
43922,83922,N/A
43923,83923,N/A
43924,83924,N/A
43925,83925,N/A
43926,83926,N/A
43927,83927,N/A
43928,83928,N/A
43929,83929,N/A
43930,83930,N/A
43931,83931,N/A
43932,83932,N/A
43933,83933,N/A
43934,83934,N/A
43935,83935,N/A
43936,83936,N/A
43937,83937,N/A
43938,83938,N/A
43939,83939,N/A
43940,83940,N/A
43941,83941,N/A
43942,83942,N/A
43943,83943,N/A
43944,83944,N/A
43945,83945,N/A
43946,83946,N/A
43947,83947,N/A
43948,83948,N/A
43949,83949,N/A
43950,83950,N/A
43951,83951,N/A
43952,83952,N/A
43953,83953,N/A
43954,83954,N/A
43955,83955,N/A
43956,83956,N/A
43957,83957,N/A
43958,83958,N/A
43959,83959,N/A
43960,83960,N/A
43961,83961,N/A
43962,83962,N/A
43963,83963,N/A
43964,83964,N/A
43965,83965,N/A
43966,83966,N/A
43967,83967,N/A
43968,83968,N/A
43969,83969,N/A
43970,83970,N/A
43971,83971,N/A
43972,83972,N/A
43973,83973,N/A
43974,83974,N/A
43975,83975,N/A
43976,83976,N/A
43977,83977,N/A
43978,83978,N/A
43979,83979,N/A
43980,83980,N/A
43981,83981,N/A
43982,83982,N/A
43983,83983,N/A
43984,83984,N/A
43985,83985,N/A
43986,83986,N/A
43987,83987,N/A
43988,83988,N/A
43989,83989,N/A
43990,83990,N/A
43991,83991,N/A
43992,83992,N/A
43993,83993,N/A
43994,83994,N/A
43995,83995,N/A
43996,83996,N/A
43997,83997,N/A
43998,83998,N/A
43999,83999,N/A
44000,84000,N/A
44001,84001,N/A
44002,84002,N/A
44003,84003,N/A
44004,84004,N/A
44005,84005,N/A
44006,84006,N/A
44007,84007,N/A
44008,84008,N/A
44009,84009,N/A
44010,84010,N/A
44011,84011,N/A
44012,84012,N/A
44013,84013,N/A
44014,84014,N/A
44015,84015,N/A
44016,84016,N/A
44017,84017,N/A
44018,84018,N/A
44019,84019,N/A
44020,84020,N/A
44021,84021,N/A
44022,84022,N/A
44023,84023,N/A
44024,84024,N/A
44025,84025,N/A
44026,84026,N/A
44027,84027,N/A
44028,84028,N/A
44029,84029,N/A
44030,84030,N/A
44031,84031,N/A
44032,84032,N/A
44033,84033,N/A
44034,84034,N/A
44035,84035,N/A
44036,84036,N/A
44037,84037,N/A
44038,84038,N/A
44039,84039,N/A
44040,84040,N/A
44041,84041,N/A
44042,84042,N/A
44043,84043,N/A
44044,84044,N/A
44045,84045,N/A
44046,84046,N/A
44047,84047,N/A
44048,84048,N/A
44049,84049,N/A
44050,84050,N/A
44051,84051,N/A
44052,84052,N/A
44053,84053,N/A
44054,84054,N/A
44055,84055,N/A
44056,84056,N/A
44057,84057,N/A
44058,84058,N/A
44059,84059,N/A
44060,84060,N/A
44061,84061,N/A
44062,84062,N/A
44063,84063,N/A
44064,84064,N/A
44065,84065,N/A
44066,84066,N/A
44067,84067,N/A
44068,84068,N/A
44069,84069,N/A
44070,84070,N/A
44071,84071,N/A
44072,84072,N/A
44073,84073,N/A
44074,84074,N/A
44075,84075,N/A
44076,84076,N/A
44077,84077,N/A
44078,84078,N/A
44079,84079,N/A
44080,84080,N/A
44081,84081,N/A
44082,84082,N/A
44083,84083,N/A
44084,84084,N/A
44085,84085,N/A
44086,84086,N/A
44087,84087,N/A
44088,84088,N/A
44089,84089,N/A
44090,84090,N/A
44091,84091,N/A
44092,84092,N/A
44093,84093,N/A
44094,84094,N/A
44095,84095,N/A
44096,84096,N/A
44097,84097,N/A
44098,84098,N/A
44099,84099,N/A
44100,84100,N/A
44101,84101,N/A
44102,84102,N/A
44103,84103,N/A
44104,84104,N/A
44105,84105,N/A
44106,84106,N/A
44107,84107,N/A
44108,84108,N/A
44109,84109,N/A
44110,84110,N/A
44111,84111,N/A
44112,84112,N/A
44113,84113,N/A
44114,84114,N/A
44115,84115,N/A
44116,84116,N/A
44117,84117,N/A
44118,84118,N/A
44119,84119,N/A
44120,84120,N/A
44121,84121,N/A
44122,84122,N/A
44123,84123,N/A
44124,84124,N/A
44125,84125,N/A
44126,84126,N/A
44127,84127,N/A
44128,84128,N/A
44129,84129,N/A
44130,84130,N/A
44131,84131,N/A
44132,84132,N/A
44133,84133,N/A
44134,84134,N/A
44135,84135,N/A
44136,84136,N/A
44137,84137,N/A
44138,84138,N/A
44139,84139,N/A
44140,84140,N/A
44141,84141,N/A
44142,84142,N/A
44143,84143,N/A
44144,84144,N/A
44145,84145,N/A
44146,84146,N/A
44147,84147,N/A
44148,84148,N/A
44149,84149,N/A
44150,84150,N/A
44151,84151,N/A
44152,84152,N/A
44153,84153,N/A
44154,84154,N/A
44155,84155,N/A
44156,84156,N/A
44157,84157,N/A
44158,84158,N/A
44159,84159,N/A
44160,84160,N/A
44161,84161,N/A
44162,84162,N/A
44163,84163,N/A
44164,84164,N/A
44165,84165,N/A
44166,84166,N/A
44167,84167,N/A
44168,84168,N/A
44169,84169,N/A
44170,84170,N/A
44171,84171,N/A
44172,84172,N/A
44173,84173,N/A
44174,84174,N/A
44175,84175,N/A
44176,84176,N/A
44177,84177,N/A
44178,84178,N/A
44179,84179,N/A
44180,84180,N/A
44181,84181,N/A
44182,84182,N/A
44183,84183,N/A
44184,84184,N/A
44185,84185,N/A
44186,84186,N/A
44187,84187,N/A
44188,84188,N/A
44189,84189,N/A
44190,84190,N/A
44191,84191,N/A
44192,84192,N/A
44193,84193,N/A
44194,84194,N/A
44195,84195,N/A
44196,84196,N/A
44197,84197,N/A
44198,84198,N/A
44199,84199,N/A
44200,84200,N/A
44201,84201,N/A
44202,84202,N/A
44203,84203,N/A
44204,84204,N/A
44205,84205,N/A
44206,84206,N/A
44207,84207,N/A
44208,84208,N/A
44209,84209,N/A
44210,84210,N/A
44211,84211,N/A
44212,84212,N/A
44213,84213,N/A
44214,84214,N/A
44215,84215,N/A
44216,84216,N/A
44217,84217,N/A
44218,84218,N/A
44219,84219,N/A
44220,84220,N/A
44221,84221,N/A
44222,84222,N/A
44223,84223,N/A
44224,84224,N/A
44225,84225,N/A
44226,84226,N/A
44227,84227,N/A
44228,84228,N/A
44229,84229,N/A
44230,84230,N/A
44231,84231,N/A
44232,84232,N/A
44233,84233,N/A
44234,84234,N/A
44235,84235,N/A
44236,84236,N/A
44237,84237,N/A
44238,84238,N/A
44239,84239,N/A
44240,84240,N/A
44241,84241,N/A
44242,84242,N/A
44243,84243,N/A
44244,84244,N/A
44245,84245,N/A
44246,84246,N/A
44247,84247,N/A
44248,84248,N/A
44249,84249,N/A
44250,84250,N/A
44251,84251,N/A
44252,84252,N/A
44253,84253,N/A
44254,84254,N/A
44255,84255,N/A
44256,84256,N/A
44257,84257,N/A
44258,84258,N/A
44259,84259,N/A
44260,84260,N/A
44261,84261,N/A
44262,84262,N/A
44263,84263,N/A
44264,84264,N/A
44265,84265,N/A
44266,84266,N/A
44267,84267,N/A
44268,84268,N/A
44269,84269,N/A
44270,84270,N/A
44271,84271,N/A
44272,84272,N/A
44273,84273,N/A
44274,84274,N/A
44275,84275,N/A
44276,84276,N/A
44277,84277,N/A
44278,84278,N/A
44279,84279,N/A
44280,84280,N/A
44281,84281,N/A
44282,84282,N/A
44283,84283,N/A
44284,84284,N/A
44285,84285,N/A
44286,84286,N/A
44287,84287,N/A
44288,84288,N/A
44289,84289,N/A
44290,84290,N/A
44291,84291,N/A
44292,84292,N/A
44293,84293,N/A
44294,84294,N/A
44295,84295,N/A
44296,84296,N/A
44297,84297,N/A
44298,84298,N/A
44299,84299,N/A
44300,84300,N/A
44301,84301,N/A
44302,84302,N/A
44303,84303,N/A
44304,84304,N/A
44305,84305,N/A
44306,84306,N/A
44307,84307,N/A
44308,84308,N/A
44309,84309,N/A
44310,84310,N/A
44311,84311,N/A
44312,84312,N/A
44313,84313,N/A
44314,84314,N/A
44315,84315,N/A
44316,84316,N/A
44317,84317,N/A
44318,84318,N/A
44319,84319,N/A
44320,84320,N/A
44321,84321,N/A
44322,84322,N/A
44323,84323,N/A
44324,84324,N/A
44325,84325,N/A
44326,84326,N/A
44327,84327,N/A
44328,84328,N/A
44329,84329,N/A
44330,84330,N/A
44331,84331,N/A
44332,84332,N/A
44333,84333,N/A
44334,84334,N/A
44335,84335,N/A
44336,84336,N/A
44337,84337,N/A
44338,84338,N/A
44339,84339,N/A
44340,84340,N/A
44341,84341,N/A
44342,84342,N/A
44343,84343,N/A
44344,84344,N/A
44345,84345,N/A
44346,84346,N/A
44347,84347,N/A
44348,84348,N/A
44349,84349,N/A
44350,84350,N/A
44351,84351,N/A
44352,84352,N/A
44353,84353,N/A
44354,84354,N/A
44355,84355,N/A
44356,84356,N/A
44357,84357,N/A
44358,84358,N/A
44359,84359,N/A
44360,84360,N/A
44361,84361,N/A
44362,84362,N/A
44363,84363,N/A
44364,84364,N/A
44365,84365,N/A
44366,84366,N/A
44367,84367,N/A
44368,84368,N/A
44369,84369,N/A
44370,84370,N/A
44371,84371,N/A
44372,84372,N/A
44373,84373,N/A
44374,84374,N/A
44375,84375,N/A
44376,84376,N/A
44377,84377,N/A
44378,84378,N/A
44379,84379,N/A
44380,84380,N/A
44381,84381,N/A
44382,84382,N/A
44383,84383,N/A
44384,84384,N/A
44385,84385,N/A
44386,84386,N/A
44387,84387,N/A
44388,84388,N/A
44389,84389,N/A
44390,84390,N/A
44391,84391,N/A
44392,84392,N/A
44393,84393,N/A
44394,84394,N/A
44395,84395,N/A
44396,84396,N/A
44397,84397,N/A
44398,84398,N/A
44399,84399,N/A
44400,84400,N/A
44401,84401,N/A
44402,84402,N/A
44403,84403,N/A
44404,84404,N/A
44405,84405,N/A
44406,84406,N/A
44407,84407,N/A
44408,84408,N/A
44409,84409,N/A
44410,84410,N/A
44411,84411,N/A
44412,84412,N/A
44413,84413,N/A
44414,84414,N/A
44415,84415,N/A
44416,84416,N/A
44417,84417,N/A
44418,84418,N/A
44419,84419,N/A
44420,84420,N/A
44421,84421,N/A
44422,84422,N/A
44423,84423,N/A
44424,84424,N/A
44425,84425,N/A
44426,84426,N/A
44427,84427,N/A
44428,84428,N/A
44429,84429,N/A
44430,84430,N/A
44431,84431,N/A
44432,84432,N/A
44433,84433,N/A
44434,84434,N/A
44435,84435,N/A
44436,84436,N/A
44437,84437,N/A
44438,84438,N/A
44439,84439,N/A
44440,84440,N/A
44441,84441,N/A
44442,84442,N/A
44443,84443,N/A
44444,84444,N/A
44445,84445,N/A
44446,84446,N/A
44447,84447,N/A
44448,84448,N/A
44449,84449,N/A
44450,84450,N/A
44451,84451,N/A
44452,84452,N/A
44453,84453,N/A
44454,84454,N/A
44455,84455,N/A
44456,84456,N/A
44457,84457,N/A
44458,84458,N/A
44459,84459,N/A
44460,84460,N/A
44461,84461,N/A
44462,84462,N/A
44463,84463,N/A
44464,84464,N/A
44465,84465,N/A
44466,84466,N/A
44467,84467,N/A
44468,84468,N/A
44469,84469,N/A
44470,84470,N/A
44471,84471,N/A
44472,84472,N/A
44473,84473,N/A
44474,84474,N/A
44475,84475,N/A
44476,84476,N/A
44477,84477,N/A
44478,84478,N/A
44479,84479,N/A
44480,84480,N/A
44481,84481,N/A
44482,84482,N/A
44483,84483,N/A
44484,84484,N/A
44485,84485,N/A
44486,84486,N/A
44487,84487,N/A
44488,84488,N/A
44489,84489,N/A
44490,84490,N/A
44491,84491,N/A
44492,84492,N/A
44493,84493,N/A
44494,84494,N/A
44495,84495,N/A
44496,84496,N/A
44497,84497,N/A
44498,84498,N/A
44499,84499,N/A
44500,84500,N/A
44501,84501,N/A
44502,84502,N/A
44503,84503,N/A
44504,84504,N/A
44505,84505,N/A
44506,84506,N/A
44507,84507,N/A
44508,84508,N/A
44509,84509,N/A
44510,84510,N/A
44511,84511,N/A
44512,84512,N/A
44513,84513,N/A
44514,84514,N/A
44515,84515,N/A
44516,84516,N/A
44517,84517,N/A
44518,84518,N/A
44519,84519,N/A
44520,84520,N/A
44521,84521,N/A
44522,84522,N/A
44523,84523,N/A
44524,84524,N/A
44525,84525,N/A
44526,84526,N/A
44527,84527,N/A
44528,84528,N/A
44529,84529,N/A
44530,84530,N/A
44531,84531,N/A
44532,84532,N/A
44533,84533,N/A
44534,84534,N/A
44535,84535,N/A
44536,84536,N/A
44537,84537,N/A
44538,84538,N/A
44539,84539,N/A
44540,84540,N/A
44541,84541,N/A
44542,84542,N/A
44543,84543,N/A
44544,84544,N/A
44545,84545,N/A
44546,84546,N/A
44547,84547,N/A
44548,84548,N/A
44549,84549,N/A
44550,84550,N/A
44551,84551,N/A
44552,84552,N/A
44553,84553,N/A
44554,84554,N/A
44555,84555,N/A
44556,84556,N/A
44557,84557,N/A
44558,84558,N/A
44559,84559,N/A
44560,84560,N/A
44561,84561,N/A
44562,84562,N/A
44563,84563,N/A
44564,84564,N/A
44565,84565,N/A
44566,84566,N/A
44567,84567,N/A
44568,84568,N/A
44569,84569,N/A
44570,84570,N/A
44571,84571,N/A
44572,84572,N/A
44573,84573,N/A
44574,84574,N/A
44575,84575,N/A
44576,84576,N/A
44577,84577,N/A
44578,84578,N/A
44579,84579,N/A
44580,84580,N/A
44581,84581,N/A
44582,84582,N/A
44583,84583,N/A
44584,84584,N/A
44585,84585,N/A
44586,84586,N/A
44587,84587,N/A
44588,84588,N/A
44589,84589,N/A
44590,84590,N/A
44591,84591,N/A
44592,84592,N/A
44593,84593,N/A
44594,84594,N/A
44595,84595,N/A
44596,84596,N/A
44597,84597,N/A
44598,84598,N/A
44599,84599,N/A
44600,84600,N/A
44601,84601,N/A
44602,84602,N/A
44603,84603,N/A
44604,84604,N/A
44605,84605,N/A
44606,84606,N/A
44607,84607,N/A
44608,84608,N/A
44609,84609,N/A
44610,84610,N/A
44611,84611,N/A
44612,84612,N/A
44613,84613,N/A
44614,84614,N/A
44615,84615,N/A
44616,84616,N/A
44617,84617,N/A
44618,84618,N/A
44619,84619,N/A
44620,84620,N/A
44621,84621,N/A
44622,84622,N/A
44623,84623,N/A
44624,84624,N/A
44625,84625,N/A
44626,84626,N/A
44627,84627,N/A
44628,84628,N/A
44629,84629,N/A
44630,84630,N/A
44631,84631,N/A
44632,84632,N/A
44633,84633,N/A
44634,84634,N/A
44635,84635,N/A
44636,84636,N/A
44637,84637,N/A
44638,84638,N/A
44639,84639,N/A
44640,84640,N/A
44641,84641,N/A
44642,84642,N/A
44643,84643,N/A
44644,84644,N/A
44645,84645,N/A
44646,84646,N/A
44647,84647,N/A
44648,84648,N/A
44649,84649,N/A
44650,84650,N/A
44651,84651,N/A
44652,84652,N/A
44653,84653,N/A
44654,84654,N/A
44655,84655,N/A
44656,84656,N/A
44657,84657,N/A
44658,84658,N/A
44659,84659,N/A
44660,84660,N/A
44661,84661,N/A
44662,84662,N/A
44663,84663,N/A
44664,84664,N/A
44665,84665,N/A
44666,84666,N/A
44667,84667,N/A
44668,84668,N/A
44669,84669,N/A
44670,84670,N/A
44671,84671,N/A
44672,84672,N/A
44673,84673,N/A
44674,84674,N/A
44675,84675,N/A
44676,84676,N/A
44677,84677,N/A
44678,84678,N/A
44679,84679,N/A
44680,84680,N/A
44681,84681,N/A
44682,84682,N/A
44683,84683,N/A
44684,84684,N/A
44685,84685,N/A
44686,84686,N/A
44687,84687,N/A
44688,84688,N/A
44689,84689,N/A
44690,84690,N/A
44691,84691,N/A
44692,84692,N/A
44693,84693,N/A
44694,84694,N/A
44695,84695,N/A
44696,84696,N/A
44697,84697,N/A
44698,84698,N/A
44699,84699,N/A
44700,84700,N/A
44701,84701,N/A
44702,84702,N/A
44703,84703,N/A
44704,84704,N/A
44705,84705,N/A
44706,84706,N/A
44707,84707,N/A
44708,84708,N/A
44709,84709,N/A
44710,84710,N/A
44711,84711,N/A
44712,84712,N/A
44713,84713,N/A
44714,84714,N/A
44715,84715,N/A
44716,84716,N/A
44717,84717,N/A
44718,84718,N/A
44719,84719,N/A
44720,84720,N/A
44721,84721,N/A
44722,84722,N/A
44723,84723,N/A
44724,84724,N/A
44725,84725,N/A
44726,84726,N/A
44727,84727,N/A
44728,84728,N/A
44729,84729,N/A
44730,84730,N/A
44731,84731,N/A
44732,84732,N/A
44733,84733,N/A
44734,84734,N/A
44735,84735,N/A
44736,84736,N/A
44737,84737,N/A
44738,84738,N/A
44739,84739,N/A
44740,84740,N/A
44741,84741,N/A
44742,84742,N/A
44743,84743,N/A
44744,84744,N/A
44745,84745,N/A
44746,84746,N/A
44747,84747,N/A
44748,84748,N/A
44749,84749,N/A
44750,84750,N/A
44751,84751,N/A
44752,84752,N/A
44753,84753,N/A
44754,84754,N/A
44755,84755,N/A
44756,84756,N/A
44757,84757,N/A
44758,84758,N/A
44759,84759,N/A
44760,84760,N/A
44761,84761,N/A
44762,84762,N/A
44763,84763,N/A
44764,84764,N/A
44765,84765,N/A
44766,84766,N/A
44767,84767,N/A
44768,84768,N/A
44769,84769,N/A
44770,84770,N/A
44771,84771,N/A
44772,84772,N/A
44773,84773,N/A
44774,84774,N/A
44775,84775,N/A
44776,84776,N/A
44777,84777,N/A
44778,84778,N/A
44779,84779,N/A
44780,84780,N/A
44781,84781,N/A
44782,84782,N/A
44783,84783,N/A
44784,84784,N/A
44785,84785,N/A
44786,84786,N/A
44787,84787,N/A
44788,84788,N/A
44789,84789,N/A
44790,84790,N/A
44791,84791,N/A
44792,84792,N/A
44793,84793,N/A
44794,84794,N/A
44795,84795,N/A
44796,84796,N/A
44797,84797,N/A
44798,84798,N/A
44799,84799,N/A
44800,84800,N/A
44801,84801,N/A
44802,84802,N/A
44803,84803,N/A
44804,84804,N/A
44805,84805,N/A
44806,84806,N/A
44807,84807,N/A
44808,84808,N/A
44809,84809,N/A
44810,84810,N/A
44811,84811,N/A
44812,84812,N/A
44813,84813,N/A
44814,84814,N/A
44815,84815,N/A
44816,84816,N/A
44817,84817,N/A
44818,84818,N/A
44819,84819,N/A
44820,84820,N/A
44821,84821,N/A
44822,84822,N/A
44823,84823,N/A
44824,84824,N/A
44825,84825,N/A
44826,84826,N/A
44827,84827,N/A
44828,84828,N/A
44829,84829,N/A
44830,84830,N/A
44831,84831,N/A
44832,84832,N/A
44833,84833,N/A
44834,84834,N/A
44835,84835,N/A
44836,84836,N/A
44837,84837,N/A
44838,84838,N/A
44839,84839,N/A
44840,84840,N/A
44841,84841,N/A
44842,84842,N/A
44843,84843,N/A
44844,84844,N/A
44845,84845,N/A
44846,84846,N/A
44847,84847,N/A
44848,84848,N/A
44849,84849,N/A
44850,84850,N/A
44851,84851,N/A
44852,84852,N/A
44853,84853,N/A
44854,84854,N/A
44855,84855,N/A
44856,84856,N/A
44857,84857,N/A
44858,84858,N/A
44859,84859,N/A
44860,84860,N/A
44861,84861,N/A
44862,84862,N/A
44863,84863,N/A
44864,84864,N/A
44865,84865,N/A
44866,84866,N/A
44867,84867,N/A
44868,84868,N/A
44869,84869,N/A
44870,84870,N/A
44871,84871,N/A
44872,84872,N/A
44873,84873,N/A
44874,84874,N/A
44875,84875,N/A
44876,84876,N/A
44877,84877,N/A
44878,84878,N/A
44879,84879,N/A
44880,84880,N/A
44881,84881,N/A
44882,84882,N/A
44883,84883,N/A
44884,84884,N/A
44885,84885,N/A
44886,84886,N/A
44887,84887,N/A
44888,84888,N/A
44889,84889,N/A
44890,84890,N/A
44891,84891,N/A
44892,84892,N/A
44893,84893,N/A
44894,84894,N/A
44895,84895,N/A
44896,84896,N/A
44897,84897,N/A
44898,84898,N/A
44899,84899,N/A
44900,84900,N/A
44901,84901,N/A
44902,84902,N/A
44903,84903,N/A
44904,84904,N/A
44905,84905,N/A
44906,84906,N/A
44907,84907,N/A
44908,84908,N/A
44909,84909,N/A
44910,84910,N/A
44911,84911,N/A
44912,84912,N/A
44913,84913,N/A
44914,84914,N/A
44915,84915,N/A
44916,84916,N/A
44917,84917,N/A
44918,84918,N/A
44919,84919,N/A
44920,84920,N/A
44921,84921,N/A
44922,84922,N/A
44923,84923,N/A
44924,84924,N/A
44925,84925,N/A
44926,84926,N/A
44927,84927,N/A
44928,84928,N/A
44929,84929,N/A
44930,84930,N/A
44931,84931,N/A
44932,84932,N/A
44933,84933,N/A
44934,84934,N/A
44935,84935,N/A
44936,84936,N/A
44937,84937,N/A
44938,84938,N/A
44939,84939,N/A
44940,84940,N/A
44941,84941,N/A
44942,84942,N/A
44943,84943,N/A
44944,84944,N/A
44945,84945,N/A
44946,84946,N/A
44947,84947,N/A
44948,84948,N/A
44949,84949,N/A
44950,84950,N/A
44951,84951,N/A
44952,84952,N/A
44953,84953,N/A
44954,84954,N/A
44955,84955,N/A
44956,84956,N/A
44957,84957,N/A
44958,84958,N/A
44959,84959,N/A
44960,84960,N/A
44961,84961,N/A
44962,84962,N/A
44963,84963,N/A
44964,84964,N/A
44965,84965,N/A
44966,84966,N/A
44967,84967,N/A
44968,84968,N/A
44969,84969,N/A
44970,84970,N/A
44971,84971,N/A
44972,84972,N/A
44973,84973,N/A
44974,84974,N/A
44975,84975,N/A
44976,84976,N/A
44977,84977,N/A
44978,84978,N/A
44979,84979,N/A
44980,84980,N/A
44981,84981,N/A
44982,84982,N/A
44983,84983,N/A
44984,84984,N/A
44985,84985,N/A
44986,84986,N/A
44987,84987,N/A
44988,84988,N/A
44989,84989,N/A
44990,84990,N/A
44991,84991,N/A
44992,84992,N/A
44993,84993,N/A
44994,84994,N/A
44995,84995,N/A
44996,84996,N/A
44997,84997,N/A
44998,84998,N/A
44999,84999,N/A
45000,85000,N/A
45001,85001,N/A
45002,85002,N/A
45003,85003,N/A
45004,85004,N/A
45005,85005,N/A
45006,85006,N/A
45007,85007,N/A
45008,85008,N/A
45009,85009,N/A
45010,85010,N/A
45011,85011,N/A
45012,85012,N/A
45013,85013,N/A
45014,85014,N/A
45015,85015,N/A
45016,85016,N/A
45017,85017,N/A
45018,85018,N/A
45019,85019,N/A
45020,85020,N/A
45021,85021,N/A
45022,85022,N/A
45023,85023,N/A
45024,85024,N/A
45025,85025,N/A
45026,85026,N/A
45027,85027,N/A
45028,85028,N/A
45029,85029,N/A
45030,85030,N/A
45031,85031,N/A
45032,85032,N/A
45033,85033,N/A
45034,85034,N/A
45035,85035,N/A
45036,85036,N/A
45037,85037,N/A
45038,85038,N/A
45039,85039,N/A
45040,85040,N/A
45041,85041,N/A
45042,85042,N/A
45043,85043,N/A
45044,85044,N/A
45045,85045,N/A
45046,85046,N/A
45047,85047,N/A
45048,85048,N/A
45049,85049,N/A
45050,85050,N/A
45051,85051,N/A
45052,85052,N/A
45053,85053,N/A
45054,85054,N/A
45055,85055,N/A
45056,85056,N/A
45057,85057,N/A
45058,85058,N/A
45059,85059,N/A
45060,85060,N/A
45061,85061,N/A
45062,85062,N/A
45063,85063,N/A
45064,85064,N/A
45065,85065,N/A
45066,85066,N/A
45067,85067,N/A
45068,85068,N/A
45069,85069,N/A
45070,85070,N/A
45071,85071,N/A
45072,85072,N/A
45073,85073,N/A
45074,85074,N/A
45075,85075,N/A
45076,85076,N/A
45077,85077,N/A
45078,85078,N/A
45079,85079,N/A
45080,85080,N/A
45081,85081,N/A
45082,85082,N/A
45083,85083,N/A
45084,85084,N/A
45085,85085,N/A
45086,85086,N/A
45087,85087,N/A
45088,85088,N/A
45089,85089,N/A
45090,85090,N/A
45091,85091,N/A
45092,85092,N/A
45093,85093,N/A
45094,85094,N/A
45095,85095,N/A
45096,85096,N/A
45097,85097,N/A
45098,85098,N/A
45099,85099,N/A
45100,85100,N/A
45101,85101,N/A
45102,85102,N/A
45103,85103,N/A
45104,85104,N/A
45105,85105,N/A
45106,85106,N/A
45107,85107,N/A
45108,85108,N/A
45109,85109,N/A
45110,85110,N/A
45111,85111,N/A
45112,85112,N/A
45113,85113,N/A
45114,85114,N/A
45115,85115,N/A
45116,85116,N/A
45117,85117,N/A
45118,85118,N/A
45119,85119,N/A
45120,85120,N/A
45121,85121,N/A
45122,85122,N/A
45123,85123,N/A
45124,85124,N/A
45125,85125,N/A
45126,85126,N/A
45127,85127,N/A
45128,85128,N/A
45129,85129,N/A
45130,85130,N/A
45131,85131,N/A
45132,85132,N/A
45133,85133,N/A
45134,85134,N/A
45135,85135,N/A
45136,85136,N/A
45137,85137,N/A
45138,85138,N/A
45139,85139,N/A
45140,85140,N/A
45141,85141,N/A
45142,85142,N/A
45143,85143,N/A
45144,85144,N/A
45145,85145,N/A
45146,85146,N/A
45147,85147,N/A
45148,85148,N/A
45149,85149,N/A
45150,85150,N/A
45151,85151,N/A
45152,85152,N/A
45153,85153,N/A
45154,85154,N/A
45155,85155,N/A
45156,85156,N/A
45157,85157,N/A
45158,85158,N/A
45159,85159,N/A
45160,85160,N/A
45161,85161,N/A
45162,85162,N/A
45163,85163,N/A
45164,85164,N/A
45165,85165,N/A
45166,85166,N/A
45167,85167,N/A
45168,85168,N/A
45169,85169,N/A
45170,85170,N/A
45171,85171,N/A
45172,85172,N/A
45173,85173,N/A
45174,85174,N/A
45175,85175,N/A
45176,85176,N/A
45177,85177,N/A
45178,85178,N/A
45179,85179,N/A
45180,85180,N/A
45181,85181,N/A
45182,85182,N/A
45183,85183,N/A
45184,85184,N/A
45185,85185,N/A
45186,85186,N/A
45187,85187,N/A
45188,85188,N/A
45189,85189,N/A
45190,85190,N/A
45191,85191,N/A
45192,85192,N/A
45193,85193,N/A
45194,85194,N/A
45195,85195,N/A
45196,85196,N/A
45197,85197,N/A
45198,85198,N/A
45199,85199,N/A
45200,85200,N/A
45201,85201,N/A
45202,85202,N/A
45203,85203,N/A
45204,85204,N/A
45205,85205,N/A
45206,85206,N/A
45207,85207,N/A
45208,85208,N/A
45209,85209,N/A
45210,85210,N/A
45211,85211,N/A
45212,85212,N/A
45213,85213,N/A
45214,85214,N/A
45215,85215,N/A
45216,85216,N/A
45217,85217,N/A
45218,85218,N/A
45219,85219,N/A
45220,85220,N/A
45221,85221,N/A
45222,85222,N/A
45223,85223,N/A
45224,85224,N/A
45225,85225,N/A
45226,85226,N/A
45227,85227,N/A
45228,85228,N/A
45229,85229,N/A
45230,85230,N/A
45231,85231,N/A
45232,85232,N/A
45233,85233,N/A
45234,85234,N/A
45235,85235,N/A
45236,85236,N/A
45237,85237,N/A
45238,85238,N/A
45239,85239,N/A
45240,85240,N/A
45241,85241,N/A
45242,85242,N/A
45243,85243,N/A
45244,85244,N/A
45245,85245,N/A
45246,85246,N/A
45247,85247,N/A
45248,85248,N/A
45249,85249,N/A
45250,85250,N/A
45251,85251,N/A
45252,85252,N/A
45253,85253,N/A
45254,85254,N/A
45255,85255,N/A
45256,85256,N/A
45257,85257,N/A
45258,85258,N/A
45259,85259,N/A
45260,85260,N/A
45261,85261,N/A
45262,85262,N/A
45263,85263,N/A
45264,85264,N/A
45265,85265,N/A
45266,85266,N/A
45267,85267,N/A
45268,85268,N/A
45269,85269,N/A
45270,85270,N/A
45271,85271,N/A
45272,85272,N/A
45273,85273,N/A
45274,85274,N/A
45275,85275,N/A
45276,85276,N/A
45277,85277,N/A
45278,85278,N/A
45279,85279,N/A
45280,85280,N/A
45281,85281,N/A
45282,85282,N/A
45283,85283,N/A
45284,85284,N/A
45285,85285,N/A
45286,85286,N/A
45287,85287,N/A
45288,85288,N/A
45289,85289,N/A
45290,85290,N/A
45291,85291,N/A
45292,85292,N/A
45293,85293,N/A
45294,85294,N/A
45295,85295,N/A
45296,85296,N/A
45297,85297,N/A
45298,85298,N/A
45299,85299,N/A
45300,85300,N/A
45301,85301,N/A
45302,85302,N/A
45303,85303,N/A
45304,85304,N/A
45305,85305,N/A
45306,85306,N/A
45307,85307,N/A
45308,85308,N/A
45309,85309,N/A
45310,85310,N/A
45311,85311,N/A
45312,85312,N/A
45313,85313,N/A
45314,85314,N/A
45315,85315,N/A
45316,85316,N/A
45317,85317,N/A
45318,85318,N/A
45319,85319,N/A
45320,85320,N/A
45321,85321,N/A
45322,85322,N/A
45323,85323,N/A
45324,85324,N/A
45325,85325,N/A
45326,85326,N/A
45327,85327,N/A
45328,85328,N/A
45329,85329,N/A
45330,85330,N/A
45331,85331,N/A
45332,85332,N/A
45333,85333,N/A
45334,85334,N/A
45335,85335,N/A
45336,85336,N/A
45337,85337,N/A
45338,85338,N/A
45339,85339,N/A
45340,85340,N/A
45341,85341,N/A
45342,85342,N/A
45343,85343,N/A
45344,85344,N/A
45345,85345,N/A
45346,85346,N/A
45347,85347,N/A
45348,85348,N/A
45349,85349,N/A
45350,85350,N/A
45351,85351,N/A
45352,85352,N/A
45353,85353,N/A
45354,85354,N/A
45355,85355,N/A
45356,85356,N/A
45357,85357,N/A
45358,85358,N/A
45359,85359,N/A
45360,85360,N/A
45361,85361,N/A
45362,85362,N/A
45363,85363,N/A
45364,85364,N/A
45365,85365,N/A
45366,85366,N/A
45367,85367,N/A
45368,85368,N/A
45369,85369,N/A
45370,85370,N/A
45371,85371,N/A
45372,85372,N/A
45373,85373,N/A
45374,85374,N/A
45375,85375,N/A
45376,85376,N/A
45377,85377,N/A
45378,85378,N/A
45379,85379,N/A
45380,85380,N/A
45381,85381,N/A
45382,85382,N/A
45383,85383,N/A
45384,85384,N/A
45385,85385,N/A
45386,85386,N/A
45387,85387,N/A
45388,85388,N/A
45389,85389,N/A
45390,85390,N/A
45391,85391,N/A
45392,85392,N/A
45393,85393,N/A
45394,85394,N/A
45395,85395,N/A
45396,85396,N/A
45397,85397,N/A
45398,85398,N/A
45399,85399,N/A
45400,85400,N/A
45401,85401,N/A
45402,85402,N/A
45403,85403,N/A
45404,85404,N/A
45405,85405,N/A
45406,85406,N/A
45407,85407,N/A
45408,85408,N/A
45409,85409,N/A
45410,85410,N/A
45411,85411,N/A
45412,85412,N/A
45413,85413,N/A
45414,85414,N/A
45415,85415,N/A
45416,85416,N/A
45417,85417,N/A
45418,85418,N/A
45419,85419,N/A
45420,85420,N/A
45421,85421,N/A
45422,85422,N/A
45423,85423,N/A
45424,85424,N/A
45425,85425,N/A
45426,85426,N/A
45427,85427,N/A
45428,85428,N/A
45429,85429,N/A
45430,85430,N/A
45431,85431,N/A
45432,85432,N/A
45433,85433,N/A
45434,85434,N/A
45435,85435,N/A
45436,85436,N/A
45437,85437,N/A
45438,85438,N/A
45439,85439,N/A
45440,85440,N/A
45441,85441,N/A
45442,85442,N/A
45443,85443,N/A
45444,85444,N/A
45445,85445,N/A
45446,85446,N/A
45447,85447,N/A
45448,85448,N/A
45449,85449,N/A
45450,85450,N/A
45451,85451,N/A
45452,85452,N/A
45453,85453,N/A
45454,85454,N/A
45455,85455,N/A
45456,85456,N/A
45457,85457,N/A
45458,85458,N/A
45459,85459,N/A
45460,85460,N/A
45461,85461,N/A
45462,85462,N/A
45463,85463,N/A
45464,85464,N/A
45465,85465,N/A
45466,85466,N/A
45467,85467,N/A
45468,85468,N/A
45469,85469,N/A
45470,85470,N/A
45471,85471,N/A
45472,85472,N/A
45473,85473,N/A
45474,85474,N/A
45475,85475,N/A
45476,85476,N/A
45477,85477,N/A
45478,85478,N/A
45479,85479,N/A
45480,85480,N/A
45481,85481,N/A
45482,85482,N/A
45483,85483,N/A
45484,85484,N/A
45485,85485,N/A
45486,85486,N/A
45487,85487,N/A
45488,85488,N/A
45489,85489,N/A
45490,85490,N/A
45491,85491,N/A
45492,85492,N/A
45493,85493,N/A
45494,85494,N/A
45495,85495,N/A
45496,85496,N/A
45497,85497,N/A
45498,85498,N/A
45499,85499,N/A
45500,85500,N/A
45501,85501,N/A
45502,85502,N/A
45503,85503,N/A
45504,85504,N/A
45505,85505,N/A
45506,85506,N/A
45507,85507,N/A
45508,85508,N/A
45509,85509,N/A
45510,85510,N/A
45511,85511,N/A
45512,85512,N/A
45513,85513,N/A
45514,85514,N/A
45515,85515,N/A
45516,85516,N/A
45517,85517,N/A
45518,85518,N/A
45519,85519,N/A
45520,85520,N/A
45521,85521,N/A
45522,85522,N/A
45523,85523,N/A
45524,85524,N/A
45525,85525,N/A
45526,85526,N/A
45527,85527,N/A
45528,85528,N/A
45529,85529,N/A
45530,85530,N/A
45531,85531,N/A
45532,85532,N/A
45533,85533,N/A
45534,85534,N/A
45535,85535,N/A
45536,85536,N/A
45537,85537,N/A
45538,85538,N/A
45539,85539,N/A
45540,85540,N/A
45541,85541,N/A
45542,85542,N/A
45543,85543,N/A
45544,85544,N/A
45545,85545,N/A
45546,85546,N/A
45547,85547,N/A
45548,85548,N/A
45549,85549,N/A
45550,85550,N/A
45551,85551,N/A
45552,85552,N/A
45553,85553,N/A
45554,85554,N/A
45555,85555,N/A
45556,85556,N/A
45557,85557,N/A
45558,85558,N/A
45559,85559,N/A
45560,85560,N/A
45561,85561,N/A
45562,85562,N/A
45563,85563,N/A
45564,85564,N/A
45565,85565,N/A
45566,85566,N/A
45567,85567,N/A
45568,85568,N/A
45569,85569,N/A
45570,85570,N/A
45571,85571,N/A
45572,85572,N/A
45573,85573,N/A
45574,85574,N/A
45575,85575,N/A
45576,85576,N/A
45577,85577,N/A
45578,85578,N/A
45579,85579,N/A
45580,85580,N/A
45581,85581,N/A
45582,85582,N/A
45583,85583,N/A
45584,85584,N/A
45585,85585,N/A
45586,85586,N/A
45587,85587,N/A
45588,85588,N/A
45589,85589,N/A
45590,85590,N/A
45591,85591,N/A
45592,85592,N/A
45593,85593,N/A
45594,85594,N/A
45595,85595,N/A
45596,85596,N/A
45597,85597,N/A
45598,85598,N/A
45599,85599,N/A
45600,85600,N/A
45601,85601,N/A
45602,85602,N/A
45603,85603,N/A
45604,85604,N/A
45605,85605,N/A
45606,85606,N/A
45607,85607,N/A
45608,85608,N/A
45609,85609,N/A
45610,85610,N/A
45611,85611,N/A
45612,85612,N/A
45613,85613,N/A
45614,85614,N/A
45615,85615,N/A
45616,85616,N/A
45617,85617,N/A
45618,85618,N/A
45619,85619,N/A
45620,85620,N/A
45621,85621,N/A
45622,85622,N/A
45623,85623,N/A
45624,85624,N/A
45625,85625,N/A
45626,85626,N/A
45627,85627,N/A
45628,85628,N/A
45629,85629,N/A
45630,85630,N/A
45631,85631,N/A
45632,85632,N/A
45633,85633,N/A
45634,85634,N/A
45635,85635,N/A
45636,85636,N/A
45637,85637,N/A
45638,85638,N/A
45639,85639,N/A
45640,85640,N/A
45641,85641,N/A
45642,85642,N/A
45643,85643,N/A
45644,85644,N/A
45645,85645,N/A
45646,85646,N/A
45647,85647,N/A
45648,85648,N/A
45649,85649,N/A
45650,85650,N/A
45651,85651,N/A
45652,85652,N/A
45653,85653,N/A
45654,85654,N/A
45655,85655,N/A
45656,85656,N/A
45657,85657,N/A
45658,85658,N/A
45659,85659,N/A
45660,85660,N/A
45661,85661,N/A
45662,85662,N/A
45663,85663,N/A
45664,85664,N/A
45665,85665,N/A
45666,85666,N/A
45667,85667,N/A
45668,85668,N/A
45669,85669,N/A
45670,85670,N/A
45671,85671,N/A
45672,85672,N/A
45673,85673,N/A
45674,85674,N/A
45675,85675,N/A
45676,85676,N/A
45677,85677,N/A
45678,85678,N/A
45679,85679,N/A
45680,85680,N/A
45681,85681,N/A
45682,85682,N/A
45683,85683,N/A
45684,85684,N/A
45685,85685,N/A
45686,85686,N/A
45687,85687,N/A
45688,85688,N/A
45689,85689,N/A
45690,85690,N/A
45691,85691,N/A
45692,85692,N/A
45693,85693,N/A
45694,85694,N/A
45695,85695,N/A
45696,85696,N/A
45697,85697,N/A
45698,85698,N/A
45699,85699,N/A
45700,85700,N/A
45701,85701,N/A
45702,85702,N/A
45703,85703,N/A
45704,85704,N/A
45705,85705,N/A
45706,85706,N/A
45707,85707,N/A
45708,85708,N/A
45709,85709,N/A
45710,85710,N/A
45711,85711,N/A
45712,85712,N/A
45713,85713,N/A
45714,85714,N/A
45715,85715,N/A
45716,85716,N/A
45717,85717,N/A
45718,85718,N/A
45719,85719,N/A
45720,85720,N/A
45721,85721,N/A
45722,85722,N/A
45723,85723,N/A
45724,85724,N/A
45725,85725,N/A
45726,85726,N/A
45727,85727,N/A
45728,85728,N/A
45729,85729,N/A
45730,85730,N/A
45731,85731,N/A
45732,85732,N/A
45733,85733,N/A
45734,85734,N/A
45735,85735,N/A
45736,85736,N/A
45737,85737,N/A
45738,85738,N/A
45739,85739,N/A
45740,85740,N/A
45741,85741,N/A
45742,85742,N/A
45743,85743,N/A
45744,85744,N/A
45745,85745,N/A
45746,85746,N/A
45747,85747,N/A
45748,85748,N/A
45749,85749,N/A
45750,85750,N/A
45751,85751,N/A
45752,85752,N/A
45753,85753,N/A
45754,85754,N/A
45755,85755,N/A
45756,85756,N/A
45757,85757,N/A
45758,85758,N/A
45759,85759,N/A
45760,85760,N/A
45761,85761,N/A
45762,85762,N/A
45763,85763,N/A
45764,85764,N/A
45765,85765,N/A
45766,85766,N/A
45767,85767,N/A
45768,85768,N/A
45769,85769,N/A
45770,85770,N/A
45771,85771,N/A
45772,85772,N/A
45773,85773,N/A
45774,85774,N/A
45775,85775,N/A
45776,85776,N/A
45777,85777,N/A
45778,85778,N/A
45779,85779,N/A
45780,85780,N/A
45781,85781,N/A
45782,85782,N/A
45783,85783,N/A
45784,85784,N/A
45785,85785,N/A
45786,85786,N/A
45787,85787,N/A
45788,85788,N/A
45789,85789,N/A
45790,85790,N/A
45791,85791,N/A
45792,85792,N/A
45793,85793,N/A
45794,85794,N/A
45795,85795,N/A
45796,85796,N/A
45797,85797,N/A
45798,85798,N/A
45799,85799,N/A
45800,85800,N/A
45801,85801,N/A
45802,85802,N/A
45803,85803,N/A
45804,85804,N/A
45805,85805,N/A
45806,85806,N/A
45807,85807,N/A
45808,85808,N/A
45809,85809,N/A
45810,85810,N/A
45811,85811,N/A
45812,85812,N/A
45813,85813,N/A
45814,85814,N/A
45815,85815,N/A
45816,85816,N/A
45817,85817,N/A
45818,85818,N/A
45819,85819,N/A
45820,85820,N/A
45821,85821,N/A
45822,85822,N/A
45823,85823,N/A
45824,85824,N/A
45825,85825,N/A
45826,85826,N/A
45827,85827,N/A
45828,85828,N/A
45829,85829,N/A
45830,85830,N/A
45831,85831,N/A
45832,85832,N/A
45833,85833,N/A
45834,85834,N/A
45835,85835,N/A
45836,85836,N/A
45837,85837,N/A
45838,85838,N/A
45839,85839,N/A
45840,85840,N/A
45841,85841,N/A
45842,85842,N/A
45843,85843,N/A
45844,85844,N/A
45845,85845,N/A
45846,85846,N/A
45847,85847,N/A
45848,85848,N/A
45849,85849,N/A
45850,85850,N/A
45851,85851,N/A
45852,85852,N/A
45853,85853,N/A
45854,85854,N/A
45855,85855,N/A
45856,85856,N/A
45857,85857,N/A
45858,85858,N/A
45859,85859,N/A
45860,85860,N/A
45861,85861,N/A
45862,85862,N/A
45863,85863,N/A
45864,85864,N/A
45865,85865,N/A
45866,85866,N/A
45867,85867,N/A
45868,85868,N/A
45869,85869,N/A
45870,85870,N/A
45871,85871,N/A
45872,85872,N/A
45873,85873,N/A
45874,85874,N/A
45875,85875,N/A
45876,85876,N/A
45877,85877,N/A
45878,85878,N/A
45879,85879,N/A
45880,85880,N/A
45881,85881,N/A
45882,85882,N/A
45883,85883,N/A
45884,85884,N/A
45885,85885,N/A
45886,85886,N/A
45887,85887,N/A
45888,85888,N/A
45889,85889,N/A
45890,85890,N/A
45891,85891,N/A
45892,85892,N/A
45893,85893,N/A
45894,85894,N/A
45895,85895,N/A
45896,85896,N/A
45897,85897,N/A
45898,85898,N/A
45899,85899,N/A
45900,85900,N/A
45901,85901,N/A
45902,85902,N/A
45903,85903,N/A
45904,85904,N/A
45905,85905,N/A
45906,85906,N/A
45907,85907,N/A
45908,85908,N/A
45909,85909,N/A
45910,85910,N/A
45911,85911,N/A
45912,85912,N/A
45913,85913,N/A
45914,85914,N/A
45915,85915,N/A
45916,85916,N/A
45917,85917,N/A
45918,85918,N/A
45919,85919,N/A
45920,85920,N/A
45921,85921,N/A
45922,85922,N/A
45923,85923,N/A
45924,85924,N/A
45925,85925,N/A
45926,85926,N/A
45927,85927,N/A
45928,85928,N/A
45929,85929,N/A
45930,85930,N/A
45931,85931,N/A
45932,85932,N/A
45933,85933,N/A
45934,85934,N/A
45935,85935,N/A
45936,85936,N/A
45937,85937,N/A
45938,85938,N/A
45939,85939,N/A
45940,85940,N/A
45941,85941,N/A
45942,85942,N/A
45943,85943,N/A
45944,85944,N/A
45945,85945,N/A
45946,85946,N/A
45947,85947,N/A
45948,85948,N/A
45949,85949,N/A
45950,85950,N/A
45951,85951,N/A
45952,85952,N/A
45953,85953,N/A
45954,85954,N/A
45955,85955,N/A
45956,85956,N/A
45957,85957,N/A
45958,85958,N/A
45959,85959,N/A
45960,85960,N/A
45961,85961,N/A
45962,85962,N/A
45963,85963,N/A
45964,85964,N/A
45965,85965,N/A
45966,85966,N/A
45967,85967,N/A
45968,85968,N/A
45969,85969,N/A
45970,85970,N/A
45971,85971,N/A
45972,85972,N/A
45973,85973,N/A
45974,85974,N/A
45975,85975,N/A
45976,85976,N/A
45977,85977,N/A
45978,85978,N/A
45979,85979,N/A
45980,85980,N/A
45981,85981,N/A
45982,85982,N/A
45983,85983,N/A
45984,85984,N/A
45985,85985,N/A
45986,85986,N/A
45987,85987,N/A
45988,85988,N/A
45989,85989,N/A
45990,85990,N/A
45991,85991,N/A
45992,85992,N/A
45993,85993,N/A
45994,85994,N/A
45995,85995,N/A
45996,85996,N/A
45997,85997,N/A
45998,85998,N/A
45999,85999,N/A
46000,86000,N/A
46001,86001,N/A
46002,86002,N/A
46003,86003,N/A
46004,86004,N/A
46005,86005,N/A
46006,86006,N/A
46007,86007,N/A
46008,86008,N/A
46009,86009,N/A
46010,86010,N/A
46011,86011,N/A
46012,86012,N/A
46013,86013,N/A
46014,86014,N/A
46015,86015,N/A
46016,86016,N/A
46017,86017,N/A
46018,86018,N/A
46019,86019,N/A
46020,86020,N/A
46021,86021,N/A
46022,86022,N/A
46023,86023,N/A
46024,86024,N/A
46025,86025,N/A
46026,86026,N/A
46027,86027,N/A
46028,86028,N/A
46029,86029,N/A
46030,86030,N/A
46031,86031,N/A
46032,86032,N/A
46033,86033,N/A
46034,86034,N/A
46035,86035,N/A
46036,86036,N/A
46037,86037,N/A
46038,86038,N/A
46039,86039,N/A
46040,86040,N/A
46041,86041,N/A
46042,86042,N/A
46043,86043,N/A
46044,86044,N/A
46045,86045,N/A
46046,86046,N/A
46047,86047,N/A
46048,86048,N/A
46049,86049,N/A
46050,86050,N/A
46051,86051,N/A
46052,86052,N/A
46053,86053,N/A
46054,86054,N/A
46055,86055,N/A
46056,86056,N/A
46057,86057,N/A
46058,86058,N/A
46059,86059,N/A
46060,86060,N/A
46061,86061,N/A
46062,86062,N/A
46063,86063,N/A
46064,86064,N/A
46065,86065,N/A
46066,86066,N/A
46067,86067,N/A
46068,86068,N/A
46069,86069,N/A
46070,86070,N/A
46071,86071,N/A
46072,86072,N/A
46073,86073,N/A
46074,86074,N/A
46075,86075,N/A
46076,86076,N/A
46077,86077,N/A
46078,86078,N/A
46079,86079,N/A
46080,86080,N/A
46081,86081,N/A
46082,86082,N/A
46083,86083,N/A
46084,86084,N/A
46085,86085,N/A
46086,86086,N/A
46087,86087,N/A
46088,86088,N/A
46089,86089,N/A
46090,86090,N/A
46091,86091,N/A
46092,86092,N/A
46093,86093,N/A
46094,86094,N/A
46095,86095,N/A
46096,86096,N/A
46097,86097,N/A
46098,86098,N/A
46099,86099,N/A
46100,86100,N/A
46101,86101,N/A
46102,86102,N/A
46103,86103,N/A
46104,86104,N/A
46105,86105,N/A
46106,86106,N/A
46107,86107,N/A
46108,86108,N/A
46109,86109,N/A
46110,86110,N/A
46111,86111,N/A
46112,86112,N/A
46113,86113,N/A
46114,86114,N/A
46115,86115,N/A
46116,86116,N/A
46117,86117,N/A
46118,86118,N/A
46119,86119,N/A
46120,86120,N/A
46121,86121,N/A
46122,86122,N/A
46123,86123,N/A
46124,86124,N/A
46125,86125,N/A
46126,86126,N/A
46127,86127,N/A
46128,86128,N/A
46129,86129,N/A
46130,86130,N/A
46131,86131,N/A
46132,86132,N/A
46133,86133,N/A
46134,86134,N/A
46135,86135,N/A
46136,86136,N/A
46137,86137,N/A
46138,86138,N/A
46139,86139,N/A
46140,86140,N/A
46141,86141,N/A
46142,86142,N/A
46143,86143,N/A
46144,86144,N/A
46145,86145,N/A
46146,86146,N/A
46147,86147,N/A
46148,86148,N/A
46149,86149,N/A
46150,86150,N/A
46151,86151,N/A
46152,86152,N/A
46153,86153,N/A
46154,86154,N/A
46155,86155,N/A
46156,86156,N/A
46157,86157,N/A
46158,86158,N/A
46159,86159,N/A
46160,86160,N/A
46161,86161,N/A
46162,86162,N/A
46163,86163,N/A
46164,86164,N/A
46165,86165,N/A
46166,86166,N/A
46167,86167,N/A
46168,86168,N/A
46169,86169,N/A
46170,86170,N/A
46171,86171,N/A
46172,86172,N/A
46173,86173,N/A
46174,86174,N/A
46175,86175,N/A
46176,86176,N/A
46177,86177,N/A
46178,86178,N/A
46179,86179,N/A
46180,86180,N/A
46181,86181,N/A
46182,86182,N/A
46183,86183,N/A
46184,86184,N/A
46185,86185,N/A
46186,86186,N/A
46187,86187,N/A
46188,86188,N/A
46189,86189,N/A
46190,86190,N/A
46191,86191,N/A
46192,86192,N/A
46193,86193,N/A
46194,86194,N/A
46195,86195,N/A
46196,86196,N/A
46197,86197,N/A
46198,86198,N/A
46199,86199,N/A
46200,86200,N/A
46201,86201,N/A
46202,86202,N/A
46203,86203,N/A
46204,86204,N/A
46205,86205,N/A
46206,86206,N/A
46207,86207,N/A
46208,86208,N/A
46209,86209,N/A
46210,86210,N/A
46211,86211,N/A
46212,86212,N/A
46213,86213,N/A
46214,86214,N/A
46215,86215,N/A
46216,86216,N/A
46217,86217,N/A
46218,86218,N/A
46219,86219,N/A
46220,86220,N/A
46221,86221,N/A
46222,86222,N/A
46223,86223,N/A
46224,86224,N/A
46225,86225,N/A
46226,86226,N/A
46227,86227,N/A
46228,86228,N/A
46229,86229,N/A
46230,86230,N/A
46231,86231,N/A
46232,86232,N/A
46233,86233,N/A
46234,86234,N/A
46235,86235,N/A
46236,86236,N/A
46237,86237,N/A
46238,86238,N/A
46239,86239,N/A
46240,86240,N/A
46241,86241,N/A
46242,86242,N/A
46243,86243,N/A
46244,86244,N/A
46245,86245,N/A
46246,86246,N/A
46247,86247,N/A
46248,86248,N/A
46249,86249,N/A
46250,86250,N/A
46251,86251,N/A
46252,86252,N/A
46253,86253,N/A
46254,86254,N/A
46255,86255,N/A
46256,86256,N/A
46257,86257,N/A
46258,86258,N/A
46259,86259,N/A
46260,86260,N/A
46261,86261,N/A
46262,86262,N/A
46263,86263,N/A
46264,86264,N/A
46265,86265,N/A
46266,86266,N/A
46267,86267,N/A
46268,86268,N/A
46269,86269,N/A
46270,86270,N/A
46271,86271,N/A
46272,86272,N/A
46273,86273,N/A
46274,86274,N/A
46275,86275,N/A
46276,86276,N/A
46277,86277,N/A
46278,86278,N/A
46279,86279,N/A
46280,86280,N/A
46281,86281,N/A
46282,86282,N/A
46283,86283,N/A
46284,86284,N/A
46285,86285,N/A
46286,86286,N/A
46287,86287,N/A
46288,86288,N/A
46289,86289,N/A
46290,86290,N/A
46291,86291,N/A
46292,86292,N/A
46293,86293,N/A
46294,86294,N/A
46295,86295,N/A
46296,86296,N/A
46297,86297,N/A
46298,86298,N/A
46299,86299,N/A
46300,86300,N/A
46301,86301,N/A
46302,86302,N/A
46303,86303,N/A
46304,86304,N/A
46305,86305,N/A
46306,86306,N/A
46307,86307,N/A
46308,86308,N/A
46309,86309,N/A
46310,86310,N/A
46311,86311,N/A
46312,86312,N/A
46313,86313,N/A
46314,86314,N/A
46315,86315,N/A
46316,86316,N/A
46317,86317,N/A
46318,86318,N/A
46319,86319,N/A
46320,86320,N/A
46321,86321,N/A
46322,86322,N/A
46323,86323,N/A
46324,86324,N/A
46325,86325,N/A
46326,86326,N/A
46327,86327,N/A
46328,86328,N/A
46329,86329,N/A
46330,86330,N/A
46331,86331,N/A
46332,86332,N/A
46333,86333,N/A
46334,86334,N/A
46335,86335,N/A
46336,86336,N/A
46337,86337,N/A
46338,86338,N/A
46339,86339,N/A
46340,86340,N/A
46341,86341,N/A
46342,86342,N/A
46343,86343,N/A
46344,86344,N/A
46345,86345,N/A
46346,86346,N/A
46347,86347,N/A
46348,86348,N/A
46349,86349,N/A
46350,86350,N/A
46351,86351,N/A
46352,86352,N/A
46353,86353,N/A
46354,86354,N/A
46355,86355,N/A
46356,86356,N/A
46357,86357,N/A
46358,86358,N/A
46359,86359,N/A
46360,86360,N/A
46361,86361,N/A
46362,86362,N/A
46363,86363,N/A
46364,86364,N/A
46365,86365,N/A
46366,86366,N/A
46367,86367,N/A
46368,86368,N/A
46369,86369,N/A
46370,86370,N/A
46371,86371,N/A
46372,86372,N/A
46373,86373,N/A
46374,86374,N/A
46375,86375,N/A
46376,86376,N/A
46377,86377,N/A
46378,86378,N/A
46379,86379,N/A
46380,86380,N/A
46381,86381,N/A
46382,86382,N/A
46383,86383,N/A
46384,86384,N/A
46385,86385,N/A
46386,86386,N/A
46387,86387,N/A
46388,86388,N/A
46389,86389,N/A
46390,86390,N/A
46391,86391,N/A
46392,86392,N/A
46393,86393,N/A
46394,86394,N/A
46395,86395,N/A
46396,86396,N/A
46397,86397,N/A
46398,86398,N/A
46399,86399,N/A
46400,86400,N/A
46401,86401,N/A
46402,86402,N/A
46403,86403,N/A
46404,86404,N/A
46405,86405,N/A
46406,86406,N/A
46407,86407,N/A
46408,86408,N/A
46409,86409,N/A
46410,86410,N/A
46411,86411,N/A
46412,86412,N/A
46413,86413,N/A
46414,86414,N/A
46415,86415,N/A
46416,86416,N/A
46417,86417,N/A
46418,86418,N/A
46419,86419,N/A
46420,86420,N/A
46421,86421,N/A
46422,86422,N/A
46423,86423,N/A
46424,86424,N/A
46425,86425,N/A
46426,86426,N/A
46427,86427,N/A
46428,86428,N/A
46429,86429,N/A
46430,86430,N/A
46431,86431,N/A
46432,86432,N/A
46433,86433,N/A
46434,86434,N/A
46435,86435,N/A
46436,86436,N/A
46437,86437,N/A
46438,86438,N/A
46439,86439,N/A
46440,86440,N/A
46441,86441,N/A
46442,86442,N/A
46443,86443,N/A
46444,86444,N/A
46445,86445,N/A
46446,86446,N/A
46447,86447,N/A
46448,86448,N/A
46449,86449,N/A
46450,86450,N/A
46451,86451,N/A
46452,86452,N/A
46453,86453,N/A
46454,86454,N/A
46455,86455,N/A
46456,86456,N/A
46457,86457,N/A
46458,86458,N/A
46459,86459,N/A
46460,86460,N/A
46461,86461,N/A
46462,86462,N/A
46463,86463,N/A
46464,86464,N/A
46465,86465,N/A
46466,86466,N/A
46467,86467,N/A
46468,86468,N/A
46469,86469,N/A
46470,86470,N/A
46471,86471,N/A
46472,86472,N/A
46473,86473,N/A
46474,86474,N/A
46475,86475,N/A
46476,86476,N/A
46477,86477,N/A
46478,86478,N/A
46479,86479,N/A
46480,86480,N/A
46481,86481,N/A
46482,86482,N/A
46483,86483,N/A
46484,86484,N/A
46485,86485,N/A
46486,86486,N/A
46487,86487,N/A
46488,86488,N/A
46489,86489,N/A
46490,86490,N/A
46491,86491,N/A
46492,86492,N/A
46493,86493,N/A
46494,86494,N/A
46495,86495,N/A
46496,86496,N/A
46497,86497,N/A
46498,86498,N/A
46499,86499,N/A
46500,86500,N/A
46501,86501,N/A
46502,86502,N/A
46503,86503,N/A
46504,86504,N/A
46505,86505,N/A
46506,86506,N/A
46507,86507,N/A
46508,86508,N/A
46509,86509,N/A
46510,86510,N/A
46511,86511,N/A
46512,86512,N/A
46513,86513,N/A
46514,86514,N/A
46515,86515,N/A
46516,86516,N/A
46517,86517,N/A
46518,86518,N/A
46519,86519,N/A
46520,86520,N/A
46521,86521,N/A
46522,86522,N/A
46523,86523,N/A
46524,86524,N/A
46525,86525,N/A
46526,86526,N/A
46527,86527,N/A
46528,86528,N/A
46529,86529,N/A
46530,86530,N/A
46531,86531,N/A
46532,86532,N/A
46533,86533,N/A
46534,86534,N/A
46535,86535,N/A
46536,86536,N/A
46537,86537,N/A
46538,86538,N/A
46539,86539,N/A
46540,86540,N/A
46541,86541,N/A
46542,86542,N/A
46543,86543,N/A
46544,86544,N/A
46545,86545,N/A
46546,86546,N/A
46547,86547,N/A
46548,86548,N/A
46549,86549,N/A
46550,86550,N/A
46551,86551,N/A
46552,86552,N/A
46553,86553,N/A
46554,86554,N/A
46555,86555,N/A
46556,86556,N/A
46557,86557,N/A
46558,86558,N/A
46559,86559,N/A
46560,86560,N/A
46561,86561,N/A
46562,86562,N/A
46563,86563,N/A
46564,86564,N/A
46565,86565,N/A
46566,86566,N/A
46567,86567,N/A
46568,86568,N/A
46569,86569,N/A
46570,86570,N/A
46571,86571,N/A
46572,86572,N/A
46573,86573,N/A
46574,86574,N/A
46575,86575,N/A
46576,86576,N/A
46577,86577,N/A
46578,86578,N/A
46579,86579,N/A
46580,86580,N/A
46581,86581,N/A
46582,86582,N/A
46583,86583,N/A
46584,86584,N/A
46585,86585,N/A
46586,86586,N/A
46587,86587,N/A
46588,86588,N/A
46589,86589,N/A
46590,86590,N/A
46591,86591,N/A
46592,86592,N/A
46593,86593,N/A
46594,86594,N/A
46595,86595,N/A
46596,86596,N/A
46597,86597,N/A
46598,86598,N/A
46599,86599,N/A
46600,86600,N/A
46601,86601,N/A
46602,86602,N/A
46603,86603,N/A
46604,86604,N/A
46605,86605,N/A
46606,86606,N/A
46607,86607,N/A
46608,86608,N/A
46609,86609,N/A
46610,86610,N/A
46611,86611,N/A
46612,86612,N/A
46613,86613,N/A
46614,86614,N/A
46615,86615,N/A
46616,86616,N/A
46617,86617,N/A
46618,86618,N/A
46619,86619,N/A
46620,86620,N/A
46621,86621,N/A
46622,86622,N/A
46623,86623,N/A
46624,86624,N/A
46625,86625,N/A
46626,86626,N/A
46627,86627,N/A
46628,86628,N/A
46629,86629,N/A
46630,86630,N/A
46631,86631,N/A
46632,86632,N/A
46633,86633,N/A
46634,86634,N/A
46635,86635,N/A
46636,86636,N/A
46637,86637,N/A
46638,86638,N/A
46639,86639,N/A
46640,86640,N/A
46641,86641,N/A
46642,86642,N/A
46643,86643,N/A
46644,86644,N/A
46645,86645,N/A
46646,86646,N/A
46647,86647,N/A
46648,86648,N/A
46649,86649,N/A
46650,86650,N/A
46651,86651,N/A
46652,86652,N/A
46653,86653,N/A
46654,86654,N/A
46655,86655,N/A
46656,86656,N/A
46657,86657,N/A
46658,86658,N/A
46659,86659,N/A
46660,86660,N/A
46661,86661,N/A
46662,86662,N/A
46663,86663,N/A
46664,86664,N/A
46665,86665,N/A
46666,86666,N/A
46667,86667,N/A
46668,86668,N/A
46669,86669,N/A
46670,86670,N/A
46671,86671,N/A
46672,86672,N/A
46673,86673,N/A
46674,86674,N/A
46675,86675,N/A
46676,86676,N/A
46677,86677,N/A
46678,86678,N/A
46679,86679,N/A
46680,86680,N/A
46681,86681,N/A
46682,86682,N/A
46683,86683,N/A
46684,86684,N/A
46685,86685,N/A
46686,86686,N/A
46687,86687,N/A
46688,86688,N/A
46689,86689,N/A
46690,86690,N/A
46691,86691,N/A
46692,86692,N/A
46693,86693,N/A
46694,86694,N/A
46695,86695,N/A
46696,86696,N/A
46697,86697,N/A
46698,86698,N/A
46699,86699,N/A
46700,86700,N/A
46701,86701,N/A
46702,86702,N/A
46703,86703,N/A
46704,86704,N/A
46705,86705,N/A
46706,86706,N/A
46707,86707,N/A
46708,86708,N/A
46709,86709,N/A
46710,86710,N/A
46711,86711,N/A
46712,86712,N/A
46713,86713,N/A
46714,86714,N/A
46715,86715,N/A
46716,86716,N/A
46717,86717,N/A
46718,86718,N/A
46719,86719,N/A
46720,86720,N/A
46721,86721,N/A
46722,86722,N/A
46723,86723,N/A
46724,86724,N/A
46725,86725,N/A
46726,86726,N/A
46727,86727,N/A
46728,86728,N/A
46729,86729,N/A
46730,86730,N/A
46731,86731,N/A
46732,86732,N/A
46733,86733,N/A
46734,86734,N/A
46735,86735,N/A
46736,86736,N/A
46737,86737,N/A
46738,86738,N/A
46739,86739,N/A
46740,86740,N/A
46741,86741,N/A
46742,86742,N/A
46743,86743,N/A
46744,86744,N/A
46745,86745,N/A
46746,86746,N/A
46747,86747,N/A
46748,86748,N/A
46749,86749,N/A
46750,86750,N/A
46751,86751,N/A
46752,86752,N/A
46753,86753,N/A
46754,86754,N/A
46755,86755,N/A
46756,86756,N/A
46757,86757,N/A
46758,86758,N/A
46759,86759,N/A
46760,86760,N/A
46761,86761,N/A
46762,86762,N/A
46763,86763,N/A
46764,86764,N/A
46765,86765,N/A
46766,86766,N/A
46767,86767,N/A
46768,86768,N/A
46769,86769,N/A
46770,86770,N/A
46771,86771,N/A
46772,86772,N/A
46773,86773,N/A
46774,86774,N/A
46775,86775,N/A
46776,86776,N/A
46777,86777,N/A
46778,86778,N/A
46779,86779,N/A
46780,86780,N/A
46781,86781,N/A
46782,86782,N/A
46783,86783,N/A
46784,86784,N/A
46785,86785,N/A
46786,86786,N/A
46787,86787,N/A
46788,86788,N/A
46789,86789,N/A
46790,86790,N/A
46791,86791,N/A
46792,86792,N/A
46793,86793,N/A
46794,86794,N/A
46795,86795,N/A
46796,86796,N/A
46797,86797,N/A
46798,86798,N/A
46799,86799,N/A
46800,86800,N/A
46801,86801,N/A
46802,86802,N/A
46803,86803,N/A
46804,86804,N/A
46805,86805,N/A
46806,86806,N/A
46807,86807,N/A
46808,86808,N/A
46809,86809,N/A
46810,86810,N/A
46811,86811,N/A
46812,86812,N/A
46813,86813,N/A
46814,86814,N/A
46815,86815,N/A
46816,86816,N/A
46817,86817,N/A
46818,86818,N/A
46819,86819,N/A
46820,86820,N/A
46821,86821,N/A
46822,86822,N/A
46823,86823,N/A
46824,86824,N/A
46825,86825,N/A
46826,86826,N/A
46827,86827,N/A
46828,86828,N/A
46829,86829,N/A
46830,86830,N/A
46831,86831,N/A
46832,86832,N/A
46833,86833,N/A
46834,86834,N/A
46835,86835,N/A
46836,86836,N/A
46837,86837,N/A
46838,86838,N/A
46839,86839,N/A
46840,86840,N/A
46841,86841,N/A
46842,86842,N/A
46843,86843,N/A
46844,86844,N/A
46845,86845,N/A
46846,86846,N/A
46847,86847,N/A
46848,86848,N/A
46849,86849,N/A
46850,86850,N/A
46851,86851,N/A
46852,86852,N/A
46853,86853,N/A
46854,86854,N/A
46855,86855,N/A
46856,86856,N/A
46857,86857,N/A
46858,86858,N/A
46859,86859,N/A
46860,86860,N/A
46861,86861,N/A
46862,86862,N/A
46863,86863,N/A
46864,86864,N/A
46865,86865,N/A
46866,86866,N/A
46867,86867,N/A
46868,86868,N/A
46869,86869,N/A
46870,86870,N/A
46871,86871,N/A
46872,86872,N/A
46873,86873,N/A
46874,86874,N/A
46875,86875,N/A
46876,86876,N/A
46877,86877,N/A
46878,86878,N/A
46879,86879,N/A
46880,86880,N/A
46881,86881,N/A
46882,86882,N/A
46883,86883,N/A
46884,86884,N/A
46885,86885,N/A
46886,86886,N/A
46887,86887,N/A
46888,86888,N/A
46889,86889,N/A
46890,86890,N/A
46891,86891,N/A
46892,86892,N/A
46893,86893,N/A
46894,86894,N/A
46895,86895,N/A
46896,86896,N/A
46897,86897,N/A
46898,86898,N/A
46899,86899,N/A
46900,86900,N/A
46901,86901,N/A
46902,86902,N/A
46903,86903,N/A
46904,86904,N/A
46905,86905,N/A
46906,86906,N/A
46907,86907,N/A
46908,86908,N/A
46909,86909,N/A
46910,86910,N/A
46911,86911,N/A
46912,86912,N/A
46913,86913,N/A
46914,86914,N/A
46915,86915,N/A
46916,86916,N/A
46917,86917,N/A
46918,86918,N/A
46919,86919,N/A
46920,86920,N/A
46921,86921,N/A
46922,86922,N/A
46923,86923,N/A
46924,86924,N/A
46925,86925,N/A
46926,86926,N/A
46927,86927,N/A
46928,86928,N/A
46929,86929,N/A
46930,86930,N/A
46931,86931,N/A
46932,86932,N/A
46933,86933,N/A
46934,86934,N/A
46935,86935,N/A
46936,86936,N/A
46937,86937,N/A
46938,86938,N/A
46939,86939,N/A
46940,86940,N/A
46941,86941,N/A
46942,86942,N/A
46943,86943,N/A
46944,86944,N/A
46945,86945,N/A
46946,86946,N/A
46947,86947,N/A
46948,86948,N/A
46949,86949,N/A
46950,86950,N/A
46951,86951,N/A
46952,86952,N/A
46953,86953,N/A
46954,86954,N/A
46955,86955,N/A
46956,86956,N/A
46957,86957,N/A
46958,86958,N/A
46959,86959,N/A
46960,86960,N/A
46961,86961,N/A
46962,86962,N/A
46963,86963,N/A
46964,86964,N/A
46965,86965,N/A
46966,86966,N/A
46967,86967,N/A
46968,86968,N/A
46969,86969,N/A
46970,86970,N/A
46971,86971,N/A
46972,86972,N/A
46973,86973,N/A
46974,86974,N/A
46975,86975,N/A
46976,86976,N/A
46977,86977,N/A
46978,86978,N/A
46979,86979,N/A
46980,86980,N/A
46981,86981,N/A
46982,86982,N/A
46983,86983,N/A
46984,86984,N/A
46985,86985,N/A
46986,86986,N/A
46987,86987,N/A
46988,86988,N/A
46989,86989,N/A
46990,86990,N/A
46991,86991,N/A
46992,86992,N/A
46993,86993,N/A
46994,86994,N/A
46995,86995,N/A
46996,86996,N/A
46997,86997,N/A
46998,86998,N/A
46999,86999,N/A
47000,87000,N/A
47001,87001,N/A
47002,87002,N/A
47003,87003,N/A
47004,87004,N/A
47005,87005,N/A
47006,87006,N/A
47007,87007,N/A
47008,87008,N/A
47009,87009,N/A
47010,87010,N/A
47011,87011,N/A
47012,87012,N/A
47013,87013,N/A
47014,87014,N/A
47015,87015,N/A
47016,87016,N/A
47017,87017,N/A
47018,87018,N/A
47019,87019,N/A
47020,87020,N/A
47021,87021,N/A
47022,87022,N/A
47023,87023,N/A
47024,87024,N/A
47025,87025,N/A
47026,87026,N/A
47027,87027,N/A
47028,87028,N/A
47029,87029,N/A
47030,87030,N/A
47031,87031,N/A
47032,87032,N/A
47033,87033,N/A
47034,87034,N/A
47035,87035,N/A
47036,87036,N/A
47037,87037,N/A
47038,87038,N/A
47039,87039,N/A
47040,87040,N/A
47041,87041,N/A
47042,87042,N/A
47043,87043,N/A
47044,87044,N/A
47045,87045,N/A
47046,87046,N/A
47047,87047,N/A
47048,87048,N/A
47049,87049,N/A
47050,87050,N/A
47051,87051,N/A
47052,87052,N/A
47053,87053,N/A
47054,87054,N/A
47055,87055,N/A
47056,87056,N/A
47057,87057,N/A
47058,87058,N/A
47059,87059,N/A
47060,87060,N/A
47061,87061,N/A
47062,87062,N/A
47063,87063,N/A
47064,87064,N/A
47065,87065,N/A
47066,87066,N/A
47067,87067,N/A
47068,87068,N/A
47069,87069,N/A
47070,87070,N/A
47071,87071,N/A
47072,87072,N/A
47073,87073,N/A
47074,87074,N/A
47075,87075,N/A
47076,87076,N/A
47077,87077,N/A
47078,87078,N/A
47079,87079,N/A
47080,87080,N/A
47081,87081,N/A
47082,87082,N/A
47083,87083,N/A
47084,87084,N/A
47085,87085,N/A
47086,87086,N/A
47087,87087,N/A
47088,87088,N/A
47089,87089,N/A
47090,87090,N/A
47091,87091,N/A
47092,87092,N/A
47093,87093,N/A
47094,87094,N/A
47095,87095,N/A
47096,87096,N/A
47097,87097,N/A
47098,87098,N/A
47099,87099,N/A
47100,87100,N/A
47101,87101,N/A
47102,87102,N/A
47103,87103,N/A
47104,87104,N/A
47105,87105,N/A
47106,87106,N/A
47107,87107,N/A
47108,87108,N/A
47109,87109,N/A
47110,87110,N/A
47111,87111,N/A
47112,87112,N/A
47113,87113,N/A
47114,87114,N/A
47115,87115,N/A
47116,87116,N/A
47117,87117,N/A
47118,87118,N/A
47119,87119,N/A
47120,87120,N/A
47121,87121,N/A
47122,87122,N/A
47123,87123,N/A
47124,87124,N/A
47125,87125,N/A
47126,87126,N/A
47127,87127,N/A
47128,87128,N/A
47129,87129,N/A
47130,87130,N/A
47131,87131,N/A
47132,87132,N/A
47133,87133,N/A
47134,87134,N/A
47135,87135,N/A
47136,87136,N/A
47137,87137,N/A
47138,87138,N/A
47139,87139,N/A
47140,87140,N/A
47141,87141,N/A
47142,87142,N/A
47143,87143,N/A
47144,87144,N/A
47145,87145,N/A
47146,87146,N/A
47147,87147,N/A
47148,87148,N/A
47149,87149,N/A
47150,87150,N/A
47151,87151,N/A
47152,87152,N/A
47153,87153,N/A
47154,87154,N/A
47155,87155,N/A
47156,87156,N/A
47157,87157,N/A
47158,87158,N/A
47159,87159,N/A
47160,87160,N/A
47161,87161,N/A
47162,87162,N/A
47163,87163,N/A
47164,87164,N/A
47165,87165,N/A
47166,87166,N/A
47167,87167,N/A
47168,87168,N/A
47169,87169,N/A
47170,87170,N/A
47171,87171,N/A
47172,87172,N/A
47173,87173,N/A
47174,87174,N/A
47175,87175,N/A
47176,87176,N/A
47177,87177,N/A
47178,87178,N/A
47179,87179,N/A
47180,87180,N/A
47181,87181,N/A
47182,87182,N/A
47183,87183,N/A
47184,87184,N/A
47185,87185,N/A
47186,87186,N/A
47187,87187,N/A
47188,87188,N/A
47189,87189,N/A
47190,87190,N/A
47191,87191,N/A
47192,87192,N/A
47193,87193,N/A
47194,87194,N/A
47195,87195,N/A
47196,87196,N/A
47197,87197,N/A
47198,87198,N/A
47199,87199,N/A
47200,87200,N/A
47201,87201,N/A
47202,87202,N/A
47203,87203,N/A
47204,87204,N/A
47205,87205,N/A
47206,87206,N/A
47207,87207,N/A
47208,87208,N/A
47209,87209,N/A
47210,87210,N/A
47211,87211,N/A
47212,87212,N/A
47213,87213,N/A
47214,87214,N/A
47215,87215,N/A
47216,87216,N/A
47217,87217,N/A
47218,87218,N/A
47219,87219,N/A
47220,87220,N/A
47221,87221,N/A
47222,87222,N/A
47223,87223,N/A
47224,87224,N/A
47225,87225,N/A
47226,87226,N/A
47227,87227,N/A
47228,87228,N/A
47229,87229,N/A
47230,87230,N/A
47231,87231,N/A
47232,87232,N/A
47233,87233,N/A
47234,87234,N/A
47235,87235,N/A
47236,87236,N/A
47237,87237,N/A
47238,87238,N/A
47239,87239,N/A
47240,87240,N/A
47241,87241,N/A
47242,87242,N/A
47243,87243,N/A
47244,87244,N/A
47245,87245,N/A
47246,87246,N/A
47247,87247,N/A
47248,87248,N/A
47249,87249,N/A
47250,87250,N/A
47251,87251,N/A
47252,87252,N/A
47253,87253,N/A
47254,87254,N/A
47255,87255,N/A
47256,87256,N/A
47257,87257,N/A
47258,87258,N/A
47259,87259,N/A
47260,87260,N/A
47261,87261,N/A
47262,87262,N/A
47263,87263,N/A
47264,87264,N/A
47265,87265,N/A
47266,87266,N/A
47267,87267,N/A
47268,87268,N/A
47269,87269,N/A
47270,87270,N/A
47271,87271,N/A
47272,87272,N/A
47273,87273,N/A
47274,87274,N/A
47275,87275,N/A
47276,87276,N/A
47277,87277,N/A
47278,87278,N/A
47279,87279,N/A
47280,87280,N/A
47281,87281,N/A
47282,87282,N/A
47283,87283,N/A
47284,87284,N/A
47285,87285,N/A
47286,87286,N/A
47287,87287,N/A
47288,87288,N/A
47289,87289,N/A
47290,87290,N/A
47291,87291,N/A
47292,87292,N/A
47293,87293,N/A
47294,87294,N/A
47295,87295,N/A
47296,87296,N/A
47297,87297,N/A
47298,87298,N/A
47299,87299,N/A
47300,87300,N/A
47301,87301,N/A
47302,87302,N/A
47303,87303,N/A
47304,87304,N/A
47305,87305,N/A
47306,87306,N/A
47307,87307,N/A
47308,87308,N/A
47309,87309,N/A
47310,87310,N/A
47311,87311,N/A
47312,87312,N/A
47313,87313,N/A
47314,87314,N/A
47315,87315,N/A
47316,87316,N/A
47317,87317,N/A
47318,87318,N/A
47319,87319,N/A
47320,87320,N/A
47321,87321,N/A
47322,87322,N/A
47323,87323,N/A
47324,87324,N/A
47325,87325,N/A
47326,87326,N/A
47327,87327,N/A
47328,87328,N/A
47329,87329,N/A
47330,87330,N/A
47331,87331,N/A
47332,87332,N/A
47333,87333,N/A
47334,87334,N/A
47335,87335,N/A
47336,87336,N/A
47337,87337,N/A
47338,87338,N/A
47339,87339,N/A
47340,87340,N/A
47341,87341,N/A
47342,87342,N/A
47343,87343,N/A
47344,87344,N/A
47345,87345,N/A
47346,87346,N/A
47347,87347,N/A
47348,87348,N/A
47349,87349,N/A
47350,87350,N/A
47351,87351,N/A
47352,87352,N/A
47353,87353,N/A
47354,87354,N/A
47355,87355,N/A
47356,87356,N/A
47357,87357,N/A
47358,87358,N/A
47359,87359,N/A
47360,87360,N/A
47361,87361,N/A
47362,87362,N/A
47363,87363,N/A
47364,87364,N/A
47365,87365,N/A
47366,87366,N/A
47367,87367,N/A
47368,87368,N/A
47369,87369,N/A
47370,87370,N/A
47371,87371,N/A
47372,87372,N/A
47373,87373,N/A
47374,87374,N/A
47375,87375,N/A
47376,87376,N/A
47377,87377,N/A
47378,87378,N/A
47379,87379,N/A
47380,87380,N/A
47381,87381,N/A
47382,87382,N/A
47383,87383,N/A
47384,87384,N/A
47385,87385,N/A
47386,87386,N/A
47387,87387,N/A
47388,87388,N/A
47389,87389,N/A
47390,87390,N/A
47391,87391,N/A
47392,87392,N/A
47393,87393,N/A
47394,87394,N/A
47395,87395,N/A
47396,87396,N/A
47397,87397,N/A
47398,87398,N/A
47399,87399,N/A
47400,87400,N/A
47401,87401,N/A
47402,87402,N/A
47403,87403,N/A
47404,87404,N/A
47405,87405,N/A
47406,87406,N/A
47407,87407,N/A
47408,87408,N/A
47409,87409,N/A
47410,87410,N/A
47411,87411,N/A
47412,87412,N/A
47413,87413,N/A
47414,87414,N/A
47415,87415,N/A
47416,87416,N/A
47417,87417,N/A
47418,87418,N/A
47419,87419,N/A
47420,87420,N/A
47421,87421,N/A
47422,87422,N/A
47423,87423,N/A
47424,87424,N/A
47425,87425,N/A
47426,87426,N/A
47427,87427,N/A
47428,87428,N/A
47429,87429,N/A
47430,87430,N/A
47431,87431,N/A
47432,87432,N/A
47433,87433,N/A
47434,87434,N/A
47435,87435,N/A
47436,87436,N/A
47437,87437,N/A
47438,87438,N/A
47439,87439,N/A
47440,87440,N/A
47441,87441,N/A
47442,87442,N/A
47443,87443,N/A
47444,87444,N/A
47445,87445,N/A
47446,87446,N/A
47447,87447,N/A
47448,87448,N/A
47449,87449,N/A
47450,87450,N/A
47451,87451,N/A
47452,87452,N/A
47453,87453,N/A
47454,87454,N/A
47455,87455,N/A
47456,87456,N/A
47457,87457,N/A
47458,87458,N/A
47459,87459,N/A
47460,87460,N/A
47461,87461,N/A
47462,87462,N/A
47463,87463,N/A
47464,87464,N/A
47465,87465,N/A
47466,87466,N/A
47467,87467,N/A
47468,87468,N/A
47469,87469,N/A
47470,87470,N/A
47471,87471,N/A
47472,87472,N/A
47473,87473,N/A
47474,87474,N/A
47475,87475,N/A
47476,87476,N/A
47477,87477,N/A
47478,87478,N/A
47479,87479,N/A
47480,87480,N/A
47481,87481,N/A
47482,87482,N/A
47483,87483,N/A
47484,87484,N/A
47485,87485,N/A
47486,87486,N/A
47487,87487,N/A
47488,87488,N/A
47489,87489,N/A
47490,87490,N/A
47491,87491,N/A
47492,87492,N/A
47493,87493,N/A
47494,87494,N/A
47495,87495,N/A
47496,87496,N/A
47497,87497,N/A
47498,87498,N/A
47499,87499,N/A
47500,87500,N/A
47501,87501,N/A
47502,87502,N/A
47503,87503,N/A
47504,87504,N/A
47505,87505,N/A
47506,87506,N/A
47507,87507,N/A
47508,87508,N/A
47509,87509,N/A
47510,87510,N/A
47511,87511,N/A
47512,87512,N/A
47513,87513,N/A
47514,87514,N/A
47515,87515,N/A
47516,87516,N/A
47517,87517,N/A
47518,87518,N/A
47519,87519,N/A
47520,87520,N/A
47521,87521,N/A
47522,87522,N/A
47523,87523,N/A
47524,87524,N/A
47525,87525,N/A
47526,87526,N/A
47527,87527,N/A
47528,87528,N/A
47529,87529,N/A
47530,87530,N/A
47531,87531,N/A
47532,87532,N/A
47533,87533,N/A
47534,87534,N/A
47535,87535,N/A
47536,87536,N/A
47537,87537,N/A
47538,87538,N/A
47539,87539,N/A
47540,87540,N/A
47541,87541,N/A
47542,87542,N/A
47543,87543,N/A
47544,87544,N/A
47545,87545,N/A
47546,87546,N/A
47547,87547,N/A
47548,87548,N/A
47549,87549,N/A
47550,87550,N/A
47551,87551,N/A
47552,87552,N/A
47553,87553,N/A
47554,87554,N/A
47555,87555,N/A
47556,87556,N/A
47557,87557,N/A
47558,87558,N/A
47559,87559,N/A
47560,87560,N/A
47561,87561,N/A
47562,87562,N/A
47563,87563,N/A
47564,87564,N/A
47565,87565,N/A
47566,87566,N/A
47567,87567,N/A
47568,87568,N/A
47569,87569,N/A
47570,87570,N/A
47571,87571,N/A
47572,87572,N/A
47573,87573,N/A
47574,87574,N/A
47575,87575,N/A
47576,87576,N/A
47577,87577,N/A
47578,87578,N/A
47579,87579,N/A
47580,87580,N/A
47581,87581,N/A
47582,87582,N/A
47583,87583,N/A
47584,87584,N/A
47585,87585,N/A
47586,87586,N/A
47587,87587,N/A
47588,87588,N/A
47589,87589,N/A
47590,87590,N/A
47591,87591,N/A
47592,87592,N/A
47593,87593,N/A
47594,87594,N/A
47595,87595,N/A
47596,87596,N/A
47597,87597,N/A
47598,87598,N/A
47599,87599,N/A
47600,87600,N/A
47601,87601,N/A
47602,87602,N/A
47603,87603,N/A
47604,87604,N/A
47605,87605,N/A
47606,87606,N/A
47607,87607,N/A
47608,87608,N/A
47609,87609,N/A
47610,87610,N/A
47611,87611,N/A
47612,87612,N/A
47613,87613,N/A
47614,87614,N/A
47615,87615,N/A
47616,87616,N/A
47617,87617,N/A
47618,87618,N/A
47619,87619,N/A
47620,87620,N/A
47621,87621,N/A
47622,87622,N/A
47623,87623,N/A
47624,87624,N/A
47625,87625,N/A
47626,87626,N/A
47627,87627,N/A
47628,87628,N/A
47629,87629,N/A
47630,87630,N/A
47631,87631,N/A
47632,87632,N/A
47633,87633,N/A
47634,87634,N/A
47635,87635,N/A
47636,87636,N/A
47637,87637,N/A
47638,87638,N/A
47639,87639,N/A
47640,87640,N/A
47641,87641,N/A
47642,87642,N/A
47643,87643,N/A
47644,87644,N/A
47645,87645,N/A
47646,87646,N/A
47647,87647,N/A
47648,87648,N/A
47649,87649,N/A
47650,87650,N/A
47651,87651,N/A
47652,87652,N/A
47653,87653,N/A
47654,87654,N/A
47655,87655,N/A
47656,87656,N/A
47657,87657,N/A
47658,87658,N/A
47659,87659,N/A
47660,87660,N/A
47661,87661,N/A
47662,87662,N/A
47663,87663,N/A
47664,87664,N/A
47665,87665,N/A
47666,87666,N/A
47667,87667,N/A
47668,87668,N/A
47669,87669,N/A
47670,87670,N/A
47671,87671,N/A
47672,87672,N/A
47673,87673,N/A
47674,87674,N/A
47675,87675,N/A
47676,87676,N/A
47677,87677,N/A
47678,87678,N/A
47679,87679,N/A
47680,87680,N/A
47681,87681,N/A
47682,87682,N/A
47683,87683,N/A
47684,87684,N/A
47685,87685,N/A
47686,87686,N/A
47687,87687,N/A
47688,87688,N/A
47689,87689,N/A
47690,87690,N/A
47691,87691,N/A
47692,87692,N/A
47693,87693,N/A
47694,87694,N/A
47695,87695,N/A
47696,87696,N/A
47697,87697,N/A
47698,87698,N/A
47699,87699,N/A
47700,87700,N/A
47701,87701,N/A
47702,87702,N/A
47703,87703,N/A
47704,87704,N/A
47705,87705,N/A
47706,87706,N/A
47707,87707,N/A
47708,87708,N/A
47709,87709,N/A
47710,87710,N/A
47711,87711,N/A
47712,87712,N/A
47713,87713,N/A
47714,87714,N/A
47715,87715,N/A
47716,87716,N/A
47717,87717,N/A
47718,87718,N/A
47719,87719,N/A
47720,87720,N/A
47721,87721,N/A
47722,87722,N/A
47723,87723,N/A
47724,87724,N/A
47725,87725,N/A
47726,87726,N/A
47727,87727,N/A
47728,87728,N/A
47729,87729,N/A
47730,87730,N/A
47731,87731,N/A
47732,87732,N/A
47733,87733,N/A
47734,87734,N/A
47735,87735,N/A
47736,87736,N/A
47737,87737,N/A
47738,87738,N/A
47739,87739,N/A
47740,87740,N/A
47741,87741,N/A
47742,87742,N/A
47743,87743,N/A
47744,87744,N/A
47745,87745,N/A
47746,87746,N/A
47747,87747,N/A
47748,87748,N/A
47749,87749,N/A
47750,87750,N/A
47751,87751,N/A
47752,87752,N/A
47753,87753,N/A
47754,87754,N/A
47755,87755,N/A
47756,87756,N/A
47757,87757,N/A
47758,87758,N/A
47759,87759,N/A
47760,87760,N/A
47761,87761,N/A
47762,87762,N/A
47763,87763,N/A
47764,87764,N/A
47765,87765,N/A
47766,87766,N/A
47767,87767,N/A
47768,87768,N/A
47769,87769,N/A
47770,87770,N/A
47771,87771,N/A
47772,87772,N/A
47773,87773,N/A
47774,87774,N/A
47775,87775,N/A
47776,87776,N/A
47777,87777,N/A
47778,87778,N/A
47779,87779,N/A
47780,87780,N/A
47781,87781,N/A
47782,87782,N/A
47783,87783,N/A
47784,87784,N/A
47785,87785,N/A
47786,87786,N/A
47787,87787,N/A
47788,87788,N/A
47789,87789,N/A
47790,87790,N/A
47791,87791,N/A
47792,87792,N/A
47793,87793,N/A
47794,87794,N/A
47795,87795,N/A
47796,87796,N/A
47797,87797,N/A
47798,87798,N/A
47799,87799,N/A
47800,87800,N/A
47801,87801,N/A
47802,87802,N/A
47803,87803,N/A
47804,87804,N/A
47805,87805,N/A
47806,87806,N/A
47807,87807,N/A
47808,87808,N/A
47809,87809,N/A
47810,87810,N/A
47811,87811,N/A
47812,87812,N/A
47813,87813,N/A
47814,87814,N/A
47815,87815,N/A
47816,87816,N/A
47817,87817,N/A
47818,87818,N/A
47819,87819,N/A
47820,87820,N/A
47821,87821,N/A
47822,87822,N/A
47823,87823,N/A
47824,87824,N/A
47825,87825,N/A
47826,87826,N/A
47827,87827,N/A
47828,87828,N/A
47829,87829,N/A
47830,87830,N/A
47831,87831,N/A
47832,87832,N/A
47833,87833,N/A
47834,87834,N/A
47835,87835,N/A
47836,87836,N/A
47837,87837,N/A
47838,87838,N/A
47839,87839,N/A
47840,87840,N/A
47841,87841,N/A
47842,87842,N/A
47843,87843,N/A
47844,87844,N/A
47845,87845,N/A
47846,87846,N/A
47847,87847,N/A
47848,87848,N/A
47849,87849,N/A
47850,87850,N/A
47851,87851,N/A
47852,87852,N/A
47853,87853,N/A
47854,87854,N/A
47855,87855,N/A
47856,87856,N/A
47857,87857,N/A
47858,87858,N/A
47859,87859,N/A
47860,87860,N/A
47861,87861,N/A
47862,87862,N/A
47863,87863,N/A
47864,87864,N/A
47865,87865,N/A
47866,87866,N/A
47867,87867,N/A
47868,87868,N/A
47869,87869,N/A
47870,87870,N/A
47871,87871,N/A
47872,87872,N/A
47873,87873,N/A
47874,87874,N/A
47875,87875,N/A
47876,87876,N/A
47877,87877,N/A
47878,87878,N/A
47879,87879,N/A
47880,87880,N/A
47881,87881,N/A
47882,87882,N/A
47883,87883,N/A
47884,87884,N/A
47885,87885,N/A
47886,87886,N/A
47887,87887,N/A
47888,87888,N/A
47889,87889,N/A
47890,87890,N/A
47891,87891,N/A
47892,87892,N/A
47893,87893,N/A
47894,87894,N/A
47895,87895,N/A
47896,87896,N/A
47897,87897,N/A
47898,87898,N/A
47899,87899,N/A
47900,87900,N/A
47901,87901,N/A
47902,87902,N/A
47903,87903,N/A
47904,87904,N/A
47905,87905,N/A
47906,87906,N/A
47907,87907,N/A
47908,87908,N/A
47909,87909,N/A
47910,87910,N/A
47911,87911,N/A
47912,87912,N/A
47913,87913,N/A
47914,87914,N/A
47915,87915,N/A
47916,87916,N/A
47917,87917,N/A
47918,87918,N/A
47919,87919,N/A
47920,87920,N/A
47921,87921,N/A
47922,87922,N/A
47923,87923,N/A
47924,87924,N/A
47925,87925,N/A
47926,87926,N/A
47927,87927,N/A
47928,87928,N/A
47929,87929,N/A
47930,87930,N/A
47931,87931,N/A
47932,87932,N/A
47933,87933,N/A
47934,87934,N/A
47935,87935,N/A
47936,87936,N/A
47937,87937,N/A
47938,87938,N/A
47939,87939,N/A
47940,87940,N/A
47941,87941,N/A
47942,87942,N/A
47943,87943,N/A
47944,87944,N/A
47945,87945,N/A
47946,87946,N/A
47947,87947,N/A
47948,87948,N/A
47949,87949,N/A
47950,87950,N/A
47951,87951,N/A
47952,87952,N/A
47953,87953,N/A
47954,87954,N/A
47955,87955,N/A
47956,87956,N/A
47957,87957,N/A
47958,87958,N/A
47959,87959,N/A
47960,87960,N/A
47961,87961,N/A
47962,87962,N/A
47963,87963,N/A
47964,87964,N/A
47965,87965,N/A
47966,87966,N/A
47967,87967,N/A
47968,87968,N/A
47969,87969,N/A
47970,87970,N/A
47971,87971,N/A
47972,87972,N/A
47973,87973,N/A
47974,87974,N/A
47975,87975,N/A
47976,87976,N/A
47977,87977,N/A
47978,87978,N/A
47979,87979,N/A
47980,87980,N/A
47981,87981,N/A
47982,87982,N/A
47983,87983,N/A
47984,87984,N/A
47985,87985,N/A
47986,87986,N/A
47987,87987,N/A
47988,87988,N/A
47989,87989,N/A
47990,87990,N/A
47991,87991,N/A
47992,87992,N/A
47993,87993,N/A
47994,87994,N/A
47995,87995,N/A
47996,87996,N/A
47997,87997,N/A
47998,87998,N/A
47999,87999,N/A
48000,88000,N/A
48001,88001,N/A
48002,88002,N/A
48003,88003,N/A
48004,88004,N/A
48005,88005,N/A
48006,88006,N/A
48007,88007,N/A
48008,88008,N/A
48009,88009,N/A
48010,88010,N/A
48011,88011,N/A
48012,88012,N/A
48013,88013,N/A
48014,88014,N/A
48015,88015,N/A
48016,88016,N/A
48017,88017,N/A
48018,88018,N/A
48019,88019,N/A
48020,88020,N/A
48021,88021,N/A
48022,88022,N/A
48023,88023,N/A
48024,88024,N/A
48025,88025,N/A
48026,88026,N/A
48027,88027,N/A
48028,88028,N/A
48029,88029,N/A
48030,88030,N/A
48031,88031,N/A
48032,88032,N/A
48033,88033,N/A
48034,88034,N/A
48035,88035,N/A
48036,88036,N/A
48037,88037,N/A
48038,88038,N/A
48039,88039,N/A
48040,88040,N/A
48041,88041,N/A
48042,88042,N/A
48043,88043,N/A
48044,88044,N/A
48045,88045,N/A
48046,88046,N/A
48047,88047,N/A
48048,88048,N/A
48049,88049,N/A
48050,88050,N/A
48051,88051,N/A
48052,88052,N/A
48053,88053,N/A
48054,88054,N/A
48055,88055,N/A
48056,88056,N/A
48057,88057,N/A
48058,88058,N/A
48059,88059,N/A
48060,88060,N/A
48061,88061,N/A
48062,88062,N/A
48063,88063,N/A
48064,88064,N/A
48065,88065,N/A
48066,88066,N/A
48067,88067,N/A
48068,88068,N/A
48069,88069,N/A
48070,88070,N/A
48071,88071,N/A
48072,88072,N/A
48073,88073,N/A
48074,88074,N/A
48075,88075,N/A
48076,88076,N/A
48077,88077,N/A
48078,88078,N/A
48079,88079,N/A
48080,88080,N/A
48081,88081,N/A
48082,88082,N/A
48083,88083,N/A
48084,88084,N/A
48085,88085,N/A
48086,88086,N/A
48087,88087,N/A
48088,88088,N/A
48089,88089,N/A
48090,88090,N/A
48091,88091,N/A
48092,88092,N/A
48093,88093,N/A
48094,88094,N/A
48095,88095,N/A
48096,88096,N/A
48097,88097,N/A
48098,88098,N/A
48099,88099,N/A
48100,88100,N/A
48101,88101,N/A
48102,88102,N/A
48103,88103,N/A
48104,88104,N/A
48105,88105,N/A
48106,88106,N/A
48107,88107,N/A
48108,88108,N/A
48109,88109,N/A
48110,88110,N/A
48111,88111,N/A
48112,88112,N/A
48113,88113,N/A
48114,88114,N/A
48115,88115,N/A
48116,88116,N/A
48117,88117,N/A
48118,88118,N/A
48119,88119,N/A
48120,88120,N/A
48121,88121,N/A
48122,88122,N/A
48123,88123,N/A
48124,88124,N/A
48125,88125,N/A
48126,88126,N/A
48127,88127,N/A
48128,88128,N/A
48129,88129,N/A
48130,88130,N/A
48131,88131,N/A
48132,88132,N/A
48133,88133,N/A
48134,88134,N/A
48135,88135,N/A
48136,88136,N/A
48137,88137,N/A
48138,88138,N/A
48139,88139,N/A
48140,88140,N/A
48141,88141,N/A
48142,88142,N/A
48143,88143,N/A
48144,88144,N/A
48145,88145,N/A
48146,88146,N/A
48147,88147,N/A
48148,88148,N/A
48149,88149,N/A
48150,88150,N/A
48151,88151,N/A
48152,88152,N/A
48153,88153,N/A
48154,88154,N/A
48155,88155,N/A
48156,88156,N/A
48157,88157,N/A
48158,88158,N/A
48159,88159,N/A
48160,88160,N/A
48161,88161,N/A
48162,88162,N/A
48163,88163,N/A
48164,88164,N/A
48165,88165,N/A
48166,88166,N/A
48167,88167,N/A
48168,88168,N/A
48169,88169,N/A
48170,88170,N/A
48171,88171,N/A
48172,88172,N/A
48173,88173,N/A
48174,88174,N/A
48175,88175,N/A
48176,88176,N/A
48177,88177,N/A
48178,88178,N/A
48179,88179,N/A
48180,88180,N/A
48181,88181,N/A
48182,88182,N/A
48183,88183,N/A
48184,88184,N/A
48185,88185,N/A
48186,88186,N/A
48187,88187,N/A
48188,88188,N/A
48189,88189,N/A
48190,88190,N/A
48191,88191,N/A
48192,88192,N/A
48193,88193,N/A
48194,88194,N/A
48195,88195,N/A
48196,88196,N/A
48197,88197,N/A
48198,88198,N/A
48199,88199,N/A
48200,88200,N/A
48201,88201,N/A
48202,88202,N/A
48203,88203,N/A
48204,88204,N/A
48205,88205,N/A
48206,88206,N/A
48207,88207,N/A
48208,88208,N/A
48209,88209,N/A
48210,88210,N/A
48211,88211,N/A
48212,88212,N/A
48213,88213,N/A
48214,88214,N/A
48215,88215,N/A
48216,88216,N/A
48217,88217,N/A
48218,88218,N/A
48219,88219,N/A
48220,88220,N/A
48221,88221,N/A
48222,88222,N/A
48223,88223,N/A
48224,88224,N/A
48225,88225,N/A
48226,88226,N/A
48227,88227,N/A
48228,88228,N/A
48229,88229,N/A
48230,88230,N/A
48231,88231,N/A
48232,88232,N/A
48233,88233,N/A
48234,88234,N/A
48235,88235,N/A
48236,88236,N/A
48237,88237,N/A
48238,88238,N/A
48239,88239,N/A
48240,88240,N/A
48241,88241,N/A
48242,88242,N/A
48243,88243,N/A
48244,88244,N/A
48245,88245,N/A
48246,88246,N/A
48247,88247,N/A
48248,88248,N/A
48249,88249,N/A
48250,88250,N/A
48251,88251,N/A
48252,88252,N/A
48253,88253,N/A
48254,88254,N/A
48255,88255,N/A
48256,88256,N/A
48257,88257,N/A
48258,88258,N/A
48259,88259,N/A
48260,88260,N/A
48261,88261,N/A
48262,88262,N/A
48263,88263,N/A
48264,88264,N/A
48265,88265,N/A
48266,88266,N/A
48267,88267,N/A
48268,88268,N/A
48269,88269,N/A
48270,88270,N/A
48271,88271,N/A
48272,88272,N/A
48273,88273,N/A
48274,88274,N/A
48275,88275,N/A
48276,88276,N/A
48277,88277,N/A
48278,88278,N/A
48279,88279,N/A
48280,88280,N/A
48281,88281,N/A
48282,88282,N/A
48283,88283,N/A
48284,88284,N/A
48285,88285,N/A
48286,88286,N/A
48287,88287,N/A
48288,88288,N/A
48289,88289,N/A
48290,88290,N/A
48291,88291,N/A
48292,88292,N/A
48293,88293,N/A
48294,88294,N/A
48295,88295,N/A
48296,88296,N/A
48297,88297,N/A
48298,88298,N/A
48299,88299,N/A
48300,88300,N/A
48301,88301,N/A
48302,88302,N/A
48303,88303,N/A
48304,88304,N/A
48305,88305,N/A
48306,88306,N/A
48307,88307,N/A
48308,88308,N/A
48309,88309,N/A
48310,88310,N/A
48311,88311,N/A
48312,88312,N/A
48313,88313,N/A
48314,88314,N/A
48315,88315,N/A
48316,88316,N/A
48317,88317,N/A
48318,88318,N/A
48319,88319,N/A
48320,88320,N/A
48321,88321,N/A
48322,88322,N/A
48323,88323,N/A
48324,88324,N/A
48325,88325,N/A
48326,88326,N/A
48327,88327,N/A
48328,88328,N/A
48329,88329,N/A
48330,88330,N/A
48331,88331,N/A
48332,88332,N/A
48333,88333,N/A
48334,88334,N/A
48335,88335,N/A
48336,88336,N/A
48337,88337,N/A
48338,88338,N/A
48339,88339,N/A
48340,88340,N/A
48341,88341,N/A
48342,88342,N/A
48343,88343,N/A
48344,88344,N/A
48345,88345,N/A
48346,88346,N/A
48347,88347,N/A
48348,88348,N/A
48349,88349,N/A
48350,88350,N/A
48351,88351,N/A
48352,88352,N/A
48353,88353,N/A
48354,88354,N/A
48355,88355,N/A
48356,88356,N/A
48357,88357,N/A
48358,88358,N/A
48359,88359,N/A
48360,88360,N/A
48361,88361,N/A
48362,88362,N/A
48363,88363,N/A
48364,88364,N/A
48365,88365,N/A
48366,88366,N/A
48367,88367,N/A
48368,88368,N/A
48369,88369,N/A
48370,88370,N/A
48371,88371,N/A
48372,88372,N/A
48373,88373,N/A
48374,88374,N/A
48375,88375,N/A
48376,88376,N/A
48377,88377,N/A
48378,88378,N/A
48379,88379,N/A
48380,88380,N/A
48381,88381,N/A
48382,88382,N/A
48383,88383,N/A
48384,88384,N/A
48385,88385,N/A
48386,88386,N/A
48387,88387,N/A
48388,88388,N/A
48389,88389,N/A
48390,88390,N/A
48391,88391,N/A
48392,88392,N/A
48393,88393,N/A
48394,88394,N/A
48395,88395,N/A
48396,88396,N/A
48397,88397,N/A
48398,88398,N/A
48399,88399,N/A
48400,88400,N/A
48401,88401,N/A
48402,88402,N/A
48403,88403,N/A
48404,88404,N/A
48405,88405,N/A
48406,88406,N/A
48407,88407,N/A
48408,88408,N/A
48409,88409,N/A
48410,88410,N/A
48411,88411,N/A
48412,88412,N/A
48413,88413,N/A
48414,88414,N/A
48415,88415,N/A
48416,88416,N/A
48417,88417,N/A
48418,88418,N/A
48419,88419,N/A
48420,88420,N/A
48421,88421,N/A
48422,88422,N/A
48423,88423,N/A
48424,88424,N/A
48425,88425,N/A
48426,88426,N/A
48427,88427,N/A
48428,88428,N/A
48429,88429,N/A
48430,88430,N/A
48431,88431,N/A
48432,88432,N/A
48433,88433,N/A
48434,88434,N/A
48435,88435,N/A
48436,88436,N/A
48437,88437,N/A
48438,88438,N/A
48439,88439,N/A
48440,88440,N/A
48441,88441,N/A
48442,88442,N/A
48443,88443,N/A
48444,88444,N/A
48445,88445,N/A
48446,88446,N/A
48447,88447,N/A
48448,88448,N/A
48449,88449,N/A
48450,88450,N/A
48451,88451,N/A
48452,88452,N/A
48453,88453,N/A
48454,88454,N/A
48455,88455,N/A
48456,88456,N/A
48457,88457,N/A
48458,88458,N/A
48459,88459,N/A
48460,88460,N/A
48461,88461,N/A
48462,88462,N/A
48463,88463,N/A
48464,88464,N/A
48465,88465,N/A
48466,88466,N/A
48467,88467,N/A
48468,88468,N/A
48469,88469,N/A
48470,88470,N/A
48471,88471,N/A
48472,88472,N/A
48473,88473,N/A
48474,88474,N/A
48475,88475,N/A
48476,88476,N/A
48477,88477,N/A
48478,88478,N/A
48479,88479,N/A
48480,88480,N/A
48481,88481,N/A
48482,88482,N/A
48483,88483,N/A
48484,88484,N/A
48485,88485,N/A
48486,88486,N/A
48487,88487,N/A
48488,88488,N/A
48489,88489,N/A
48490,88490,N/A
48491,88491,N/A
48492,88492,N/A
48493,88493,N/A
48494,88494,N/A
48495,88495,N/A
48496,88496,N/A
48497,88497,N/A
48498,88498,N/A
48499,88499,N/A
48500,88500,N/A
48501,88501,N/A
48502,88502,N/A
48503,88503,N/A
48504,88504,N/A
48505,88505,N/A
48506,88506,N/A
48507,88507,N/A
48508,88508,N/A
48509,88509,N/A
48510,88510,N/A
48511,88511,N/A
48512,88512,N/A
48513,88513,N/A
48514,88514,N/A
48515,88515,N/A
48516,88516,N/A
48517,88517,N/A
48518,88518,N/A
48519,88519,N/A
48520,88520,N/A
48521,88521,N/A
48522,88522,N/A
48523,88523,N/A
48524,88524,N/A
48525,88525,N/A
48526,88526,N/A
48527,88527,N/A
48528,88528,N/A
48529,88529,N/A
48530,88530,N/A
48531,88531,N/A
48532,88532,N/A
48533,88533,N/A
48534,88534,N/A
48535,88535,N/A
48536,88536,N/A
48537,88537,N/A
48538,88538,N/A
48539,88539,N/A
48540,88540,N/A
48541,88541,N/A
48542,88542,N/A
48543,88543,N/A
48544,88544,N/A
48545,88545,N/A
48546,88546,N/A
48547,88547,N/A
48548,88548,N/A
48549,88549,N/A
48550,88550,N/A
48551,88551,N/A
48552,88552,N/A
48553,88553,N/A
48554,88554,N/A
48555,88555,N/A
48556,88556,N/A
48557,88557,N/A
48558,88558,N/A
48559,88559,N/A
48560,88560,N/A
48561,88561,N/A
48562,88562,N/A
48563,88563,N/A
48564,88564,N/A
48565,88565,N/A
48566,88566,N/A
48567,88567,N/A
48568,88568,N/A
48569,88569,N/A
48570,88570,N/A
48571,88571,N/A
48572,88572,N/A
48573,88573,N/A
48574,88574,N/A
48575,88575,N/A
48576,88576,N/A
48577,88577,N/A
48578,88578,N/A
48579,88579,N/A
48580,88580,N/A
48581,88581,N/A
48582,88582,N/A
48583,88583,N/A
48584,88584,N/A
48585,88585,N/A
48586,88586,N/A
48587,88587,N/A
48588,88588,N/A
48589,88589,N/A
48590,88590,N/A
48591,88591,N/A
48592,88592,N/A
48593,88593,N/A
48594,88594,N/A
48595,88595,N/A
48596,88596,N/A
48597,88597,N/A
48598,88598,N/A
48599,88599,N/A
48600,88600,N/A
48601,88601,N/A
48602,88602,N/A
48603,88603,N/A
48604,88604,N/A
48605,88605,N/A
48606,88606,N/A
48607,88607,N/A
48608,88608,N/A
48609,88609,N/A
48610,88610,N/A
48611,88611,N/A
48612,88612,N/A
48613,88613,N/A
48614,88614,N/A
48615,88615,N/A
48616,88616,N/A
48617,88617,N/A
48618,88618,N/A
48619,88619,N/A
48620,88620,N/A
48621,88621,N/A
48622,88622,N/A
48623,88623,N/A
48624,88624,N/A
48625,88625,N/A
48626,88626,N/A
48627,88627,N/A
48628,88628,N/A
48629,88629,N/A
48630,88630,N/A
48631,88631,N/A
48632,88632,N/A
48633,88633,N/A
48634,88634,N/A
48635,88635,N/A
48636,88636,N/A
48637,88637,N/A
48638,88638,N/A
48639,88639,N/A
48640,88640,N/A
48641,88641,N/A
48642,88642,N/A
48643,88643,N/A
48644,88644,N/A
48645,88645,N/A
48646,88646,N/A
48647,88647,N/A
48648,88648,N/A
48649,88649,N/A
48650,88650,N/A
48651,88651,N/A
48652,88652,N/A
48653,88653,N/A
48654,88654,N/A
48655,88655,N/A
48656,88656,N/A
48657,88657,N/A
48658,88658,N/A
48659,88659,N/A
48660,88660,N/A
48661,88661,N/A
48662,88662,N/A
48663,88663,N/A
48664,88664,N/A
48665,88665,N/A
48666,88666,N/A
48667,88667,N/A
48668,88668,N/A
48669,88669,N/A
48670,88670,N/A
48671,88671,N/A
48672,88672,N/A
48673,88673,N/A
48674,88674,N/A
48675,88675,N/A
48676,88676,N/A
48677,88677,N/A
48678,88678,N/A
48679,88679,N/A
48680,88680,N/A
48681,88681,N/A
48682,88682,N/A
48683,88683,N/A
48684,88684,N/A
48685,88685,N/A
48686,88686,N/A
48687,88687,N/A
48688,88688,N/A
48689,88689,N/A
48690,88690,N/A
48691,88691,N/A
48692,88692,N/A
48693,88693,N/A
48694,88694,N/A
48695,88695,N/A
48696,88696,N/A
48697,88697,N/A
48698,88698,N/A
48699,88699,N/A
48700,88700,N/A
48701,88701,N/A
48702,88702,N/A
48703,88703,N/A
48704,88704,N/A
48705,88705,N/A
48706,88706,N/A
48707,88707,N/A
48708,88708,N/A
48709,88709,N/A
48710,88710,N/A
48711,88711,N/A
48712,88712,N/A
48713,88713,N/A
48714,88714,N/A
48715,88715,N/A
48716,88716,N/A
48717,88717,N/A
48718,88718,N/A
48719,88719,N/A
48720,88720,N/A
48721,88721,N/A
48722,88722,N/A
48723,88723,N/A
48724,88724,N/A
48725,88725,N/A
48726,88726,N/A
48727,88727,N/A
48728,88728,N/A
48729,88729,N/A
48730,88730,N/A
48731,88731,N/A
48732,88732,N/A
48733,88733,N/A
48734,88734,N/A
48735,88735,N/A
48736,88736,N/A
48737,88737,N/A
48738,88738,N/A
48739,88739,N/A
48740,88740,N/A
48741,88741,N/A
48742,88742,N/A
48743,88743,N/A
48744,88744,N/A
48745,88745,N/A
48746,88746,N/A
48747,88747,N/A
48748,88748,N/A
48749,88749,N/A
48750,88750,N/A
48751,88751,N/A
48752,88752,N/A
48753,88753,N/A
48754,88754,N/A
48755,88755,N/A
48756,88756,N/A
48757,88757,N/A
48758,88758,N/A
48759,88759,N/A
48760,88760,N/A
48761,88761,N/A
48762,88762,N/A
48763,88763,N/A
48764,88764,N/A
48765,88765,N/A
48766,88766,N/A
48767,88767,N/A
48768,88768,N/A
48769,88769,N/A
48770,88770,N/A
48771,88771,N/A
48772,88772,N/A
48773,88773,N/A
48774,88774,N/A
48775,88775,N/A
48776,88776,N/A
48777,88777,N/A
48778,88778,N/A
48779,88779,N/A
48780,88780,N/A
48781,88781,N/A
48782,88782,N/A
48783,88783,N/A
48784,88784,N/A
48785,88785,N/A
48786,88786,N/A
48787,88787,N/A
48788,88788,N/A
48789,88789,N/A
48790,88790,N/A
48791,88791,N/A
48792,88792,N/A
48793,88793,N/A
48794,88794,N/A
48795,88795,N/A
48796,88796,N/A
48797,88797,N/A
48798,88798,N/A
48799,88799,N/A
48800,88800,N/A
48801,88801,N/A
48802,88802,N/A
48803,88803,N/A
48804,88804,N/A
48805,88805,N/A
48806,88806,N/A
48807,88807,N/A
48808,88808,N/A
48809,88809,N/A
48810,88810,N/A
48811,88811,N/A
48812,88812,N/A
48813,88813,N/A
48814,88814,N/A
48815,88815,N/A
48816,88816,N/A
48817,88817,N/A
48818,88818,N/A
48819,88819,N/A
48820,88820,N/A
48821,88821,N/A
48822,88822,N/A
48823,88823,N/A
48824,88824,N/A
48825,88825,N/A
48826,88826,N/A
48827,88827,N/A
48828,88828,N/A
48829,88829,N/A
48830,88830,N/A
48831,88831,N/A
48832,88832,N/A
48833,88833,N/A
48834,88834,N/A
48835,88835,N/A
48836,88836,N/A
48837,88837,N/A
48838,88838,N/A
48839,88839,N/A
48840,88840,N/A
48841,88841,N/A
48842,88842,N/A
48843,88843,N/A
48844,88844,N/A
48845,88845,N/A
48846,88846,N/A
48847,88847,N/A
48848,88848,N/A
48849,88849,N/A
48850,88850,N/A
48851,88851,N/A
48852,88852,N/A
48853,88853,N/A
48854,88854,N/A
48855,88855,N/A
48856,88856,N/A
48857,88857,N/A
48858,88858,N/A
48859,88859,N/A
48860,88860,N/A
48861,88861,N/A
48862,88862,N/A
48863,88863,N/A
48864,88864,N/A
48865,88865,N/A
48866,88866,N/A
48867,88867,N/A
48868,88868,N/A
48869,88869,N/A
48870,88870,N/A
48871,88871,N/A
48872,88872,N/A
48873,88873,N/A
48874,88874,N/A
48875,88875,N/A
48876,88876,N/A
48877,88877,N/A
48878,88878,N/A
48879,88879,N/A
48880,88880,N/A
48881,88881,N/A
48882,88882,N/A
48883,88883,N/A
48884,88884,N/A
48885,88885,N/A
48886,88886,N/A
48887,88887,N/A
48888,88888,N/A
48889,88889,N/A
48890,88890,N/A
48891,88891,N/A
48892,88892,N/A
48893,88893,N/A
48894,88894,N/A
48895,88895,N/A
48896,88896,N/A
48897,88897,N/A
48898,88898,N/A
48899,88899,N/A
48900,88900,N/A
48901,88901,N/A
48902,88902,N/A
48903,88903,N/A
48904,88904,N/A
48905,88905,N/A
48906,88906,N/A
48907,88907,N/A
48908,88908,N/A
48909,88909,N/A
48910,88910,N/A
48911,88911,N/A
48912,88912,N/A
48913,88913,N/A
48914,88914,N/A
48915,88915,N/A
48916,88916,N/A
48917,88917,N/A
48918,88918,N/A
48919,88919,N/A
48920,88920,N/A
48921,88921,N/A
48922,88922,N/A
48923,88923,N/A
48924,88924,N/A
48925,88925,N/A
48926,88926,N/A
48927,88927,N/A
48928,88928,N/A
48929,88929,N/A
48930,88930,N/A
48931,88931,N/A
48932,88932,N/A
48933,88933,N/A
48934,88934,N/A
48935,88935,N/A
48936,88936,N/A
48937,88937,N/A
48938,88938,N/A
48939,88939,N/A
48940,88940,N/A
48941,88941,N/A
48942,88942,N/A
48943,88943,N/A
48944,88944,N/A
48945,88945,N/A
48946,88946,N/A
48947,88947,N/A
48948,88948,N/A
48949,88949,N/A
48950,88950,N/A
48951,88951,N/A
48952,88952,N/A
48953,88953,N/A
48954,88954,N/A
48955,88955,N/A
48956,88956,N/A
48957,88957,N/A
48958,88958,N/A
48959,88959,N/A
48960,88960,N/A
48961,88961,N/A
48962,88962,N/A
48963,88963,N/A
48964,88964,N/A
48965,88965,N/A
48966,88966,N/A
48967,88967,N/A
48968,88968,N/A
48969,88969,N/A
48970,88970,N/A
48971,88971,N/A
48972,88972,N/A
48973,88973,N/A
48974,88974,N/A
48975,88975,N/A
48976,88976,N/A
48977,88977,N/A
48978,88978,N/A
48979,88979,N/A
48980,88980,N/A
48981,88981,N/A
48982,88982,N/A
48983,88983,N/A
48984,88984,N/A
48985,88985,N/A
48986,88986,N/A
48987,88987,N/A
48988,88988,N/A
48989,88989,N/A
48990,88990,N/A
48991,88991,N/A
48992,88992,N/A
48993,88993,N/A
48994,88994,N/A
48995,88995,N/A
48996,88996,N/A
48997,88997,N/A
48998,88998,N/A
48999,88999,N/A
49000,89000,N/A
49001,89001,N/A
49002,89002,N/A
49003,89003,N/A
49004,89004,N/A
49005,89005,N/A
49006,89006,N/A
49007,89007,N/A
49008,89008,N/A
49009,89009,N/A
49010,89010,N/A
49011,89011,N/A
49012,89012,N/A
49013,89013,N/A
49014,89014,N/A
49015,89015,N/A
49016,89016,N/A
49017,89017,N/A
49018,89018,N/A
49019,89019,N/A
49020,89020,N/A
49021,89021,N/A
49022,89022,N/A
49023,89023,N/A
49024,89024,N/A
49025,89025,N/A
49026,89026,N/A
49027,89027,N/A
49028,89028,N/A
49029,89029,N/A
49030,89030,N/A
49031,89031,N/A
49032,89032,N/A
49033,89033,N/A
49034,89034,N/A
49035,89035,N/A
49036,89036,N/A
49037,89037,N/A
49038,89038,N/A
49039,89039,N/A
49040,89040,N/A
49041,89041,N/A
49042,89042,N/A
49043,89043,N/A
49044,89044,N/A
49045,89045,N/A
49046,89046,N/A
49047,89047,N/A
49048,89048,N/A
49049,89049,N/A
49050,89050,N/A
49051,89051,N/A
49052,89052,N/A
49053,89053,N/A
49054,89054,N/A
49055,89055,N/A
49056,89056,N/A
49057,89057,N/A
49058,89058,N/A
49059,89059,N/A
49060,89060,N/A
49061,89061,N/A
49062,89062,N/A
49063,89063,N/A
49064,89064,N/A
49065,89065,N/A
49066,89066,N/A
49067,89067,N/A
49068,89068,N/A
49069,89069,N/A
49070,89070,N/A
49071,89071,N/A
49072,89072,N/A
49073,89073,N/A
49074,89074,N/A
49075,89075,N/A
49076,89076,N/A
49077,89077,N/A
49078,89078,N/A
49079,89079,N/A
49080,89080,N/A
49081,89081,N/A
49082,89082,N/A
49083,89083,N/A
49084,89084,N/A
49085,89085,N/A
49086,89086,N/A
49087,89087,N/A
49088,89088,N/A
49089,89089,N/A
49090,89090,N/A
49091,89091,N/A
49092,89092,N/A
49093,89093,N/A
49094,89094,N/A
49095,89095,N/A
49096,89096,N/A
49097,89097,N/A
49098,89098,N/A
49099,89099,N/A
49100,89100,N/A
49101,89101,N/A
49102,89102,N/A
49103,89103,N/A
49104,89104,N/A
49105,89105,N/A
49106,89106,N/A
49107,89107,N/A
49108,89108,N/A
49109,89109,N/A
49110,89110,N/A
49111,89111,N/A
49112,89112,N/A
49113,89113,N/A
49114,89114,N/A
49115,89115,N/A
49116,89116,N/A
49117,89117,N/A
49118,89118,N/A
49119,89119,N/A
49120,89120,N/A
49121,89121,N/A
49122,89122,N/A
49123,89123,N/A
49124,89124,N/A
49125,89125,N/A
49126,89126,N/A
49127,89127,N/A
49128,89128,N/A
49129,89129,N/A
49130,89130,N/A
49131,89131,N/A
49132,89132,N/A
49133,89133,N/A
49134,89134,N/A
49135,89135,N/A
49136,89136,N/A
49137,89137,N/A
49138,89138,N/A
49139,89139,N/A
49140,89140,N/A
49141,89141,N/A
49142,89142,N/A
49143,89143,N/A
49144,89144,N/A
49145,89145,N/A
49146,89146,N/A
49147,89147,N/A
49148,89148,N/A
49149,89149,N/A
49150,89150,N/A
49151,89151,N/A
49152,89152,N/A
49153,89153,N/A
49154,89154,N/A
49155,89155,N/A
49156,89156,N/A
49157,89157,N/A
49158,89158,N/A
49159,89159,N/A
49160,89160,N/A
49161,89161,N/A
49162,89162,N/A
49163,89163,N/A
49164,89164,N/A
49165,89165,N/A
49166,89166,N/A
49167,89167,N/A
49168,89168,N/A
49169,89169,N/A
49170,89170,N/A
49171,89171,N/A
49172,89172,N/A
49173,89173,N/A
49174,89174,N/A
49175,89175,N/A
49176,89176,N/A
49177,89177,N/A
49178,89178,N/A
49179,89179,N/A
49180,89180,N/A
49181,89181,N/A
49182,89182,N/A
49183,89183,N/A
49184,89184,N/A
49185,89185,N/A
49186,89186,N/A
49187,89187,N/A
49188,89188,N/A
49189,89189,N/A
49190,89190,N/A
49191,89191,N/A
49192,89192,N/A
49193,89193,N/A
49194,89194,N/A
49195,89195,N/A
49196,89196,N/A
49197,89197,N/A
49198,89198,N/A
49199,89199,N/A
49200,89200,N/A
49201,89201,N/A
49202,89202,N/A
49203,89203,N/A
49204,89204,N/A
49205,89205,N/A
49206,89206,N/A
49207,89207,N/A
49208,89208,N/A
49209,89209,N/A
49210,89210,N/A
49211,89211,N/A
49212,89212,N/A
49213,89213,N/A
49214,89214,N/A
49215,89215,N/A
49216,89216,N/A
49217,89217,N/A
49218,89218,N/A
49219,89219,N/A
49220,89220,N/A
49221,89221,N/A
49222,89222,N/A
49223,89223,N/A
49224,89224,N/A
49225,89225,N/A
49226,89226,N/A
49227,89227,N/A
49228,89228,N/A
49229,89229,N/A
49230,89230,N/A
49231,89231,N/A
49232,89232,N/A
49233,89233,N/A
49234,89234,N/A
49235,89235,N/A
49236,89236,N/A
49237,89237,N/A
49238,89238,N/A
49239,89239,N/A
49240,89240,N/A
49241,89241,N/A
49242,89242,N/A
49243,89243,N/A
49244,89244,N/A
49245,89245,N/A
49246,89246,N/A
49247,89247,N/A
49248,89248,N/A
49249,89249,N/A
49250,89250,N/A
49251,89251,N/A
49252,89252,N/A
49253,89253,N/A
49254,89254,N/A
49255,89255,N/A
49256,89256,N/A
49257,89257,N/A
49258,89258,N/A
49259,89259,N/A
49260,89260,N/A
49261,89261,N/A
49262,89262,N/A
49263,89263,N/A
49264,89264,N/A
49265,89265,N/A
49266,89266,N/A
49267,89267,N/A
49268,89268,N/A
49269,89269,N/A
49270,89270,N/A
49271,89271,N/A
49272,89272,N/A
49273,89273,N/A
49274,89274,N/A
49275,89275,N/A
49276,89276,N/A
49277,89277,N/A
49278,89278,N/A
49279,89279,N/A
49280,89280,N/A
49281,89281,N/A
49282,89282,N/A
49283,89283,N/A
49284,89284,N/A
49285,89285,N/A
49286,89286,N/A
49287,89287,N/A
49288,89288,N/A
49289,89289,N/A
49290,89290,N/A
49291,89291,N/A
49292,89292,N/A
49293,89293,N/A
49294,89294,N/A
49295,89295,N/A
49296,89296,N/A
49297,89297,N/A
49298,89298,N/A
49299,89299,N/A
49300,89300,N/A
49301,89301,N/A
49302,89302,N/A
49303,89303,N/A
49304,89304,N/A
49305,89305,N/A
49306,89306,N/A
49307,89307,N/A
49308,89308,N/A
49309,89309,N/A
49310,89310,N/A
49311,89311,N/A
49312,89312,N/A
49313,89313,N/A
49314,89314,N/A
49315,89315,N/A
49316,89316,N/A
49317,89317,N/A
49318,89318,N/A
49319,89319,N/A
49320,89320,N/A
49321,89321,N/A
49322,89322,N/A
49323,89323,N/A
49324,89324,N/A
49325,89325,N/A
49326,89326,N/A
49327,89327,N/A
49328,89328,N/A
49329,89329,N/A
49330,89330,N/A
49331,89331,N/A
49332,89332,N/A
49333,89333,N/A
49334,89334,N/A
49335,89335,N/A
49336,89336,N/A
49337,89337,N/A
49338,89338,N/A
49339,89339,N/A
49340,89340,N/A
49341,89341,N/A
49342,89342,N/A
49343,89343,N/A
49344,89344,N/A
49345,89345,N/A
49346,89346,N/A
49347,89347,N/A
49348,89348,N/A
49349,89349,N/A
49350,89350,N/A
49351,89351,N/A
49352,89352,N/A
49353,89353,N/A
49354,89354,N/A
49355,89355,N/A
49356,89356,N/A
49357,89357,N/A
49358,89358,N/A
49359,89359,N/A
49360,89360,N/A
49361,89361,N/A
49362,89362,N/A
49363,89363,N/A
49364,89364,N/A
49365,89365,N/A
49366,89366,N/A
49367,89367,N/A
49368,89368,N/A
49369,89369,N/A
49370,89370,N/A
49371,89371,N/A
49372,89372,N/A
49373,89373,N/A
49374,89374,N/A
49375,89375,N/A
49376,89376,N/A
49377,89377,N/A
49378,89378,N/A
49379,89379,N/A
49380,89380,N/A
49381,89381,N/A
49382,89382,N/A
49383,89383,N/A
49384,89384,N/A
49385,89385,N/A
49386,89386,N/A
49387,89387,N/A
49388,89388,N/A
49389,89389,N/A
49390,89390,N/A
49391,89391,N/A
49392,89392,N/A
49393,89393,N/A
49394,89394,N/A
49395,89395,N/A
49396,89396,N/A
49397,89397,N/A
49398,89398,N/A
49399,89399,N/A
49400,89400,N/A
49401,89401,N/A
49402,89402,N/A
49403,89403,N/A
49404,89404,N/A
49405,89405,N/A
49406,89406,N/A
49407,89407,N/A
49408,89408,N/A
49409,89409,N/A
49410,89410,N/A
49411,89411,N/A
49412,89412,N/A
49413,89413,N/A
49414,89414,N/A
49415,89415,N/A
49416,89416,N/A
49417,89417,N/A
49418,89418,N/A
49419,89419,N/A
49420,89420,N/A
49421,89421,N/A
49422,89422,N/A
49423,89423,N/A
49424,89424,N/A
49425,89425,N/A
49426,89426,N/A
49427,89427,N/A
49428,89428,N/A
49429,89429,N/A
49430,89430,N/A
49431,89431,N/A
49432,89432,N/A
49433,89433,N/A
49434,89434,N/A
49435,89435,N/A
49436,89436,N/A
49437,89437,N/A
49438,89438,N/A
49439,89439,N/A
49440,89440,N/A
49441,89441,N/A
49442,89442,N/A
49443,89443,N/A
49444,89444,N/A
49445,89445,N/A
49446,89446,N/A
49447,89447,N/A
49448,89448,N/A
49449,89449,N/A
49450,89450,N/A
49451,89451,N/A
49452,89452,N/A
49453,89453,N/A
49454,89454,N/A
49455,89455,N/A
49456,89456,N/A
49457,89457,N/A
49458,89458,N/A
49459,89459,N/A
49460,89460,N/A
49461,89461,N/A
49462,89462,N/A
49463,89463,N/A
49464,89464,N/A
49465,89465,N/A
49466,89466,N/A
49467,89467,N/A
49468,89468,N/A
49469,89469,N/A
49470,89470,N/A
49471,89471,N/A
49472,89472,N/A
49473,89473,N/A
49474,89474,N/A
49475,89475,N/A
49476,89476,N/A
49477,89477,N/A
49478,89478,N/A
49479,89479,N/A
49480,89480,N/A
49481,89481,N/A
49482,89482,N/A
49483,89483,N/A
49484,89484,N/A
49485,89485,N/A
49486,89486,N/A
49487,89487,N/A
49488,89488,N/A
49489,89489,N/A
49490,89490,N/A
49491,89491,N/A
49492,89492,N/A
49493,89493,N/A
49494,89494,N/A
49495,89495,N/A
49496,89496,N/A
49497,89497,N/A
49498,89498,N/A
49499,89499,N/A
49500,89500,N/A
49501,89501,N/A
49502,89502,N/A
49503,89503,N/A
49504,89504,N/A
49505,89505,N/A
49506,89506,N/A
49507,89507,N/A
49508,89508,N/A
49509,89509,N/A
49510,89510,N/A
49511,89511,N/A
49512,89512,N/A
49513,89513,N/A
49514,89514,N/A
49515,89515,N/A
49516,89516,N/A
49517,89517,N/A
49518,89518,N/A
49519,89519,N/A
49520,89520,N/A
49521,89521,N/A
49522,89522,N/A
49523,89523,N/A
49524,89524,N/A
49525,89525,N/A
49526,89526,N/A
49527,89527,N/A
49528,89528,N/A
49529,89529,N/A
49530,89530,N/A
49531,89531,N/A
49532,89532,N/A
49533,89533,N/A
49534,89534,N/A
49535,89535,N/A
49536,89536,N/A
49537,89537,N/A
49538,89538,N/A
49539,89539,N/A
49540,89540,N/A
49541,89541,N/A
49542,89542,N/A
49543,89543,N/A
49544,89544,N/A
49545,89545,N/A
49546,89546,N/A
49547,89547,N/A
49548,89548,N/A
49549,89549,N/A
49550,89550,N/A
49551,89551,N/A
49552,89552,N/A
49553,89553,N/A
49554,89554,N/A
49555,89555,N/A
49556,89556,N/A
49557,89557,N/A
49558,89558,N/A
49559,89559,N/A
49560,89560,N/A
49561,89561,N/A
49562,89562,N/A
49563,89563,N/A
49564,89564,N/A
49565,89565,N/A
49566,89566,N/A
49567,89567,N/A
49568,89568,N/A
49569,89569,N/A
49570,89570,N/A
49571,89571,N/A
49572,89572,N/A
49573,89573,N/A
49574,89574,N/A
49575,89575,N/A
49576,89576,N/A
49577,89577,N/A
49578,89578,N/A
49579,89579,N/A
49580,89580,N/A
49581,89581,N/A
49582,89582,N/A
49583,89583,N/A
49584,89584,N/A
49585,89585,N/A
49586,89586,N/A
49587,89587,N/A
49588,89588,N/A
49589,89589,N/A
49590,89590,N/A
49591,89591,N/A
49592,89592,N/A
49593,89593,N/A
49594,89594,N/A
49595,89595,N/A
49596,89596,N/A
49597,89597,N/A
49598,89598,N/A
49599,89599,N/A
49600,89600,N/A
49601,89601,N/A
49602,89602,N/A
49603,89603,N/A
49604,89604,N/A
49605,89605,N/A
49606,89606,N/A
49607,89607,N/A
49608,89608,N/A
49609,89609,N/A
49610,89610,N/A
49611,89611,N/A
49612,89612,N/A
49613,89613,N/A
49614,89614,N/A
49615,89615,N/A
49616,89616,N/A
49617,89617,N/A
49618,89618,N/A
49619,89619,N/A
49620,89620,N/A
49621,89621,N/A
49622,89622,N/A
49623,89623,N/A
49624,89624,N/A
49625,89625,N/A
49626,89626,N/A
49627,89627,N/A
49628,89628,N/A
49629,89629,N/A
49630,89630,N/A
49631,89631,N/A
49632,89632,N/A
49633,89633,N/A
49634,89634,N/A
49635,89635,N/A
49636,89636,N/A
49637,89637,N/A
49638,89638,N/A
49639,89639,N/A
49640,89640,N/A
49641,89641,N/A
49642,89642,N/A
49643,89643,N/A
49644,89644,N/A
49645,89645,N/A
49646,89646,N/A
49647,89647,N/A
49648,89648,N/A
49649,89649,N/A
49650,89650,N/A
49651,89651,N/A
49652,89652,N/A
49653,89653,N/A
49654,89654,N/A
49655,89655,N/A
49656,89656,N/A
49657,89657,N/A
49658,89658,N/A
49659,89659,N/A
49660,89660,N/A
49661,89661,N/A
49662,89662,N/A
49663,89663,N/A
49664,89664,N/A
49665,89665,N/A
49666,89666,N/A
49667,89667,N/A
49668,89668,N/A
49669,89669,N/A
49670,89670,N/A
49671,89671,N/A
49672,89672,N/A
49673,89673,N/A
49674,89674,N/A
49675,89675,N/A
49676,89676,N/A
49677,89677,N/A
49678,89678,N/A
49679,89679,N/A
49680,89680,N/A
49681,89681,N/A
49682,89682,N/A
49683,89683,N/A
49684,89684,N/A
49685,89685,N/A
49686,89686,N/A
49687,89687,N/A
49688,89688,N/A
49689,89689,N/A
49690,89690,N/A
49691,89691,N/A
49692,89692,N/A
49693,89693,N/A
49694,89694,N/A
49695,89695,N/A
49696,89696,N/A
49697,89697,N/A
49698,89698,N/A
49699,89699,N/A
49700,89700,N/A
49701,89701,N/A
49702,89702,N/A
49703,89703,N/A
49704,89704,N/A
49705,89705,N/A
49706,89706,N/A
49707,89707,N/A
49708,89708,N/A
49709,89709,N/A
49710,89710,N/A
49711,89711,N/A
49712,89712,N/A
49713,89713,N/A
49714,89714,N/A
49715,89715,N/A
49716,89716,N/A
49717,89717,N/A
49718,89718,N/A
49719,89719,N/A
49720,89720,N/A
49721,89721,N/A
49722,89722,N/A
49723,89723,N/A
49724,89724,N/A
49725,89725,N/A
49726,89726,N/A
49727,89727,N/A
49728,89728,N/A
49729,89729,N/A
49730,89730,N/A
49731,89731,N/A
49732,89732,N/A
49733,89733,N/A
49734,89734,N/A
49735,89735,N/A
49736,89736,N/A
49737,89737,N/A
49738,89738,N/A
49739,89739,N/A
49740,89740,N/A
49741,89741,N/A
49742,89742,N/A
49743,89743,N/A
49744,89744,N/A
49745,89745,N/A
49746,89746,N/A
49747,89747,N/A
49748,89748,N/A
49749,89749,N/A
49750,89750,N/A
49751,89751,N/A
49752,89752,N/A
49753,89753,N/A
49754,89754,N/A
49755,89755,N/A
49756,89756,N/A
49757,89757,N/A
49758,89758,N/A
49759,89759,N/A
49760,89760,N/A
49761,89761,N/A
49762,89762,N/A
49763,89763,N/A
49764,89764,N/A
49765,89765,N/A
49766,89766,N/A
49767,89767,N/A
49768,89768,N/A
49769,89769,N/A
49770,89770,N/A
49771,89771,N/A
49772,89772,N/A
49773,89773,N/A
49774,89774,N/A
49775,89775,N/A
49776,89776,N/A
49777,89777,N/A
49778,89778,N/A
49779,89779,N/A
49780,89780,N/A
49781,89781,N/A
49782,89782,N/A
49783,89783,N/A
49784,89784,N/A
49785,89785,N/A
49786,89786,N/A
49787,89787,N/A
49788,89788,N/A
49789,89789,N/A
49790,89790,N/A
49791,89791,N/A
49792,89792,N/A
49793,89793,N/A
49794,89794,N/A
49795,89795,N/A
49796,89796,N/A
49797,89797,N/A
49798,89798,N/A
49799,89799,N/A
49800,89800,N/A
49801,89801,N/A
49802,89802,N/A
49803,89803,N/A
49804,89804,N/A
49805,89805,N/A
49806,89806,N/A
49807,89807,N/A
49808,89808,N/A
49809,89809,N/A
49810,89810,N/A
49811,89811,N/A
49812,89812,N/A
49813,89813,N/A
49814,89814,N/A
49815,89815,N/A
49816,89816,N/A
49817,89817,N/A
49818,89818,N/A
49819,89819,N/A
49820,89820,N/A
49821,89821,N/A
49822,89822,N/A
49823,89823,N/A
49824,89824,N/A
49825,89825,N/A
49826,89826,N/A
49827,89827,N/A
49828,89828,N/A
49829,89829,N/A
49830,89830,N/A
49831,89831,N/A
49832,89832,N/A
49833,89833,N/A
49834,89834,N/A
49835,89835,N/A
49836,89836,N/A
49837,89837,N/A
49838,89838,N/A
49839,89839,N/A
49840,89840,N/A
49841,89841,N/A
49842,89842,N/A
49843,89843,N/A
49844,89844,N/A
49845,89845,N/A
49846,89846,N/A
49847,89847,N/A
49848,89848,N/A
49849,89849,N/A
49850,89850,N/A
49851,89851,N/A
49852,89852,N/A
49853,89853,N/A
49854,89854,N/A
49855,89855,N/A
49856,89856,N/A
49857,89857,N/A
49858,89858,N/A
49859,89859,N/A
49860,89860,N/A
49861,89861,N/A
49862,89862,N/A
49863,89863,N/A
49864,89864,N/A
49865,89865,N/A
49866,89866,N/A
49867,89867,N/A
49868,89868,N/A
49869,89869,N/A
49870,89870,N/A
49871,89871,N/A
49872,89872,N/A
49873,89873,N/A
49874,89874,N/A
49875,89875,N/A
49876,89876,N/A
49877,89877,N/A
49878,89878,N/A
49879,89879,N/A
49880,89880,N/A
49881,89881,N/A
49882,89882,N/A
49883,89883,N/A
49884,89884,N/A
49885,89885,N/A
49886,89886,N/A
49887,89887,N/A
49888,89888,N/A
49889,89889,N/A
49890,89890,N/A
49891,89891,N/A
49892,89892,N/A
49893,89893,N/A
49894,89894,N/A
49895,89895,N/A
49896,89896,N/A
49897,89897,N/A
49898,89898,N/A
49899,89899,N/A
49900,89900,N/A
49901,89901,N/A
49902,89902,N/A
49903,89903,N/A
49904,89904,N/A
49905,89905,N/A
49906,89906,N/A
49907,89907,N/A
49908,89908,N/A
49909,89909,N/A
49910,89910,N/A
49911,89911,N/A
49912,89912,N/A
49913,89913,N/A
49914,89914,N/A
49915,89915,N/A
49916,89916,N/A
49917,89917,N/A
49918,89918,N/A
49919,89919,N/A
49920,89920,N/A
49921,89921,N/A
49922,89922,N/A
49923,89923,N/A
49924,89924,N/A
49925,89925,N/A
49926,89926,N/A
49927,89927,N/A
49928,89928,N/A
49929,89929,N/A
49930,89930,N/A
49931,89931,N/A
49932,89932,N/A
49933,89933,N/A
49934,89934,N/A
49935,89935,N/A
49936,89936,N/A
49937,89937,N/A
49938,89938,N/A
49939,89939,N/A
49940,89940,N/A
49941,89941,N/A
49942,89942,N/A
49943,89943,N/A
49944,89944,N/A
49945,89945,N/A
49946,89946,N/A
49947,89947,N/A
49948,89948,N/A
49949,89949,N/A
49950,89950,N/A
49951,89951,N/A
49952,89952,N/A
49953,89953,N/A
49954,89954,N/A
49955,89955,N/A
49956,89956,N/A
49957,89957,N/A
49958,89958,N/A
49959,89959,N/A
49960,89960,N/A
49961,89961,N/A
49962,89962,N/A
49963,89963,N/A
49964,89964,N/A
49965,89965,N/A
49966,89966,N/A
49967,89967,N/A
49968,89968,N/A
49969,89969,N/A
49970,89970,N/A
49971,89971,N/A
49972,89972,N/A
49973,89973,N/A
49974,89974,N/A
49975,89975,N/A
49976,89976,N/A
49977,89977,N/A
49978,89978,N/A
49979,89979,N/A
49980,89980,N/A
49981,89981,N/A
49982,89982,N/A
49983,89983,N/A
49984,89984,N/A
49985,89985,N/A
49986,89986,N/A
49987,89987,N/A
49988,89988,N/A
49989,89989,N/A
49990,89990,N/A
49991,89991,N/A
49992,89992,N/A
49993,89993,N/A
49994,89994,N/A
49995,89995,N/A
49996,89996,N/A
49997,89997,N/A
49998,89998,N/A
49999,89999,N/A
50000,90000,N/A
50001,90001,N/A
50002,90002,room_animexampletest
50003,90003,N/A
50004,90004,room_darkbulbTest
50005,90005,room_dw_fcastle_shadowplatformTest
